"Timestamp";"Vetronaviglio.5001118029#Energia attiva nel carico#kWh";"Vetronaviglio.5001118029#Potenza attiva#kW"
2026-08-01 00:05:00;724795,78;95,87177
2026-08-01 00:10:00;724803,77;98,30682
2026-08-01 00:15:00;724811,8;94,05542
2026-08-01 00:20:00;724819,84;90,75057
2026-08-01 00:25:00;724827,85;93,22269
2026-08-01 00:30:00;724835,83;88,42117
2026-08-01 00:35:00;724843,84;89,02187
2026-08-01 00:40:00;724851,86;87,93742
2026-08-01 00:45:00;724859,93;93,01069
2026-08-01 00:50:00;724867,95;97,53961
2026-08-01 00:55:00;724875,75;93,47773
2026-08-01 01:00:00;724883,57;97,46311
2026-08-01 01:05:00;724891,38;101,1598
2026-08-01 01:10:00;724899,31;99,22534
2026-08-01 01:15:00;724907,29;99,25103
2026-08-01 01:20:00;724915,28;101,85431
2026-08-01 01:25:00;724923,23;99,12224
2026-08-01 01:30:00;724931,18;98,83815
2026-08-01 01:35:00;724939,06;98,12312
2026-08-01 01:40:00;724946,99;101,70572
2026-08-01 01:45:00;724954,87;95,74861
2026-08-01 01:50:00;724962,92;94,10137
2026-08-01 01:55:00;724970,88;94,67494
2026-08-01 02:05:00;724986,09;94,07073
2026-08-01 02:10:00;724992,51;72,07691
2026-08-01 02:15:00;724998,81;55,47683
2026-08-01 02:20:00;725005,87;80,74276
2026-08-01 02:25:00;725012,92;87,32104
2026-08-01 02:30:00;725019,96;88,41379
2026-08-01 02:35:00;725026,95;88,58816
2026-08-01 02:40:00;725033,93;88,31001
2026-08-01 02:45:00;725040,91;88,73288
2026-08-01 02:50:00;725048,1;89,93032
2026-08-01 02:55:00;725055,12;86,35525
2026-08-01 03:00:00;725061,97;85,79809
2026-08-01 03:05:00;725068,94;84,48779
2026-08-01 03:10:00;725075,35;68,53054
2026-08-01 03:15:00;725081,32;73,50699
2026-08-01 03:20:00;725087,08;80,75348
2026-08-01 03:25:00;725092,85;80,96132
2026-08-01 03:30:00;725098,3;73,05369
2026-08-01 03:35:00;725103,35;66,00236
2026-08-01 03:40:00;725108,58;67,59776
2026-08-01 03:45:00;725113,73;64,30581
2026-08-01 03:50:00;725119,1;58,68395
2026-08-01 03:55:00;725124,18;51,60959
2026-08-01 04:00:00;725129,21;44,91192
2026-08-01 04:05:00;725134,36;61,46542
2026-08-01 04:10:00;725139,26;70,64683
2026-08-01 04:15:00;725144,39;70,61798
2026-08-01 04:20:00;725149,49;69,59261
2026-08-01 04:25:00;725154,97;72,94612
2026-08-01 04:30:00;725160,31;59,11622
2026-08-01 04:35:00;725165,42;42,31173
2026-08-01 04:40:00;725170,62;59,14846
2026-08-01 04:45:00;725175,45;71,92306
2026-08-01 04:50:00;725180,7;70,34411
2026-08-01 04:55:00;725185,84;67,79758
2026-08-01 05:00:00;725191,05;54,58008
2026-08-01 05:05:00;725196,1;53,11338
2026-08-01 05:10:00;725201,1;52,44451
2026-08-01 05:15:00;725206,19;70,26783
2026-08-01 05:20:00;725211,78;71,55407
2026-08-01 05:25:00;725217,81;73,06319
2026-08-01 05:30:00;725223,66;61,22187
2026-08-01 05:35:00;725229,21;60,73736
2026-08-01 05:40:00;725234,37;73,62738
2026-08-01 05:45:00;725239,21;49,57247
2026-08-01 05:50:00;725244,46;52,06668
2026-08-01 05:55:00;725248,55;31,0828
2026-08-01 06:00:00;725249,5;10,84987
2026-08-01 06:05:00;725250,39;10,90417
2026-08-01 06:10:00;725251,08;8,34054
2026-08-01 06:15:00;725251,64;4,80919
2026-08-01 06:20:00;725252,02;4,56434
2026-08-01 06:25:00;725252,41;4,80076
2026-08-01 06:30:00;725252,7;3,26279
2026-08-01 06:35:00;725252,98;3,32507
2026-08-01 06:40:00;725253,25;3,29317
2026-08-01 06:45:00;725253,56;3,66728
2026-08-01 06:50:00;725253,85;3,37473
2026-08-01 06:55:00;725254,13;3,32484
2026-08-01 07:00:00;725254,42;3,60559
2026-08-01 07:05:00;725254,73;3,74348
2026-08-01 07:10:00;725255,01;3,23493
2026-08-01 07:15:00;725255,29;3,35209
2026-08-01 07:20:00;725255,59;3,7408
2026-08-01 07:25:00;725255,89;3,36474
2026-08-01 07:30:00;725256,16;3,23419
2026-08-01 07:35:00;725256,44;3,27721
2026-08-01 07:40:00;725256,74;3,51495
2026-08-01 07:45:00;725257,01;3,16547
2026-08-01 07:50:00;725257,28;3,22805
2026-08-01 07:55:00;725257,56;3,56026
2026-08-01 08:00:00;725257,86;3,61194
2026-08-01 08:05:00;725258,13;3,13504
2026-08-01 08:10:00;725258,39;3,06946
2026-08-01 08:15:00;725258,68;3,48767
2026-08-01 08:20:00;725258,95;3,14332
2026-08-01 08:25:00;725259,22;3,19783
2026-08-01 08:30:00;725259,62;5,51113
2026-08-01 08:35:00;725260,09;5,59036
2026-08-01 08:40:00;725260,53;5,3397
2026-08-01 08:45:00;725263,67;27,7687
2026-08-01 08:50:00;725265,63;24,35762
2026-08-01 08:55:00;725267,56;17,47895
2026-08-01 09:00:00;725270,26;35,67968
2026-08-01 09:05:00;725273,54;35,81474
2026-08-01 09:10:00;725277,18;44,74695
2026-08-01 09:15:00;725280,9;39,77476
2026-08-01 09:20:00;725284,61;45,08652
2026-08-01 09:25:00;725288,33;38,35461
2026-08-01 09:30:00;725292,04;44,95662
2026-08-01 09:35:00;725295,75;38,32185
2026-08-01 09:40:00;725299,6;45,68417
2026-08-01 09:45:00;725303,26;33,82676
2026-08-01 09:50:00;725307,1;45,56843
2026-08-01 09:55:00;725310,77;33,87491
2026-08-01 10:00:00;725313,07;27,73546
2026-08-01 10:05:00;725315,35;27,05347
2026-08-01 10:10:00;725317,62;27,44838
2026-08-01 10:15:00;725319,95;28,10188
2026-08-01 10:20:00;725322,28;27,93146
2026-08-01 10:25:00;725324,6;27,9174
2026-08-01 10:30:00;725326,91;27,74302
2026-08-01 10:35:00;725329,27;28,14732
2026-08-01 10:40:00;725331,62;28,04639
2026-08-01 10:45:00;725333,95;27,9578
2026-08-01 10:50:00;725336,31;28,58959
2026-08-01 10:55:00;725338,7;28,67863
2026-08-01 11:00:00;725341,07;28,49588
2026-08-01 11:05:00;725343,45;28,59463
2026-08-01 11:10:00;725345,89;29,38915
2026-08-01 11:15:00;725348,32;28,93124
2026-08-01 11:20:00;725350,74;29,00092
2026-08-01 11:25:00;725352,83;27,26377
2026-08-01 11:30:00;725353,32;5,87444
2026-08-01 11:35:00;725353,79;5,47877
2026-08-01 11:40:00;725354,25;5,66705
2026-08-01 11:45:00;725354,74;5,96548
2026-08-01 11:50:00;725355,42;7,97445
2026-08-01 11:55:00;725355,84;3,88607
2026-08-01 12:00:00;725356,11;3,57866
2026-08-01 12:05:00;725356,42;3,64408
2026-08-01 12:10:00;725356,68;3,04991
2026-08-01 12:15:00;725356,94;3,07325
2026-08-01 12:20:00;725357,23;3,5166
2026-08-01 12:25:00;725357,51;3,13486
2026-08-01 12:30:00;725357,77;3,16912
2026-08-01 12:35:00;725358,04;3,4792
2026-08-01 12:40:00;725358,33;3,50564
2026-08-01 12:45:00;725358,61;3,26365
2026-08-01 12:50:00;725358,87;3,17111
2026-08-01 12:55:00;725359,17;3,5288
2026-08-01 13:00:00;725359,46;3,19718
2026-08-01 13:05:00;725359,72;3,16006
2026-08-01 13:10:00;725360;3,61017
2026-08-01 13:15:00;725360,3;3,60793
2026-08-01 13:20:00;725360,58;3,28277
2026-08-01 13:25:00;725360,86;3,2603
2026-08-01 13:30:00;725361,16;3,72031
2026-08-01 13:35:00;725361,46;3,26618
2026-08-01 13:40:00;725361,72;3,26152
2026-08-01 13:45:00;725362;3,52864
2026-08-01 13:50:00;725362,3;3,509
2026-08-01 13:55:00;725362,57;3,24829
2026-08-01 14:00:00;725362,84;3,26375
2026-08-01 14:05:00;725363,15;3,56934
2026-08-01 14:10:00;725363,44;3,38667
2026-08-01 14:15:00;725363,72;3,25243
2026-08-01 14:20:00;725364;3,73999
2026-08-01 14:25:00;725364,31;3,64242
2026-08-01 14:30:00;725364,59;3,27127
2026-08-01 14:35:00;725364,86;3,27525
2026-08-01 14:40:00;725365,16;3,58603
2026-08-01 14:45:00;725365,45;3,55262
2026-08-01 14:50:00;725365,72;3,25987
2026-08-01 14:55:00;725365,99;3,19401
2026-08-01 15:00:00;725366,25;3,12506
2026-08-01 15:05:00;725366,53;3,38647
2026-08-01 15:10:00;725366,8;3,32243
2026-08-01 15:15:00;725367,09;3,34218
2026-08-01 15:20:00;725367,39;3,6618
2026-08-01 15:25:00;725367,7;3,71457
2026-08-01 15:30:00;725368;3,63561
2026-08-01 15:35:00;725368,28;3,18912
2026-08-01 15:40:00;725368,55;3,14336
2026-08-01 15:45:00;725368,85;3,71014
2026-08-01 15:50:00;725369,14;3,52519
2026-08-01 15:55:00;725369,42;3,24944
2026-08-01 16:00:00;725369,71;3,69879
2026-08-01 16:05:00;725370,02;3,68998
2026-08-01 16:10:00;725370,3;3,24946
2026-08-01 16:15:00;725370,57;3,31266
2026-08-01 16:20:00;725370,87;3,59265
2026-08-01 16:25:00;725371,18;3,65059
2026-08-01 16:30:00;725371,44;3,24765
2026-08-01 16:35:00;725371,73;3,61837
2026-08-01 16:40:00;725372,03;3,56655
2026-08-01 16:45:00;725372,31;3,1828
2026-08-01 16:50:00;725372,57;3,19232
2026-08-01 16:55:00;725372,87;3,77261
2026-08-01 17:00:00;725373,18;3,71623
2026-08-01 17:05:00;725373,47;3,39818
2026-08-01 17:10:00;725373,76;3,39355
2026-08-01 17:15:00;725374,07;3,79957
2026-08-01 17:20:00;725374,36;3,2326
2026-08-01 17:25:00;725374,63;3,30272
2026-08-01 17:30:00;725374,92;3,69245
2026-08-01 17:35:00;725375,23;3,74823
2026-08-01 17:40:00;725375,51;3,34575
2026-08-01 17:45:00;725375,79;3,29464
2026-08-01 17:50:00;725376,1;3,71981
2026-08-01 17:55:00;725376,4;3,25234
2026-08-01 18:00:00;725376,68;3,4096
2026-08-01 18:05:00;725376,98;3,7281
2026-08-01 18:10:00;725377,29;3,77983
2026-08-01 18:15:00;725377,58;3,31114
2026-08-01 18:20:00;725377,85;3,31869
2026-08-01 18:25:00;725378,16;3,69423
2026-08-01 18:30:00;725378,46;3,54986
2026-08-01 18:35:00;725378,73;3,29483
2026-08-01 18:40:00;725379,01;3,64765
2026-08-01 18:45:00;725379,33;3,92043
2026-08-01 18:50:00;725379,63;3,47711
2026-08-01 18:55:00;725379,93;3,58163
2026-08-01 19:00:00;725380,25;3,938
2026-08-01 19:05:00;725380,57;3,86765
2026-08-01 19:10:00;725380,86;3,39068
2026-08-01 19:15:00;725381,15;3,61324
2026-08-01 19:20:00;725381,46;3,867
2026-08-01 19:25:00;725381,76;3,37901
2026-08-01 19:30:00;725382,05;3,36517
2026-08-01 19:35:00;725382,35;3,86253
2026-08-01 19:40:00;725382,66;3,721
2026-08-01 19:45:00;725382,95;3,37493
2026-08-01 19:50:00;725383,34;6,108
2026-08-01 19:55:00;725383,83;5,8138
2026-08-01 20:00:00;725384,31;5,73397
2026-08-01 20:05:00;725384,76;5,36673
2026-08-01 20:10:00;725385,21;5,59053
2026-08-01 20:15:00;725385,68;5,49917
2026-08-01 20:20:00;725386,12;5,26029
2026-08-01 20:25:00;725386,55;5,16993
2026-08-01 20:30:00;725387;5,45554
2026-08-01 20:35:00;725387,46;5,59375
2026-08-01 20:40:00;725387,9;5,15161
2026-08-01 20:45:00;725388,35;5,49441
2026-08-01 20:50:00;725388,94;7,04171
2026-08-01 20:55:00;725389,5;6,46039
2026-08-01 21:00:00;725390,05;6,58281
2026-08-01 21:05:00;725390,6;6,64973
2026-08-01 21:10:00;725391,14;6,53972
2026-08-01 21:15:00;725391,69;6,57102
2026-08-01 21:20:00;725392,28;6,97588
2026-08-01 21:25:00;725392,86;7,02209
2026-08-01 21:30:00;725393,44;6,97873
2026-08-01 21:35:00;725393,99;6,52461
2026-08-01 21:40:00;725394,55;6,81423
2026-08-01 21:45:00;725395,14;6,98683
2026-08-01 21:50:00;725395,59;4,88906
2026-08-01 21:55:00;725396;4,82185
2026-08-01 22:00:00;725396,41;5,05497
2026-08-01 22:05:00;725396,83;5,0588
2026-08-01 22:10:00;725397,22;4,61229
2026-08-01 22:15:00;725397,61;4,65464
2026-08-01 22:20:00;725398,02;4,99184
2026-08-01 22:25:00;725398,43;4,98897
2026-08-01 22:30:00;725398,82;4,63188
2026-08-01 22:35:00;725399,22;4,86085
2026-08-01 22:40:00;725399,65;5,19204
2026-08-01 22:45:00;725400,06;4,70595
2026-08-01 22:50:00;725400,44;4,6065
2026-08-01 22:55:00;725400,86;5,13234
2026-08-01 23:00:00;725401,28;4,98416
2026-08-01 23:05:00;725401,68;4,79819
2026-08-01 23:10:00;725402,08;4,76203
2026-08-01 23:15:00;725402,49;5,03815
2026-08-01 23:20:00;725402,92;5,06005
2026-08-01 23:25:00;725403,3;4,58186
2026-08-01 23:30:00;725403,7;4,92408
2026-08-01 23:35:00;725404,13;5,12522
2026-08-01 23:40:00;725404,54;4,87675
2026-08-01 23:45:00;725404,94;4,74133
2026-08-01 23:50:00;725405,36;5,19591
2026-08-01 23:55:00;725405,79;5,0684
2026-08-02 00:05:00;725406,57;4,69637
2026-08-02 00:10:00;725406,98;4,99597
2026-08-02 00:15:00;725407,39;4,82448
2026-08-02 00:20:00;725407,78;4,62647
2026-08-02 00:25:00;725408,19;5,0784
2026-08-02 00:30:00;725408,61;5,10532
2026-08-02 00:35:00;725409,02;4,77291
2026-08-02 00:40:00;725409,4;4,65049
2026-08-02 00:45:00;725409,82;5,10532
2026-08-02 00:50:00;725410,24;4,98289
2026-08-02 00:55:00;725410,63;4,7426
2026-08-02 01:00:00;725411,02;4,64485
2026-08-02 01:05:00;725411,45;5,17925
2026-08-02 01:10:00;725411,87;4,68236
2026-08-02 01:15:00;725412,26;4,65168
2026-08-02 01:20:00;725412,66;5,20783
2026-08-02 01:25:00;725413,09;5,16075
2026-08-02 01:30:00;725413,5;4,76674
2026-08-02 01:35:00;725413,89;4,78538
2026-08-02 01:40:00;725414,32;5,10831
2026-08-02 01:45:00;725414,73;4,96668
2026-08-02 01:50:00;725415,12;4,59514
2026-08-02 01:55:00;725415,51;4,64979
2026-08-02 02:00:00;725415,92;4,97094
2026-08-02 02:05:00;725416,32;4,616
2026-08-02 02:10:00;725416,71;4,61188
2026-08-02 02:15:00;725417,11;5,02998
2026-08-02 02:20:00;725417,54;5,0729
2026-08-02 02:25:00;725417,93;4,60695
2026-08-02 02:30:00;725418,32;4,7704
2026-08-02 02:35:00;725418,74;5,1187
2026-08-02 02:40:00;725419,16;4,99433
2026-08-02 02:45:00;725419,55;4,63685
2026-08-02 02:50:00;725419,96;4,92379
2026-08-02 02:55:00;725420,37;4,67975
2026-08-02 03:00:00;725420,76;4,59116
2026-08-02 03:05:00;725421,14;4,63376
2026-08-02 03:10:00;725421,53;4,73821
2026-08-02 03:15:00;725421,92;4,6726
2026-08-02 03:20:00;725422,35;5,223
2026-08-02 03:25:00;725422,78;5,06188
2026-08-02 03:30:00;725423,21;5,18338
2026-08-02 03:35:00;725423,61;4,61405
2026-08-02 03:40:00;725424;4,65443
2026-08-02 03:45:00;725424,42;5,04743
2026-08-02 03:50:00;725424,84;5,07275
2026-08-02 03:55:00;725425,22;4,68604
2026-08-02 04:00:00;725425,63;5,05025
2026-08-02 04:05:00;725426,06;5,15182
2026-08-02 04:10:00;725426,47;4,76477
2026-08-02 04:15:00;725426,87;4,64249
2026-08-02 04:20:00;725427,28;5,26144
2026-08-02 04:25:00;725427,7;5,09377
2026-08-02 04:30:00;725428,1;4,63661
2026-08-02 04:35:00;725428,48;4,69817
2026-08-02 04:40:00;725428,9;5,04512
2026-08-02 04:50:00;725429,71;4,65905
2026-08-02 04:55:00;725430,09;4,69859
2026-08-02 05:05:00;725430,92;4,72082
2026-08-02 05:10:00;725431,31;4,76301
2026-08-02 05:15:00;725431,72;5,05924
2026-08-02 05:20:00;725432,15;5,13963
2026-08-02 05:25:00;725432,53;4,57867
2026-08-02 05:30:00;725432,92;4,53103
2026-08-02 05:35:00;725433,32;4,96665
2026-08-02 05:40:00;725433,73;4,70589
2026-08-02 05:50:00;725434,85;5,18759
2026-08-02 05:55:00;725435,27;4,98923
2026-08-02 06:05:00;725436,05;4,61314
2026-08-02 06:10:00;725436,46;4,96136
2026-08-02 06:15:00;725436,87;4,91418
2026-08-02 06:20:00;725437,25;4,56627
2026-08-02 06:25:00;725437,63;4,58468
2026-08-02 06:30:00;725437,98;3,59577
2026-08-02 06:35:00;725438,27;3,35822
2026-08-02 06:40:00;725438,54;3,1509
2026-08-02 06:45:00;725438,83;3,74791
2026-08-02 06:50:00;725439,14;3,68417
2026-08-02 06:55:00;725439,42;3,35744
2026-08-02 07:00:00;725439,7;3,35662
2026-08-02 07:05:00;725440,01;3,85425
2026-08-02 07:10:00;725440,31;3,47397
2026-08-02 07:15:00;725440,59;3,22244
2026-08-02 07:20:00;725440,86;3,50595
2026-08-02 07:25:00;725441,17;3,69299
2026-08-02 07:30:00;725441,45;3,16041
2026-08-02 07:35:00;725441,72;3,33316
2026-08-02 07:40:00;725442,01;3,64109
2026-08-02 07:45:00;725442,32;3,72481
2026-08-02 07:50:00;725442,59;3,19453
2026-08-02 07:55:00;725442,87;3,29468
2026-08-02 08:05:00;725443,46;3,21412
2026-08-02 08:10:00;725443,73;3,18042
2026-08-02 08:15:00;725444,01;3,69766
2026-08-02 08:20:00;725444,31;3,54833
2026-08-02 08:25:00;725444,59;3,22675
2026-08-02 08:35:00;725445,16;3,66656
2026-08-02 08:40:00;725445,45;3,43459
2026-08-02 08:45:00;725445,73;3,23874
2026-08-02 08:50:00;725445,99;3,36554
2026-08-02 08:55:00;725446,28;3,19167
2026-08-02 09:05:00;725446,78;2,98991
2026-08-02 09:10:00;725447,03;2,93402
2026-08-02 09:15:00;725447,29;3,06527
2026-08-02 09:20:00;725447,57;3,42393
2026-08-02 09:25:00;725447,86;3,51608
2026-08-02 09:35:00;725448,42;3,12752
2026-08-02 09:40:00;725448,68;2,99567
2026-08-02 09:50:00;725449,25;3,03843
2026-08-02 09:55:00;725449,5;3,1057
2026-08-02 10:05:00;725450,05;3,47
2026-08-02 10:10:00;725450,32;3,06111
2026-08-02 10:15:00;725450,57;3,01252
2026-08-02 10:20:00;725450,86;3,38023
2026-08-02 10:25:00;725451,14;3,45029
2026-08-02 10:30:00;725451,39;3,06929
2026-08-02 10:35:00;725451,65;3,18088
2026-08-02 10:40:00;725451,94;3,54386
2026-08-02 10:50:00;725452,47;2,98817
2026-08-02 10:55:00;725452,73;3,37566
2026-08-02 11:05:00;725453,26;2,94437
2026-08-02 11:10:00;725453,51;2,97724
2026-08-02 11:15:00;725453,79;3,32761
2026-08-02 11:20:00;725454,07;3,13728
2026-08-02 11:25:00;725454,32;3,07579
2026-08-02 11:35:00;725454,88;3,43344
2026-08-02 11:40:00;725455,14;3,01115
2026-08-02 11:45:00;725455,4;2,9422
2026-08-02 11:50:00;725455,67;3,5734
2026-08-02 11:55:00;725455,96;3,41234
2026-08-02 12:00:00;725456,21;2,9932
2026-08-02 12:05:00;725456,48;3,23775
2026-08-02 12:10:00;725456,76;3,45884
2026-08-02 12:20:00;725457,29;3,08464
2026-08-02 12:25:00;725457,57;3,49895
2026-08-02 12:30:00;725457,87;3,47043
2026-08-02 12:35:00;725458,13;3,1651
2026-08-02 12:40:00;725458,38;3,0496
2026-08-02 12:45:00;725458,67;3,52925
2026-08-02 12:50:00;725458,95;3,14225
2026-08-02 12:55:00;725459,2;3,03871
2026-08-02 13:05:00;725459,76;3,6459
2026-08-02 13:10:00;725460,04;3,16483
2026-08-02 13:15:00;725460,3;3,21637
2026-08-02 13:20:00;725460,59;3,52886
2026-08-02 13:25:00;725460,88;3,45205
2026-08-02 13:35:00;725461,4;3,05492
2026-08-02 13:40:00;725461,69;3,61315
2026-08-02 13:50:00;725462,57;5,37877
2026-08-02 13:55:00;725462,85;3,59874
2026-08-02 14:00:00;725463,15;3,62387
2026-08-02 14:05:00;725463,42;3,17628
2026-08-02 14:10:00;725463,69;3,22451
2026-08-02 14:15:00;725463,98;3,51987
2026-08-02 14:20:00;725464,28;3,64012
2026-08-02 14:25:00;725464,56;3,35775
2026-08-02 14:30:00;725464,83;3,40333
2026-08-02 14:35:00;725465,14;3,6058
2026-08-02 14:40:00;725465,42;3,24736
2026-08-02 14:45:00;725465,69;3,22434
2026-08-02 14:50:00;725465,98;3,63256
2026-08-02 14:55:00;725466,28;3,48102
2026-08-02 15:00:00;725466,56;3,32443
2026-08-02 15:05:00;725466,84;3,37817
2026-08-02 15:10:00;725467,12;3,24846
2026-08-02 15:15:00;725467,4;3,35367
2026-08-02 15:20:00;725467,71;3,65956
2026-08-02 15:25:00;725468;3,63681
2026-08-02 15:30:00;725468,31;3,56595
2026-08-02 15:35:00;725468,58;3,38175
2026-08-02 15:40:00;725468,87;3,68221
2026-08-02 15:45:00;725469,18;3,6138
2026-08-02 15:50:00;725469,47;3,39435
2026-08-02 15:55:00;725469,75;3,23355
2026-08-02 16:05:00;725470,36;3,77483
2026-08-02 16:10:00;725470,64;3,35657
2026-08-02 16:15:00;725470,92;3,27416
2026-08-02 16:20:00;725471,22;3,75126
2026-08-02 16:25:00;725471,52;3,32992
2026-08-02 16:30:00;725471,79;3,10743
2026-08-02 16:35:00;725472,07;3,6487
2026-08-02 16:40:00;725472,37;3,50948
2026-08-02 16:45:00;725472,66;3,39492
2026-08-02 16:50:00;725472,94;3,37484
2026-08-02 16:55:00;725473,23;3,63673
2026-08-02 17:00:00;725473,55;3,74485
2026-08-02 17:05:00;725473,82;3,27924
2026-08-02 17:10:00;725474,1;3,25396
2026-08-02 17:15:00;725474,4;3,62839
2026-08-02 17:20:00;725474,7;3,29598
2026-08-02 17:25:00;725474,98;3,31856
2026-08-02 17:30:00;725475,27;3,80125
2026-08-02 17:35:00;725475,58;3,82941
2026-08-02 17:40:00;725475,87;3,3112
2026-08-02 17:45:00;725476,15;3,4193
2026-08-02 17:50:00;725476,45;3,68477
2026-08-02 17:55:00;725476,76;3,67468
2026-08-02 18:05:00;725477,32;3,32987
2026-08-02 18:10:00;725477,63;3,75346
2026-08-02 18:15:00;725477,93;3,33128
2026-08-02 18:20:00;725478,2;3,1594
2026-08-02 18:25:00;725478,48;3,66887
2026-08-02 18:30:00;725478,79;3,76937
2026-08-02 18:35:00;725479,08;3,31239
2026-08-02 18:40:00;725479,36;3,37278
2026-08-02 18:45:00;725479,68;4,04413
2026-08-02 18:50:00;725480;3,89262
2026-08-02 18:55:00;725480,3;3,45341
2026-08-02 19:00:00;725480,59;3,58931
2026-08-02 19:05:00;725480,9;3,69544
2026-08-02 19:10:00;725481,21;3,39628
2026-08-02 19:15:00;725481,5;3,49746
2026-08-02 19:20:00;725481,81;3,90876
2026-08-02 19:25:00;725482,12;3,85092
2026-08-02 19:30:00;725482,42;3,49925
2026-08-02 19:35:00;725482,71;3,39544
2026-08-02 19:40:00;725483,02;3,76846
2026-08-02 19:45:00;725483,33;3,68415
2026-08-02 19:50:00;725483,62;3,49761
2026-08-02 19:55:00;725483,91;3,61223
2026-08-02 20:05:00;725484,53;3,29625
2026-08-02 20:10:00;725484,81;3,44029
2026-08-02 20:15:00;725485,1;3,71692
2026-08-02 20:20:00;725485,41;3,62873
2026-08-02 20:25:00;725485,71;3,50996
2026-08-02 20:30:00;725485,99;3,427
2026-08-02 20:35:00;725486,31;3,81736
2026-08-02 20:40:00;725486,62;3,8727
2026-08-02 20:45:00;725487,02;4,74064
2026-08-02 20:50:00;725487,42;4,80956
2026-08-02 20:55:00;725487,83;4,86629
2026-08-02 21:00:00;725488,23;4,71731
2026-08-02 21:05:00;725488,62;4,62327
2026-08-02 21:10:00;725489,02;4,76481
2026-08-02 21:15:00;725489,41;4,66561
2026-08-02 21:20:00;725489,84;5,17639
2026-08-02 21:25:00;725490,27;5,14084
2026-08-02 21:30:00;725490,69;5,02473
2026-08-02 21:35:00;725491,1;4,72882
2026-08-02 21:40:00;725491,49;4,76046
2026-08-02 21:45:00;725491,95;6,41945
2026-08-02 21:50:00;725492,58;7,38616
2026-08-02 21:55:00;725493,05;4,69411
2026-08-02 22:05:00;725493,87;5,16999
2026-08-02 22:10:00;725494,28;4,5649
2026-08-02 22:15:00;725494,67;4,72286
2026-08-02 22:20:00;725495,09;5,19167
2026-08-02 22:25:00;725495,52;5,22076
2026-08-02 22:30:00;725495,93;4,8694
2026-08-02 22:35:00;725496,33;4,77918
2026-08-02 22:40:00;725496,75;5,16646
2026-08-02 22:45:00;725497,18;5,00504
2026-08-02 22:50:00;725497,57;4,75315
2026-08-02 22:55:00;725497,97;4,68703
2026-08-02 23:00:00;725498,4;5,23411
2026-08-02 23:05:00;725498,82;4,82046
2026-08-02 23:10:00;725499,22;4,73111
2026-08-02 23:15:00;725499,63;5,24743
2026-08-02 23:20:00;725500,06;5,088
2026-08-02 23:25:00;725500,47;4,82293
2026-08-02 23:30:00;725500,87;4,77782
2026-08-02 23:35:00;725501,29;5,09012
2026-08-02 23:40:00;725501,71;4,99635
2026-08-02 23:45:00;725502,11;4,74641
2026-08-02 23:50:00;725502,49;4,64073
2026-08-02 23:55:00;725502,91;5,03879
2026-08-03 00:10:00;725504,12;5,22054
2026-08-03 00:15:00;725504,55;5,09664
2026-08-03 00:20:00;725504,96;4,74744
2026-08-03 00:25:00;725505,36;4,73482
2026-08-03 00:30:00;725505,77;5,08443
2026-08-03 00:35:00;725506,19;4,96039
2026-08-03 00:40:00;725506,58;4,69117
2026-08-03 00:45:00;725506,97;4,62303
2026-08-03 00:50:00;725507,39;5,08358
2026-08-03 00:55:00;725507,8;4,74564
2026-08-03 01:00:00;725508,19;4,71437
2026-08-03 01:05:00;725508,6;5,0595
2026-08-03 01:10:00;725509,01;5,0084
2026-08-03 01:15:00;725509,41;4,63096
2026-08-03 01:20:00;725509,8;4,63612
2026-08-03 01:25:00;725510,22;5,12175
2026-08-03 01:30:00;725510,64;4,92679
2026-08-03 01:35:00;725511,03;4,76537
2026-08-03 01:40:00;725511,41;4,73126
2026-08-03 01:45:00;725511,83;4,9621
2026-08-03 01:50:00;725512,23;4,55294
2026-08-03 01:55:00;725512,61;4,63695
2026-08-03 02:05:00;725513,45;5,19624
2026-08-03 02:10:00;725513,84;4,64187
2026-08-03 02:15:00;725514,23;4,67156
2026-08-03 02:20:00;725514,65;4,90555
2026-08-03 02:25:00;725515,05;4,68348
2026-08-03 02:30:00;725515,44;4,69902
2026-08-03 02:35:00;725515,83;5,12803
2026-08-03 02:40:00;725516,26;5,09678
2026-08-03 02:45:00;725516,67;4,75125
2026-08-03 02:50:00;725517,07;4,74542
2026-08-03 02:55:00;725517,47;4,74028
2026-08-03 03:00:00;725517,87;4,8286
2026-08-03 03:05:00;725518,26;4,73962
2026-08-03 03:10:00;725518,66;4,73715
2026-08-03 03:15:00;725519,05;4,67759
2026-08-03 03:20:00;725519,48;5,11437
2026-08-03 03:25:00;725519,9;5,0864
2026-08-03 03:30:00;725520,33;5,04579
2026-08-03 03:35:00;725520,73;4,6311
2026-08-03 03:40:00;725521,12;4,77605
2026-08-03 03:45:00;725521,53;5,07992
2026-08-03 03:50:00;725521,97;5,19182
2026-08-03 03:55:00;725522,37;4,77222
2026-08-03 04:05:00;725523,2;5,07199
2026-08-03 04:10:00;725523,61;4,75015
2026-08-03 04:15:00;725524;4,63467
2026-08-03 04:20:00;725524,4;5,15953
2026-08-03 04:25:00;725524,82;4,97431
2026-08-03 04:30:00;725525,23;4,68939
2026-08-03 04:35:00;725525,62;4,72376
2026-08-03 04:40:00;725526,04;5,18683
2026-08-03 04:45:00;725526,47;5,07403
2026-08-03 04:50:00;725526,86;4,84679
2026-08-03 04:55:00;725527,25;4,76223
2026-08-03 05:00:00;725527,68;5,02668
2026-08-03 05:05:00;725528,08;4,64049
2026-08-03 05:10:00;725528,48;4,67027
2026-08-03 05:15:00;725528,88;5,11822
2026-08-03 05:20:00;725529,3;5,0673
2026-08-03 05:25:00;725529,69;4,51711
2026-08-03 05:30:00;725530,08;4,69538
2026-08-03 05:35:00;725530,49;4,92943
2026-08-03 05:40:00;725530,91;4,80553
2026-08-03 05:45:00;725531,29;4,7065
2026-08-03 05:50:00;725531,86;7,33443
2026-08-03 05:55:00;725532,43;6,02745
2026-08-03 06:05:00;725533,21;4,48576
2026-08-03 06:10:00;725536,84;108,66434
2026-08-03 06:15:00;725539,71;34,75253
2026-08-03 06:20:00;725544,75;58,09227
2026-08-03 06:25:00;725549,57;71,28488
2026-08-03 06:30:00;725554,44;60,65898
2026-08-03 06:35:00;725558,93;52,96295
2026-08-03 06:40:00;725562,57;39,7159
2026-08-03 06:45:00;725566,05;33,69743
2026-08-03 06:50:00;725569,77;54,47647
2026-08-03 06:55:00;725573,11;39,34201
2026-08-03 07:00:00;725577,1;51,24605
2026-08-03 07:05:00;725582,1;71,89582
2026-08-03 07:10:00;725589,22;81,06806
2026-08-03 07:15:00;725597,66;105,82081
2026-08-03 07:20:00;725605,84;96,16035
2026-08-03 07:25:00;725613,22;92,6561
2026-08-03 07:30:00;725620,81;86,77674
2026-08-03 07:35:00;725628,51;90,27631
2026-08-03 07:40:00;725635,99;92,73679
2026-08-03 07:45:00;725643,58;93,74348
2026-08-03 07:50:00;725651,43;86,85669
2026-08-03 07:55:00;725659,16;94,77685
2026-08-03 08:05:00;725675,31;99,58506
2026-08-03 08:10:00;725683,58;94,91377
2026-08-03 08:15:00;725691,55;95,89131
2026-08-03 08:20:00;725699,6;95,56198
2026-08-03 08:25:00;725707,6;96,01631
2026-08-03 08:30:00;725715,62;98,4617
2026-08-03 08:35:00;725723,9;100,26816
2026-08-03 08:40:00;725732,23;99,41884
2026-08-03 08:45:00;725740,84;104,83762
2026-08-03 08:50:00;725749,91;108,01323
2026-08-03 08:55:00;725759,12;111,13952
2026-08-03 09:00:00;725768,67;117,85069
2026-08-03 09:05:00;725778,31;114,22151
2026-08-03 09:10:00;725787,6;104,15172
2026-08-03 09:15:00;725796,26;108,37377
2026-08-03 09:20:00;725805,34;106,81553
2026-08-03 09:25:00;725813,63;105,02144
2026-08-03 09:30:00;725822,26;114,06095
2026-08-03 09:35:00;725831,48;114,43775
2026-08-03 09:40:00;725840,83;114,60797
2026-08-03 09:45:00;725850,1;114,26171
2026-08-03 09:50:00;725861,85;91,7544
2026-08-03 09:55:00;725870,22;93,87015
2026-08-03 10:00:00;725878,66;89,17475
2026-08-03 10:05:00;725887,04;105,93879
2026-08-03 10:10:00;725895,16;103,742
2026-08-03 10:15:00;725903,24;105,32616
2026-08-03 10:20:00;725911,27;104,58822
2026-08-03 10:25:00;725919,22;105,8576
2026-08-03 10:30:00;725927,44;99,96717
2026-08-03 10:35:00;725935,39;91,94643
2026-08-03 10:40:00;725943,83;85,19536
2026-08-03 10:45:00;725953,98;120,31855
2026-08-03 10:50:00;725964,12;118,80778
2026-08-03 10:55:00;725973,55;116,13273
2026-08-03 11:00:00;725983,04;117,66155
2026-08-03 11:05:00;725992,64;111,11212
2026-08-03 11:10:00;726002,52;113,11093
2026-08-03 11:15:00;726012,35;111,16301
2026-08-03 11:20:00;726022,28;120,1579
2026-08-03 11:25:00;726032,3;121,91219
2026-08-03 11:30:00;726042,43;126,45219
2026-08-03 11:35:00;726051,96;113,30627
2026-08-03 11:40:00;726062,34;126,59608
2026-08-03 11:45:00;726071,8;116,03755
2026-08-03 11:50:00;726082,52;133,59135
2026-08-03 11:55:00;726093,39;131,73032
2026-08-03 12:00:00;726103,61;106,16834
2026-08-03 12:05:00;726113,26;120,84901
2026-08-03 12:10:00;726123,03;114,37968
2026-08-03 12:15:00;726132,6;121,89193
2026-08-03 12:20:00;726142,15;117,98107
2026-08-03 12:25:00;726152,48;128,07128
2026-08-03 12:30:00;726162,78;120,74121
2026-08-03 12:35:00;726173,46;125,48775
2026-08-03 12:40:00;726184,35;128,27023
2026-08-03 12:45:00;726195,17;131,8428
2026-08-03 12:50:00;726205,84;128,20238
2026-08-03 12:55:00;726215,48;115,97469
2026-08-03 13:00:00;726224,51;104,70147
2026-08-03 13:05:00;726233,41;106,58029
2026-08-03 13:10:00;726241,77;114,23407
2026-08-03 13:15:00;726249,68;90,24187
2026-08-03 13:20:00;726257,23;105,91345
2026-08-03 13:25:00;726265,14;89,35649
2026-08-03 13:30:00;726272,85;86,04766
2026-08-03 13:35:00;726280,77;90,41608
2026-08-03 13:40:00;726288,33;102,13858
2026-08-03 13:45:00;726295,93;107,21418
2026-08-03 13:50:00;726303,79;91,18947
2026-08-03 13:55:00;726312,52;111,12081
2026-08-03 14:00:00;726321,69;107,00374
2026-08-03 14:05:00;726330,58;111,09567
2026-08-03 14:10:00;726339,79;107,2734
2026-08-03 14:15:00;726349,05;115,95431
2026-08-03 14:20:00;726358,18;114,78107
2026-08-03 14:25:00;726367,75;118,29761
2026-08-03 14:30:00;726377,11;113,87981
2026-08-03 14:35:00;726386,34;106,80512
2026-08-03 14:40:00;726395,75;112,08856
2026-08-03 14:45:00;726405,12;117,72363
2026-08-03 14:50:00;726414,48;114,39065
2026-08-03 14:55:00;726423,7;113,31185
2026-08-03 15:00:00;726433,05;111,11736
2026-08-03 15:05:00;726443,12;129,50406
2026-08-03 15:10:00;726453,61;115,24236
2026-08-03 15:15:00;726464,1;124,30205
2026-08-03 15:20:00;726473,7;119,53385
2026-08-03 15:25:00;726483,37;117,19921
2026-08-03 15:30:00;726493,19;115,63165
2026-08-03 15:35:00;726503,19;122,83936
2026-08-03 15:40:00;726512,79;115,28319
2026-08-03 15:45:00;726522,48;115,13652
2026-08-03 15:50:00;726532,35;118,43975
2026-08-03 15:55:00;726542,01;117,16306
2026-08-03 16:00:00;726551,8;115,54673
2026-08-03 16:05:00;726561,98;122,44719
2026-08-03 16:10:00;726572,97;135,49644
2026-08-03 16:15:00;726583,45;115,93624
2026-08-03 16:20:00;726594,03;126,42874
2026-08-03 16:25:00;726604,29;126,36295
2026-08-03 16:30:00;726614,09;116,80133
2026-08-03 16:35:00;726624,48;132,52204
2026-08-03 16:40:00;726634,83;111,60236
2026-08-03 16:45:00;726645,14;128,13968
2026-08-03 16:50:00;726656,3;136,57795
2026-08-03 16:55:00;726667,41;131,55102
2026-08-03 17:00:00;726678,8;138,40143
2026-08-03 17:05:00;726690,34;139,6282
2026-08-03 17:10:00;726701,82;136,15588
2026-08-03 17:15:00;726713,51;138,37359
2026-08-03 17:20:00;726725,3;144,20601
2026-08-03 17:25:00;726736,92;140,72102
2026-08-03 17:30:00;726748,31;132,8617
2026-08-03 17:35:00;726759,71;137,62947
2026-08-03 17:40:00;726770,87;135,99833
2026-08-03 17:45:00;726782,06;131,62472
2026-08-03 17:50:00;726793,34;138,14214
2026-08-03 17:55:00;726804,51;134,64231
2026-08-03 18:00:00;726815,53;128,79224
2026-08-03 18:05:00;726826,26;131,5518
2026-08-03 18:10:00;726836,89;124,72442
2026-08-03 18:15:00;726847,72;127,87626
2026-08-03 18:20:00;726858,22;127,86259
2026-08-03 18:25:00;726868,63;122,80005
2026-08-03 18:30:00;726878,84;123,80982
2026-08-03 18:35:00;726888,85;118,21358
2026-08-03 18:40:00;726898,78;119,70903
2026-08-03 18:45:00;726906,97;98,26012
2026-08-03 18:50:00;726915,27;95,39903
2026-08-03 18:55:00;726923,14;96,4723
2026-08-03 19:00:00;726931,12;100,53183
2026-08-03 19:05:00;726938,84;85,31292
2026-08-03 19:10:00;726946,52;99,34185
2026-08-03 19:15:00;726954,36;82,73025
2026-08-03 19:20:00;726961,96;97,55263
2026-08-03 19:25:00;726969,88;97,02906
2026-08-03 19:30:00;726977,45;83,07128
2026-08-03 19:35:00;726985,06;97,83057
2026-08-03 19:40:00;726992,98;97,80679
2026-08-03 19:45:00;727000,59;87,56158
2026-08-03 19:50:00;727008,44;99,70646
2026-08-03 19:55:00;727016,15;84,47829
2026-08-03 20:00:00;727023,7;97,75617
2026-08-03 20:05:00;727031,65;97,97109
2026-08-03 20:10:00;727039,29;82,59868
2026-08-03 20:15:00;727047,19;99,80362
2026-08-03 20:20:00;727054,92;83,25066
2026-08-03 20:25:00;727062,61;98,54146
2026-08-03 20:30:00;727070,42;89,73144
2026-08-03 20:35:00;727078,01;97,83873
2026-08-03 20:40:00;727086,07;98,66123
2026-08-03 20:45:00;727093,77;85,95503
2026-08-03 20:50:00;727102,6;114,55692
2026-08-03 20:55:00;727111,55;99,78615
2026-08-03 21:00:00;727119,11;84,53282
2026-08-03 21:05:00;727125,34;72,96846
2026-08-03 21:10:00;727131,35;77,09578
2026-08-03 21:15:00;727137,79;82,5387
2026-08-03 21:20:00;727144,98;93,07003
2026-08-03 21:25:00;727152,61;89,84327
2026-08-03 21:30:00;727160,09;92,23738
2026-08-03 21:35:00;727167,47;87,09702
2026-08-03 21:40:00;727174,11;68,44069
2026-08-03 21:45:00;727181,6;92,47526
2026-08-03 21:50:00;727189,43;91,28963
2026-08-03 21:55:00;727197,81;100,3806
2026-08-03 22:00:00;727206,79;110,85956
2026-08-03 22:05:00;727216,15;110,73843
2026-08-03 22:10:00;727225,45;113,26985
2026-08-03 22:15:00;727234,93;112,20117
2026-08-03 22:20:00;727244,15;110,38578
2026-08-03 22:25:00;727253,46;112,96773
2026-08-03 22:30:00;727262,72;109,54138
2026-08-03 22:35:00;727271,97;114,33156
2026-08-03 22:40:00;727281,73;118,39253
2026-08-03 22:45:00;727291,69;121,33698
2026-08-03 22:50:00;727302,13;125,66632
2026-08-03 22:55:00;727312,51;123,91894
2026-08-03 23:00:00;727322,97;126,76959
2026-08-03 23:05:00;727333,42;123,42786
2026-08-03 23:10:00;727343,73;126,46341
2026-08-03 23:15:00;727354,23;123,54732
2026-08-03 23:20:00;727364,52;123,42971
2026-08-03 23:25:00;727375,02;124,5548
2026-08-03 23:30:00;727385,24;121,92712
2026-08-03 23:35:00;727395,38;122,55437
2026-08-03 23:40:00;727405,72;127,18536
2026-08-03 23:45:00;727415,92;125,3646
2026-08-03 23:50:00;727426,33;122,99056
2026-08-03 23:55:00;727436,51;122,30253
2026-08-04 00:00:00;727446,86;125,33902
2026-08-04 00:05:00;727457,08;122,34725
2026-08-04 00:10:00;727467,39;125,5464
2026-08-04 00:15:00;727477,73;122,15187
2026-08-04 00:20:00;727487,91;125,85281
2026-08-04 00:25:00;727498,36;123,63666
2026-08-04 00:30:00;727508,56;123,18249
2026-08-04 00:35:00;727519;123,45261
2026-08-04 00:40:00;727529,21;121,55657
2026-08-04 00:45:00;727539,56;125,91155
2026-08-04 00:50:00;727549,79;121,44026
2026-08-04 00:55:00;727559,87;123,25058
2026-08-04 01:00:00;727570,62;129,32554
2026-08-04 01:05:00;727581,45;133,19782
2026-08-04 01:10:00;727592,49;129,7915
2026-08-04 01:15:00;727603,19;130,16625
2026-08-04 01:20:00;727614,06;129,86427
2026-08-04 01:25:00;727624,73;125,88784
2026-08-04 01:30:00;727635,46;130,10016
2026-08-04 01:35:00;727646,15;127,04846
2026-08-04 01:40:00;727656,87;131,68925
2026-08-04 01:45:00;727667,61;126,73938
2026-08-04 01:50:00;727678,13;129,70577
2026-08-04 01:55:00;727688,95;127,41909
2026-08-04 02:00:00;727699,57;128,59573
2026-08-04 02:05:00;727710,37;128,54719
2026-08-04 02:10:00;727721;126,85041
2026-08-04 02:15:00;727731,69;128,97729
2026-08-04 02:20:00;727742,31;125,85659
2026-08-04 02:25:00;727752,92;129,49935
2026-08-04 02:30:00;727763,61;127,28455
2026-08-04 02:35:00;727774,21;129,931
2026-08-04 02:40:00;727784,88;125,74728
2026-08-04 02:45:00;727795,32;126,342
2026-08-04 02:50:00;727805,88;125,77037
2026-08-04 02:55:00;727816,29;125,49087
2026-08-04 03:00:00;727826,96;132,46684
2026-08-04 03:05:00;727837,44;124,76973
2026-08-04 03:10:00;727847,82;127,23803
2026-08-04 03:15:00;727858,45;124,84468
2026-08-04 03:20:00;727868,89;124,34357
2026-08-04 03:25:00;727879,44;127,22712
2026-08-04 03:30:00;727889,88;123,07328
2026-08-04 03:35:00;727900,36;127,08802
2026-08-04 03:40:00;727910,56;119,90376
2026-08-04 03:45:00;727920,55;124,98706
2026-08-04 03:50:00;727930,83;121,39635
2026-08-04 03:55:00;727940,85;118,75575
2026-08-04 04:00:00;727950,9;122,36551
2026-08-04 04:05:00;727961;118,95592
2026-08-04 04:10:00;727970,99;122,46797
2026-08-04 04:15:00;727981,16;119,97433
2026-08-04 04:20:00;727991,05;119,02994
2026-08-04 04:25:00;728001,12;120,83673
2026-08-04 04:30:00;728011,19;119,48919
2026-08-04 04:35:00;728021,2;122,17427
2026-08-04 04:40:00;728031,31;118,85185
2026-08-04 04:45:00;728041,43;123,50641
2026-08-04 04:50:00;728051,79;124,39579
2026-08-04 04:55:00;728061,01;104,76679
2026-08-04 05:00:00;728069,89;108,81561
2026-08-04 05:05:00;728078,84;107,40152
2026-08-04 05:10:00;728087,71;104,59835
2026-08-04 05:15:00;728096,51;107,52137
2026-08-04 05:20:00;728105,54;105,23969
2026-08-04 05:25:00;728114,33;107,94397
2026-08-04 05:30:00;728123,26;106,3971
2026-08-04 05:35:00;728132,07;103,87629
2026-08-04 05:40:00;728140,87;107,25894
2026-08-04 05:45:00;728149,9;106,5923
2026-08-04 05:50:00;728158,65;106,0544
2026-08-04 05:55:00;728167,53;107,08375
2026-08-04 06:00:00;728176,4;105,5571
2026-08-04 06:05:00;728185,32;109,77637
2026-08-04 06:10:00;728196,46;134,69643
2026-08-04 06:15:00;728207,26;128,24918
2026-08-04 06:20:00;728217,22;117,49943
2026-08-04 06:25:00;728226,91;118,03666
2026-08-04 06:30:00;728236,61;117,05768
2026-08-04 06:35:00;728246,01;109,65222
2026-08-04 06:40:00;728255,25;113,36698
2026-08-04 06:45:00;728264,58;109,06907
2026-08-04 06:50:00;728273,74;113,58679
2026-08-04 06:55:00;728282,95;106,26561
2026-08-04 07:00:00;728291,7;105,2807
2026-08-04 07:05:00;728301,14;111,79696
2026-08-04 07:10:00;728310,5;113,40162
2026-08-04 07:15:00;728319,89;111,56098
2026-08-04 07:20:00;728328,41;98,75658
2026-08-04 07:25:00;728336,58;91,93362
2026-08-04 07:30:00;728344,44;98,93006
2026-08-04 07:35:00;728352,67;100,15818
2026-08-04 07:40:00;728360,61;99,29946
2026-08-04 07:45:00;728368,87;97,131
2026-08-04 07:50:00;728376,92;100,06637
2026-08-04 07:55:00;728385,25;95,62094
2026-08-04 08:00:00;728393,71;96,66749
2026-08-04 08:05:00;728402,37;99,80805
2026-08-04 08:10:00;728410,92;90,27777
2026-08-04 08:15:00;728419,53;109,2127
2026-08-04 08:20:00;728428,06;108,51128
2026-08-04 08:25:00;728436,81;106,57981
2026-08-04 08:30:00;728445,67;105,76226
2026-08-04 08:35:00;728454,65;106,50821
2026-08-04 08:40:00;728463,63;106,53271
2026-08-04 08:45:00;728472,82;104,78333
2026-08-04 08:50:00;728482,58;118,00398
2026-08-04 08:55:00;728492,26;115,20833
2026-08-04 09:00:00;728502,1;121,32957
2026-08-04 09:05:00;728512,04;118,59964
2026-08-04 09:10:00;728521,9;117,86624
2026-08-04 09:15:00;728531,46;115,79248
2026-08-04 09:20:00;728541,54;110,45027
2026-08-04 09:25:00;728551,22;114,78433
2026-08-04 09:30:00;728561,92;125,58379
2026-08-04 09:35:00;728572,54;133,52912
2026-08-04 09:40:00;728583,58;129,98009
2026-08-04 09:45:00;728594,76;132,08448
2026-08-04 09:50:00;728605,72;134,24169
2026-08-04 09:55:00;728616,77;131,69754
2026-08-04 10:05:00;728638,96;136,49075
2026-08-04 10:10:00;728650,58;149,5372
2026-08-04 10:15:00;728662,77;140,40807
2026-08-04 10:20:00;728674,25;140,13581
2026-08-04 10:25:00;728685,81;141,60318
2026-08-04 10:30:00;728697,39;133,52532
2026-08-04 10:35:00;728708,83;135,72934
2026-08-04 10:40:00;728720,46;144,61893
2026-08-04 10:45:00;728732,35;144,07218
2026-08-04 10:50:00;728744,21;137,75027
2026-08-04 10:55:00;728755,86;144,2424
2026-08-04 11:00:00;728767,6;143,28374
2026-08-04 11:05:00;728779,42;139,21806
2026-08-04 11:10:00;728792,08;153,86226
2026-08-04 11:15:00;728803,92;142,7521
2026-08-04 11:20:00;728815,78;137,84666
2026-08-04 11:25:00;728827,58;140,38692
2026-08-04 11:30:00;728839,34;144,07896
2026-08-04 11:35:00;728851,32;145,91233
2026-08-04 11:40:00;728863,67;145,99246
2026-08-04 11:45:00;728876,22;152,89585
2026-08-04 11:50:00;728888,49;149,80789
2026-08-04 12:05:00;728923,24;130,49556
2026-08-04 12:10:00;728933,9;127,33097
2026-08-04 12:15:00;728944,58;125,04984
2026-08-04 12:20:00;728954,57;114,80056
2026-08-04 12:25:00;728963,19;108,99756
2026-08-04 12:30:00;728971,75;99,65773
2026-08-04 12:35:00;728980,52;107,23315
2026-08-04 12:40:00;728989,91;116,94102
2026-08-04 12:45:00;729000,09;119,785
2026-08-04 12:50:00;729010,22;124,50246
2026-08-04 12:55:00;729020,45;121,88837
2026-08-04 13:00:00;729030,73;122,40556
2026-08-04 13:05:00;729040,72;113,42254
2026-08-04 13:10:00;729050,03;111,97125
2026-08-04 13:15:00;729059,2;109,9866
2026-08-04 13:20:00;729068,47;111,86894
2026-08-04 13:25:00;729077,72;107,83982
2026-08-04 13:30:00;729086,92;109,34917
2026-08-04 13:35:00;729096,09;110,20893
2026-08-04 13:40:00;729105,27;108,12182
2026-08-04 13:45:00;729114,43;111,03539
2026-08-04 13:50:00;729123,48;107,5137
2026-08-04 13:55:00;729132,54;107,50634
2026-08-04 14:00:00;729141,69;107,03947
2026-08-04 14:05:00;729150,79;108,80287
2026-08-04 14:10:00;729160,92;119,95083
2026-08-04 14:15:00;729171,28;122,36891
2026-08-04 14:20:00;729181,13;116,63812
2026-08-04 14:25:00;729190,04;108,85832
2026-08-04 14:30:00;729198,94;106,99426
2026-08-04 14:35:00;729208,01;107,09401
2026-08-04 14:40:00;729216,89;104,63478
2026-08-04 14:45:00;729225,76;106,57384
2026-08-04 14:50:00;729235,22;123,43981
2026-08-04 14:55:00;729245,28;120,07777
2026-08-04 15:00:00;729254,61;111,57443
2026-08-04 15:05:00;729263,91;105,41845
2026-08-04 15:10:00;729273,09;112,89548
2026-08-04 15:15:00;729282,79;116,90236
2026-08-04 15:20:00;729292,48;114,98345
2026-08-04 15:25:00;729302,29;117,74735
2026-08-04 15:30:00;729312,34;123,82085
2026-08-04 15:35:00;729322,55;119,1088
2026-08-04 15:40:00;729332,76;125,54915
2026-08-04 15:45:00;729343,48;126,74862
2026-08-04 15:50:00;729354,21;128,3462
2026-08-04 15:55:00;729364,3;123,71053
2026-08-04 16:00:00;729374,78;125,99089
2026-08-04 16:05:00;729384,94;125,05382
2026-08-04 16:10:00;729395,58;125,17738
2026-08-04 16:15:00;729405,87;125,74032
2026-08-04 16:20:00;729416,44;128,45533
2026-08-04 16:25:00;729426,91;120,5005
2026-08-04 16:30:00;729437,11;124,85935
2026-08-04 16:35:00;729447,79;123,23538
2026-08-04 16:40:00;729457,94;124,08661
2026-08-04 16:45:00;729468,36;124,25382
2026-08-04 16:50:00;729478,74;125,8967
2026-08-04 16:55:00;729489,4;123,18548
2026-08-04 17:00:00;729499,77;125,45769
2026-08-04 17:05:00;729510,26;124,55612
2026-08-04 17:10:00;729520,73;121,82827
2026-08-04 17:15:00;729531,09;129,12744
2026-08-04 17:20:00;729541,98;127,39982
2026-08-04 17:25:00;729552,74;132,57078
2026-08-04 17:30:00;729563,53;125,26257
2026-08-04 17:35:00;729574,05;127,44513
2026-08-04 17:40:00;729584,64;122,29169
2026-08-04 17:45:00;729594,75;124,83048
2026-08-04 17:50:00;729604,82;116,12452
2026-08-04 17:55:00;729614,41;116,82454
2026-08-04 18:00:00;729624,14;114,082
2026-08-04 18:05:00;729633,66;116,74569
2026-08-04 18:10:00;729643,29;112,34707
2026-08-04 18:15:00;729652,78;115,79041
2026-08-04 18:20:00;729662,26;114,64756
2026-08-04 18:25:00;729671,82;112,20956
2026-08-04 18:30:00;729681,11;114,37559
2026-08-04 18:35:00;729690,64;110,76818
2026-08-04 18:40:00;729699,94;115,50091
2026-08-04 18:45:00;729709,37;109,28188
2026-08-04 18:50:00;729718,58;112,80905
2026-08-04 18:55:00;729727,74;108,42994
2026-08-04 19:00:00;729736,98;112,47844
2026-08-04 19:05:00;729746,25;109,61686
2026-08-04 19:10:00;729755,35;105,5836
2026-08-04 19:15:00;729764,43;110,55109
2026-08-04 19:20:00;729773,58;106,0142
2026-08-04 19:25:00;729782,12;104,67947
2026-08-04 19:30:00;729790,99;104,78326
2026-08-04 19:35:00;729799,63;106,40773
2026-08-04 19:40:00;729808,4;103,05411
2026-08-04 19:45:00;729817,06;105,9083
2026-08-04 19:50:00;729825,83;104,16669
2026-08-04 19:55:00;729834,57;102,86863
2026-08-04 20:00:00;729842,96;105,85618
2026-08-04 20:05:00;729851,75;100,85353
2026-08-04 20:10:00;729860,33;106,81829
2026-08-04 20:15:00;729869,03;102,47073
2026-08-04 20:20:00;729877,61;104,63848
2026-08-04 20:25:00;729886,25;104,19383
2026-08-04 20:30:00;729894,94;103,804
2026-08-04 20:35:00;729903,49;100,84018
2026-08-04 20:40:00;729912,25;104,22288
2026-08-04 20:45:00;729921;106,70237
2026-08-04 20:50:00;729929,87;105,39843
2026-08-04 20:55:00;729938,57;103,42272
2026-08-04 21:00:00;729946,62;81,72496
2026-08-04 21:05:00;729953,46;83,46102
2026-08-04 21:10:00;729960,39;79,05415
2026-08-04 21:15:00;729967,1;84,73015
2026-08-04 21:20:00;729974,07;80,58988
2026-08-04 21:25:00;729980,73;83,12132
2026-08-04 21:30:00;729987,7;81,91275
2026-08-04 21:35:00;729994,43;82,66509
2026-08-04 21:40:00;730001,13;78,45159
2026-08-04 21:45:00;730008,01;85,91428
2026-08-04 21:50:00;730014,84;80,26269
2026-08-04 21:55:00;730022,35;93,77514
2026-08-04 22:00:00;730030,42;98,18373
2026-08-04 22:05:00;730039;101,15946
2026-08-04 22:10:00;730047,61;105,73747
2026-08-04 22:15:00;730056,44;103,66177
2026-08-04 22:20:00;730065,05;103,87091
2026-08-04 22:25:00;730073,94;105,1362
2026-08-04 22:30:00;730082,55;104,17099
2026-08-04 22:35:00;730091,38;104,34676
2026-08-04 22:40:00;730100,03;104,80244
2026-08-04 22:45:00;730108,75;100,50231
2026-08-04 22:50:00;730117,25;105,23938
2026-08-04 22:55:00;730126,1;103,62773
2026-08-04 23:00:00;730134,79;106,64578
2026-08-04 23:05:00;730143,65;103,51802
2026-08-04 23:10:00;730152,3;107,98259
2026-08-04 23:15:00;730161,18;102,72963
2026-08-04 23:20:00;730169,77;107,03796
2026-08-04 23:25:00;730178,57;101,73771
2026-08-04 23:30:00;730187,1;106,0281
2026-08-04 23:35:00;730195,96;104,93476
2026-08-04 23:40:00;730204,59;105,38586
2026-08-04 23:45:00;730213,4;102,62209
2026-08-04 23:50:00;730222,02;107,2507
2026-08-04 23:55:00;730230,85;103,15028
2026-08-05 00:00:00;730237,92;91,33026
2026-08-05 00:05:00;730245,65;99,57694
2026-08-05 00:10:00;730253,2;77,42518
2026-08-05 00:15:00;730261,17;106,93551
2026-08-05 00:20:00;730269,97;102,83869
2026-08-05 00:25:00;730278,56;105,56
2026-08-05 00:30:00;730287,27;101,08755
2026-08-05 00:35:00;730295,84;106,2303
2026-08-05 00:40:00;730304,5;101,3356
2026-08-05 00:45:00;730313,15;106,86699
2026-08-05 00:50:00;730321,79;101,34964
2026-08-05 00:55:00;730330,33;105,63505
2026-08-05 01:00:00;730337,46;76,30001
2026-08-05 01:05:00;730344,36;87,22125
2026-08-05 01:10:00;730351,32;87,29348
2026-08-05 01:15:00;730358,39;75,0031
2026-08-05 01:20:00;730365,33;86,25545
2026-08-05 01:25:00;730372,28;87,32701
2026-08-05 01:30:00;730379,36;72,66104
2026-08-05 01:35:00;730386,33;86,95904
2026-08-05 01:40:00;730393,22;87,97417
2026-08-05 01:45:00;730400,33;79,7857
2026-08-05 01:50:00;730407,25;85,91878
2026-08-05 01:55:00;730414,17;87,0052
2026-08-05 02:00:00;730421,25;80,73942
2026-08-05 02:05:00;730428,19;82,23608
2026-08-05 02:10:00;730434,91;88,90212
2026-08-05 02:15:00;730441,78;68,71757
2026-08-05 02:20:00;730448,69;81,40827
2026-08-05 02:25:00;730455,53;82,80335
2026-08-05 02:30:00;730462,21;84,24635
2026-08-05 02:35:00;730469,07;67,59225
2026-08-05 02:40:00;730475,82;87,68418
2026-08-05 02:45:00;730482,87;77,4524
2026-08-05 02:50:00;730489,76;89,73776
2026-08-05 02:55:00;730496,52;83,20942
2026-08-05 03:00:00;730503,17;65,56836
2026-08-05 03:05:00;730509,83;86,39202
2026-08-05 03:10:00;730516,79;75,20932
2026-08-05 03:15:00;730523,54;88,75276
2026-08-05 03:20:00;730530,44;82,83241
2026-08-05 03:25:00;730537,07;73,93624
2026-08-05 03:30:00;730543,89;86,22153
2026-08-05 03:35:00;730550,69;70,60855
2026-08-05 03:40:00;730557,24;86,58763
2026-08-05 03:45:00;730564,13;77,54765
2026-08-05 03:50:00;730570,65;82,44007
2026-08-05 03:55:00;730577,45;84,91303
2026-08-05 04:00:00;730584,12;73,57074
2026-08-05 04:05:00;730590,71;87,31281
2026-08-05 04:10:00;730597,54;75,73802
2026-08-05 04:15:00;730603,96;83,57695
2026-08-05 04:20:00;730610,81;84,80659
2026-08-05 04:25:00;730617,56;76,16582
2026-08-05 04:30:00;730624,13;84,51414
2026-08-05 04:35:00;730630,95;79,47238
2026-08-05 04:40:00;730637,62;80,84444
2026-08-05 04:45:00;730644,42;84,61625
2026-08-05 04:50:00;730651,23;70,66937
2026-08-05 04:55:00;730657,93;88,54758
2026-08-05 05:05:00;730671,44;78,2608
2026-08-05 05:10:00;730678,26;84,54334
2026-08-05 05:15:00;730685,03;71,51609
2026-08-05 05:20:00;730691,7;86,57622
2026-08-05 05:25:00;730698,5;77,67222
2026-08-05 05:35:00;730711,85;85,12147
2026-08-05 05:40:00;730718,53;69,85067
2026-08-05 05:45:00;730725,01;85,11927
2026-08-05 05:50:00;730731,71;81,40051
2026-08-05 05:55:00;730738,25;70,41437
2026-08-05 06:00:00;730744,79;83,63516
2026-08-05 06:05:00;730751,39;69,09091
2026-08-05 06:10:00;730757,41;73,80851
2026-08-05 06:15:00;730761,22;45,77574
2026-08-05 06:20:00;730765,61;61,47459
2026-08-05 06:25:00;730769,08;46,28036
2026-08-05 06:30:00;730773,39;61,83043
2026-08-05 06:35:00;730776,79;43,96993
2026-08-05 06:40:00;730781,54;59,90287
2026-08-05 06:45:00;730785,83;54,80902
2026-08-05 06:50:00;730790,54;43,25821
2026-08-05 06:55:00;730795,07;57,78146
2026-08-05 07:05:00;730804,17;59,80495
2026-08-05 07:10:00;730809,26;53,04455
2026-08-05 07:15:00;730813,8;67,98491
2026-08-05 07:20:00;730818,77;49,82738
2026-08-05 07:25:00;730823,53;68,92313
2026-08-05 07:30:00;730828,55;45,08071
2026-08-05 07:35:00;730833,31;67,64168
2026-08-05 07:40:00;730837,79;63,58526
2026-08-05 07:50:00;730847,96;63,72565
2026-08-05 07:55:00;730852,75;36,69164
2026-08-05 08:00:00;730857,74;69,02504
2026-08-05 08:05:00;730862,48;72,26216
2026-08-05 08:10:00;730867,56;57,29302
2026-08-05 08:20:00;730877,86;62,49865
2026-08-05 08:25:00;730882,82;74,82412
2026-08-05 08:30:00;730888,52;54,63972
2026-08-05 08:35:00;730894,07;70,02489
2026-08-05 08:40:00;730900,03;67,34538
2026-08-05 08:45:00;730906,18;72,04566
2026-08-05 08:50:00;730912,78;86,09317
2026-08-05 08:55:00;730920,43;98,38124
2026-08-05 09:00:00;730929,31;93,9726
2026-08-05 09:05:00;730936,72;79,5378
2026-08-05 09:10:00;730944,23;80,32105
2026-08-05 09:15:00;730952,67;105,22121
2026-08-05 09:20:00;730961,24;106,62229
2026-08-05 09:25:00;730970,54;120,96378
2026-08-05 09:30:00;730980,55;123,84578
2026-08-05 09:35:00;730990,57;124,94876
2026-08-05 09:40:00;731000,45;111,33551
2026-08-05 09:45:00;731009,57;111,18154
2026-08-05 09:50:00;731018,65;109,70319
2026-08-05 09:55:00;731027,62;112,25798
2026-08-05 10:00:00;731036,81;108,68862
2026-08-05 10:05:00;731045,72;111,66719
2026-08-05 10:10:00;731055,03;108,51263
2026-08-05 10:15:00;731064,15;112,61452
2026-08-05 10:20:00;731073,46;101,80818
2026-08-05 10:25:00;731082,55;113,96126
2026-08-05 10:30:00;731091,57;94,32297
2026-08-05 10:35:00;731100,28;111,02599
2026-08-05 10:40:00;731109,04;112,9107
2026-08-05 10:45:00;731117,99;89,3593
2026-08-05 10:50:00;731127,19;119,08437
2026-08-05 10:55:00;731137,04;119,38195
2026-08-05 11:00:00;731146,95;121,52855
2026-08-05 11:05:00;731156,85;121,42926
2026-08-05 11:10:00;731166,65;120,69706
2026-08-05 11:20:00;731186,64;121,9482
2026-08-05 11:25:00;731196,49;119,9555
2026-08-05 11:30:00;731206,71;126,27227
2026-08-05 11:35:00;731216,93;123,3882
2026-08-05 11:40:00;731227,44;123,60577
2026-08-05 11:45:00;731237,73;125,2446
2026-08-05 11:50:00;731248,28;123,38653
2026-08-05 11:55:00;731258,53;124,13496
2026-08-05 12:05:00;731276,82;107,87252
2026-08-05 12:10:00;731285,63;109,6388
2026-08-05 12:15:00;731295,08;109,15733
2026-08-05 12:20:00;731304,79;111,99877
2026-08-05 12:25:00;731314,86;119,87281
2026-08-05 12:35:00;731335,02;124,80032
2026-08-05 12:40:00;731345,3;124,09286
2026-08-05 12:45:00;731355,69;114,72164
2026-08-05 12:50:00;731366,09;126,48429
2026-08-05 12:55:00;731376,45;126,1271
2026-08-05 13:00:00;731386,92;128,1134
2026-08-05 13:05:00;731397,03;124,96598
2026-08-05 13:10:00;731407,2;126,18666
2026-08-05 13:15:00;731417,43;115,7539
2026-08-05 13:20:00;731427,51;124,08616
2026-08-05 13:25:00;731437,97;117,07451
2026-08-05 13:30:00;731448,23;124,48544
2026-08-05 13:35:00;731458,61;120,74238
2026-08-05 13:40:00;731468,7;124,14704
2026-08-05 13:50:00;731489,56;124,8859
2026-08-05 13:55:00;731499,79;124,6694
2026-08-05 14:05:00;731520,15;122,61923
2026-08-05 14:10:00;731530,38;125,52597
2026-08-05 14:15:00;731540,35;119,0757
2026-08-05 14:20:00;731550,28;117,25207
2026-08-05 14:25:00;731560,27;113,87093
2026-08-05 14:30:00;731570,03;107,8833
2026-08-05 14:35:00;731580,06;124,49059
2026-08-05 14:40:00;731589,92;121,65963
2026-08-05 14:45:00;731600,21;123,06454
2026-08-05 14:50:00;731610,25;112,55973
2026-08-05 14:55:00;731620,15;128,0137
2026-08-05 15:00:00;731630,4;128,14101
2026-08-05 15:05:00;731640,68;125,64062
2026-08-05 15:10:00;731650,67;123,40935
2026-08-05 15:15:00;731660,68;117,19899
2026-08-05 15:20:00;731670,49;123,79381
2026-08-05 15:25:00;731680,64;126,80174
2026-08-05 15:30:00;731691,11;126,43145
2026-08-05 15:35:00;731701,43;130,21889
2026-08-05 15:40:00;731711,97;130,8815
2026-08-05 15:45:00;731722,7;133,38817
2026-08-05 15:50:00;731734,13;136,52605
2026-08-05 15:55:00;731745,77;143,79979
2026-08-05 16:05:00;731769,44;145,87968
2026-08-05 16:10:00;731780,86;125,58542
2026-08-05 16:15:00;731791,89;130,007
2026-08-05 16:20:00;731802,56;126,46685
2026-08-05 16:25:00;731813,2;126,66601
2026-08-05 16:30:00;731823,55;125,36659
2026-08-05 16:35:00;731833,87;126,84999
2026-08-05 16:40:00;731844,21;128,26004
2026-08-05 16:45:00;731854,61;127,04653
2026-08-05 16:50:00;731865,02;128,89613
2026-08-05 16:55:00;731875,5;130,6275
2026-08-05 17:00:00;731886,07;131,47997
2026-08-05 17:05:00;731897,37;126,26067
2026-08-05 17:10:00;731908,65;134,78136
2026-08-05 17:15:00;731919,42;130,51143
2026-08-05 17:20:00;731929,63;120,69941
2026-08-05 17:25:00;731939,48;118,71466
2026-08-05 17:30:00;731949,16;113,11781
2026-08-05 17:35:00;731958,75;107,71142
2026-08-05 17:40:00;731968,23;118,75761
2026-08-05 17:45:00;731977,69;118,0232
2026-08-05 17:50:00;731987,26;117,61378
2026-08-05 17:55:00;731996,76;111,15776
2026-08-05 18:05:00;732015,17;108,29236
2026-08-05 18:10:00;732024,22;115,12585
2026-08-05 18:15:00;732033,47;112,62225
2026-08-05 18:20:00;732043,11;118,04784
2026-08-05 18:25:00;732052,92;116,9601
2026-08-05 18:30:00;732062,77;109,7476
2026-08-05 18:35:00;732072,56;120,20644
2026-08-05 18:40:00;732082,38;121,19402
2026-08-05 18:45:00;732091,34;108,07076
2026-08-05 18:50:00;732099,97;105,09491
2026-08-05 18:55:00;732108,63;104,0117
2026-08-05 19:00:00;732117,28;98,91067
2026-08-05 19:05:00;732125,82;92,02342
2026-08-05 19:10:00;732133,39;84,04907
2026-08-05 19:15:00;732140,55;91,89168
2026-08-05 19:20:00;732147,81;91,12778
2026-08-05 19:25:00;732155,12;90,11304
2026-08-05 19:30:00;732162,33;89,44018
2026-08-05 19:35:00;732169,53;87,90274
2026-08-05 19:40:00;732176,93;87,03494
2026-08-05 19:45:00;732184,26;78,62214
2026-08-05 19:50:00;732191,65;83,02946
2026-08-05 19:55:00;732198,9;90,84206
2026-08-05 20:05:00;732213,57;91,72919
2026-08-05 20:10:00;732220,88;88,84548
2026-08-05 20:15:00;732228,12;81,3943
2026-08-05 20:20:00;732235,47;82,87141
2026-08-05 20:25:00;732242,66;78,30884
2026-08-05 20:30:00;732249,75;83,77241
2026-08-05 20:35:00;732257,05;91,21224
2026-08-05 20:40:00;732264,51;93,36855
2026-08-05 20:45:00;732271,91;92,26414
2026-08-05 20:50:00;732279,29;91,41118
2026-08-05 20:55:00;732286,74;91,51783
2026-08-05 21:00:00;732293,28;65,47859
2026-08-05 21:05:00;732299,37;69,98024
2026-08-05 21:10:00;732305,91;79,48527
2026-08-05 21:15:00;732312,96;89,27473
2026-08-05 21:20:00;732320,33;92,87378
2026-08-05 21:25:00;732327,68;91,66487
2026-08-05 21:30:00;732335,1;91,74136
2026-08-05 21:35:00;732342,49;87,74086
2026-08-05 21:40:00;732349,77;78,11559
2026-08-05 21:45:00;732357,01;79,99461
2026-08-05 21:50:00;732364,21;89,57224
2026-08-05 21:55:00;732371,45;91,06544
2026-08-05 22:05:00;732386,3;90,72497
2026-08-05 22:10:00;732393,66;88,94218
2026-08-05 22:15:00;732401;82,95639
2026-08-05 22:20:00;732408,25;77,63468
2026-08-05 22:25:00;732415,58;84,21503
2026-08-05 22:30:00;732422,82;91,94454
2026-08-05 22:35:00;732430,13;93,44892
2026-08-05 22:40:00;732437,48;91,64844
2026-08-05 22:45:00;732444,78;88,87745
2026-08-05 22:50:00;732452,08;82,28874
2026-08-05 22:55:00;732459,4;79,80144
2026-08-05 23:00:00;732466,63;86,26408
2026-08-05 23:05:00;732473,85;91,46282
2026-08-05 23:10:00;732481,26;92,48092
2026-08-05 23:15:00;732488,7;92,19923
2026-08-05 23:20:00;732495,96;88,68697
2026-08-05 23:25:00;732503,3;85,29064
2026-08-05 23:30:00;732510,52;79,76709
2026-08-05 23:35:00;732517,72;84,76948
2026-08-05 23:40:00;732525,04;92,13441
2026-08-05 23:45:00;732532,39;93,46545
2026-08-05 23:50:00;732539,69;89,8328
2026-08-05 23:55:00;732546,99;88,73176
2026-08-06 00:05:00;732561,53;79,9578
2026-08-06 00:10:00;732568,7;83,0761
2026-08-06 00:15:00;732575,93;86,68148
2026-08-06 00:20:00;732583,25;91,10546
2026-08-06 00:25:00;732590,64;93,26171
2026-08-06 00:30:00;732597,95;89,79671
2026-08-06 00:35:00;732605,24;89,66797
2026-08-06 00:40:00;732612,64;89,38486
2026-08-06 00:45:00;732620,01;83,85492
2026-08-06 00:50:00;732627,19;80,64625
2026-08-06 00:55:00;732634,48;91,06832
2026-08-06 01:00:00;732641,82;91,31088
2026-08-06 01:05:00;732649,11;90,34257
2026-08-06 01:10:00;732656,39;91,16015
2026-08-06 01:15:00;732663,6;89,30404
2026-08-06 01:20:00;732670,81;89,53837
2026-08-06 01:25:00;732678,03;82,0103
2026-08-06 01:30:00;732685,24;82,21453
2026-08-06 01:35:00;732692,33;78,00919
2026-08-06 01:40:00;732699,5;79,49857
2026-08-06 01:45:00;732706,73;85,6992
2026-08-06 01:50:00;732713,96;92,48768
2026-08-06 01:55:00;732721,3;90,93458
2026-08-06 02:05:00;732735,76;89,86883
2026-08-06 02:10:00;732743,04;87,87917
2026-08-06 02:15:00;732750,2;82,55476
2026-08-06 02:20:00;732757,32;79,94287
2026-08-06 02:25:00;732764,54;76,56036
2026-08-06 02:30:00;732771,66;86,38315
2026-08-06 02:35:00;732778,93;93,21023
2026-08-06 02:40:00;732786,25;90,80795
2026-08-06 02:45:00;732793,46;90,31198
2026-08-06 02:50:00;732800,83;92,42873
2026-08-06 02:55:00;732808,24;90,18402
2026-08-06 03:00:00;732815,47;91,50268
2026-08-06 03:05:00;732822,86;89,63562
2026-08-06 03:10:00;732830,18;85,89179
2026-08-06 03:15:00;732837,26;80,053
2026-08-06 03:20:00;732844,37;74,25701
2026-08-06 03:25:00;732851,44;90,7552
2026-08-06 03:30:00;732858,66;90,16067
2026-08-06 03:35:00;732865,87;88,74786
2026-08-06 03:40:00;732873,04;90,08079
2026-08-06 03:45:00;732880,3;88,83834
2026-08-06 03:50:00;732887,5;87,972
2026-08-06 03:55:00;732894,65;87,23796
2026-08-06 04:00:00;732901,85;80,99286
2026-08-06 04:05:00;732909,05;80,39215
2026-08-06 04:10:00;732916,19;78,55777
2026-08-06 04:15:00;732923,23;84,49051
2026-08-06 04:20:00;732930,41;86,11528
2026-08-06 04:25:00;732937,62;90,79988
2026-08-06 04:30:00;732944,78;90,82052
2026-08-06 04:35:00;732952;89,74808
2026-08-06 04:40:00;732959,13;87,59195
2026-08-06 04:50:00;732973,44;83,30204
2026-08-06 04:55:00;732980,53;80,36412
2026-08-06 05:00:00;732987,54;71,92987
2026-08-06 05:05:00;732994,58;80,94116
2026-08-06 05:10:00;733001,65;88,40842
2026-08-06 05:15:00;733008,73;88,58868
2026-08-06 05:20:00;733015,89;89,80201
2026-08-06 05:25:00;733022,96;87,68303
2026-08-06 05:35:00;733036,98;85,26187
2026-08-06 05:40:00;733043,21;66,03576
2026-08-06 05:45:00;733049,22;71,97127
2026-08-06 05:50:00;733054,49;66,53348
2026-08-06 05:55:00;733059,26;51,47899
2026-08-06 06:05:00;733067,88;56,57683
2026-08-06 06:10:00;733072,2;44,52646
2026-08-06 06:15:00;733076,27;43,06791
2026-08-06 06:20:00;733080,59;59,13547
2026-08-06 06:25:00;733084,26;56,72112
2026-08-06 06:30:00;733087,96;29,40839
2026-08-06 06:35:00;733091,71;37,75383
2026-08-06 06:40:00;733095,45;45,70387
2026-08-06 06:50:00;733102,57;41,70822
2026-08-06 06:55:00;733106,03;33,9281
2026-08-06 07:00:00;733109,38;36,70821
2026-08-06 07:05:00;733113,18;51,995
2026-08-06 07:10:00;733116,51;54,0684
2026-08-06 07:15:00;733119,95;31,50424
2026-08-06 07:20:00;733123,49;37,41486
2026-08-06 07:25:00;733126,93;25,0694
2026-08-06 07:35:00;733134,22;56,47113
2026-08-06 07:40:00;733137,88;37,86237
2026-08-06 07:45:00;733141,28;37,21742
2026-08-06 07:50:00;733145,16;44,20232
2026-08-06 07:55:00;733148,68;55,15304
2026-08-06 08:05:00;733156,15;41,43527
2026-08-06 08:10:00;733159,94;28,34087
2026-08-06 08:15:00;733164,65;66,41029
2026-08-06 08:20:00;733169,72;80,68821
2026-08-06 08:25:00;733175,67;66,12274
2026-08-06 08:35:00;733187,67;66,00348
2026-08-06 08:40:00;733193,71;69,09188
2026-08-06 08:45:00;733199,91;87,68339
2026-08-06 08:50:00;733206,42;77,15309
2026-08-06 08:55:00;733213,28;81,30889
2026-08-06 09:00:00;733220,58;94,84869
2026-08-06 09:05:00;733227,99;85,00387
2026-08-06 09:10:00;733236,75;113,97274
2026-08-06 09:15:00;733245,76;108,43918
2026-08-06 09:20:00;733254,75;113,38213
2026-08-06 09:25:00;733263,62;97,59269
2026-08-06 09:30:00;733272,57;113,12668
2026-08-06 09:35:00;733281,75;112,20809
2026-08-06 09:40:00;733291,32;113,87498
2026-08-06 09:45:00;733301,46;123,6985
2026-08-06 09:50:00;733311,36;120,66371
2026-08-06 09:55:00;733321,53;122,44329
2026-08-06 10:00:00;733331,69;124,27434
2026-08-06 10:05:00;733341,74;119,05235
2026-08-06 10:10:00;733351,93;124,24466
2026-08-06 10:20:00;733372,26;123,74287
2026-08-06 10:25:00;733383,11;134,04054
2026-08-06 10:30:00;733394,72;135,87545
2026-08-06 10:35:00;733406,17;138,56985
2026-08-06 10:40:00;733417,67;128,24524
2026-08-06 10:45:00;733428,24;126,70828
2026-08-06 10:50:00;733439,9;142,41615
2026-08-06 10:55:00;733451,47;139,12154
2026-08-06 11:05:00;733473,7;119,95907
2026-08-06 11:10:00;733483,87;123,68728
2026-08-06 11:15:00;733494,29;126,02036
2026-08-06 11:20:00;733504,62;123,52373
2026-08-06 11:25:00;733515,12;125,97145
2026-08-06 11:30:00;733525,5;123,61725
2026-08-06 11:35:00;733535,71;120,82431
2026-08-06 11:40:00;733545,96;125,61969
2026-08-06 11:45:00;733556,17;116,92701
2026-08-06 11:50:00;733566,35;124,5085
2026-08-06 11:55:00;733576,41;126,46428
2026-08-06 12:05:00;733592,85;72,36245
2026-08-06 12:10:00;733599,89;74,6784
2026-08-06 12:15:00;733606,84;91,55813
2026-08-06 12:20:00;733613,6;72,57365
2026-08-06 12:25:00;733620,56;91,60759
2026-08-06 12:35:00;733634,37;83,64077
2026-08-06 12:40:00;733642,72;110,52538
2026-08-06 12:45:00;733652,16;112,80193
2026-08-06 12:50:00;733662,07;122,39612
2026-08-06 12:55:00;733672,34;132,83355
2026-08-06 13:00:00;733682,79;118,60685
2026-08-06 13:05:00;733693,12;125,53794
2026-08-06 13:10:00;733704,12;132,3223
2026-08-06 13:15:00;733714,94;129,384
2026-08-06 13:20:00;733725,59;131,59756
2026-08-06 13:25:00;733736,36;130,08025
2026-08-06 13:35:00;733757,67;126,95589
2026-08-06 13:40:00;733768,29;129,25358
2026-08-06 13:45:00;733778,81;127,23238
2026-08-06 13:50:00;733789,6;130,92635
2026-08-06 13:55:00;733800,37;128,45729
2026-08-06 14:00:00;733810,66;123,67144
2026-08-06 14:05:00;733821,12;124,28046
2026-08-06 14:10:00;733830,94;111,87697
2026-08-06 14:15:00;733840,21;103,78618
2026-08-06 14:20:00;733849,34;116,06634
2026-08-06 14:25:00;733858,48;113,0509
2026-08-06 14:30:00;733867,57;110,38494
2026-08-06 14:35:00;733876,49;101,07626
2026-08-06 14:40:00;733885,48;108,19197
2026-08-06 14:45:00;733894,65;107,5624
2026-08-06 14:50:00;733903,82;115,49867
2026-08-06 14:55:00;733912,72;96,74749
2026-08-06 15:00:00;733922,15;118,14055
2026-08-06 15:05:00;733931,5;111,15175
2026-08-06 15:10:00;733941,09;120,6996
2026-08-06 15:15:00;733949,87;104,98819
2026-08-06 15:20:00;733958,94;114,04726
2026-08-06 15:25:00;733967,81;105,11589
2026-08-06 15:30:00;733976,92;120,41773
2026-08-06 15:35:00;733985,96;111,87059
2026-08-06 15:40:00;733995,08;101,48289
2026-08-06 15:45:00;734004,22;108,90326
2026-08-06 15:50:00;734013,43;114,56367
2026-08-06 15:55:00;734022,59;114,22742
2026-08-06 16:00:00;734031,67;114,15786
2026-08-06 16:05:00;734040,75;107,6921
2026-08-06 16:10:00;734049,97;113,25816
2026-08-06 16:15:00;734059,24;112,15006
2026-08-06 16:20:00;734068,48;115,01243
2026-08-06 16:25:00;734077,27;100,36293
2026-08-06 16:35:00;734095,05;98,69113
2026-08-06 16:40:00;734104,22;99,0714
2026-08-06 16:45:00;734113,41;114,35063
2026-08-06 16:50:00;734122,37;113,42013
2026-08-06 16:55:00;734131,58;97,38975
2026-08-06 17:05:00;734149,83;108,7494
2026-08-06 17:10:00;734158,68;102,9361
2026-08-06 17:15:00;734167,09;114,09796
2026-08-06 17:20:00;734175,83;95,58432
2026-08-06 17:25:00;734184,21;96,48534
2026-08-06 17:30:00;734192,65;110,68666
2026-08-06 17:35:00;734201,26;92,54644
2026-08-06 17:40:00;734209,55;111,14731
2026-08-06 17:50:00;734225,96;78,38414
2026-08-06 17:55:00;734233,91;105,33892
2026-08-06 18:00:00;734241,68;84,14186
2026-08-06 18:05:00;734249,14;98,31892
2026-08-06 18:10:00;734256,62;89,23813
2026-08-06 18:20:00;734271,47;100,06598
2026-08-06 18:25:00;734278,94;82,57845
2026-08-06 18:35:00;734293,63;89,84291
2026-08-06 18:40:00;734301,16;67,64008
2026-08-06 18:45:00;734308,69;101,8328
2026-08-06 18:50:00;734316,3;85,92212
2026-08-06 18:55:00;734323,57;94,12614
2026-08-06 19:05:00;734337,6;65,02047
2026-08-06 19:10:00;734344,41;91,1376
2026-08-06 19:15:00;734350,84;63,44389
2026-08-06 19:20:00;734356,64;76,93713
2026-08-06 19:25:00;734362,42;79,87622
2026-08-06 19:30:00;734368,45;48,6288
2026-08-06 19:35:00;734374,35;81,07923
2026-08-06 19:40:00;734380,28;67,0798
2026-08-06 19:45:00;734386,33;71,58964
2026-08-06 19:50:00;734391,99;81,63375
2026-08-06 19:55:00;734398;53,55132
2026-08-06 20:00:00;734403,94;79,30591
2026-08-06 20:05:00;734409,65;75,17369
2026-08-06 20:10:00;734415,8;61,68469
2026-08-06 20:15:00;734421,43;82,45259
2026-08-06 20:20:00;734427,42;55,25178
2026-08-06 20:25:00;734433,26;77,57063
2026-08-06 20:30:00;734439,02;79,66521
2026-08-06 20:35:00;734445,46;65,84823
2026-08-06 20:40:00;734451,41;84,91567
2026-08-06 20:45:00;734457,58;63,09005
2026-08-06 20:50:00;734463,98;77,79665
2026-08-06 20:55:00;734470,04;86,98924
2026-08-06 21:00:00;734475,84;48,25419
2026-08-06 21:05:00;734480,61;72,34564
2026-08-06 21:10:00;734486,14;57,71906
2026-08-06 21:15:00;734492,32;79,15749
2026-08-06 21:20:00;734498,36;85,35496
2026-08-06 21:25:00;734504,9;67,44242
2026-08-06 21:30:00;734510,92;84,28972
2026-08-06 21:35:00;734517,09;63,07529
2026-08-06 21:40:00;734523,4;74,25114
2026-08-06 21:45:00;734529,42;87,32684
2026-08-06 21:50:00;734536,49;84,73298
2026-08-06 22:00:00;734548,72;61,2304
2026-08-06 22:05:00;734554,93;85,10807
2026-08-06 22:10:00;734560,95;67,95022
2026-08-06 22:15:00;734567,46;83,08933
2026-08-06 22:20:00;734573,5;81,15423
2026-08-06 22:25:00;734579,75;51,61816
2026-08-06 22:30:00;734586,04;84,91149
2026-08-06 22:35:00;734592,24;69,78344
2026-08-06 22:40:00;734598,74;83,43584
2026-08-06 22:45:00;734604,78;75,07638
2026-08-06 22:50:00;734611,09;54,47459
2026-08-06 22:55:00;734617,32;85,16919
2026-08-06 23:00:00;734623,38;69,09279
2026-08-06 23:05:00;734629,8;75,56511
2026-08-06 23:10:00;734635,69;86,34507
2026-08-06 23:15:00;734641,7;56,21404
2026-08-06 23:20:00;734648,23;82,22941
2026-08-06 23:25:00;734654,34;81,93402
2026-08-06 23:30:00;734660,84;66,20405
2026-08-06 23:35:00;734666,87;85,30498
2026-08-06 23:40:00;734672,94;61,81465
2026-08-06 23:45:00;734679,49;74,08246
2026-08-06 23:50:00;734685,46;86,28955
2026-08-07 00:00:00;734698,15;83,8636
2026-08-07 00:05:00;734704,24;69,11879
2026-08-07 00:10:00;734710,81;70,46821
2026-08-07 00:15:00;734716,9;88,41351
2026-08-07 00:20:00;734723,22;68,60201
2026-08-07 00:25:00;734729,53;80,84136
2026-08-07 00:30:00;734735,59;76,07062
2026-08-07 00:35:00;734741,98;67,10965
2026-08-07 00:40:00;734748,05;84,88009
2026-08-07 00:45:00;734754,22;68,75198
2026-08-07 00:50:00;734760,55;79,42692
2026-08-07 00:55:00;734766,63;81,17476
2026-08-07 01:00:00;734772,89;66,36069
2026-08-07 01:05:00;734779,02;82,07562
2026-08-07 01:10:00;734785,22;69,43682
2026-08-07 01:15:00;734791,56;72,97268
2026-08-07 01:20:00;734797,71;85,19757
2026-08-07 01:25:00;734803,92;67,22902
2026-08-07 01:30:00;734810,06;77,85126
2026-08-07 01:35:00;734816,25;73,89269
2026-08-07 01:40:00;734822,52;66,40636
2026-08-07 01:45:00;734828,69;85,81542
2026-08-07 01:50:00;734834,93;67,56217
2026-08-07 02:00:00;734847,27;67,98624
2026-08-07 02:05:00;734853,57;77,23242
2026-08-07 02:10:00;734859,66;83,3893
2026-08-07 02:15:00;734865,98;66,99939
2026-08-07 02:20:00;734872,04;81,68608
2026-08-07 02:25:00;734878,22;68,58716
2026-08-07 02:30:00;734884,71;76,43253
2026-08-07 02:35:00;734890,85;76,7111
2026-08-07 02:40:00;734897,22;66,74371
2026-08-07 02:45:00;734903,23;83,55926
2026-08-07 02:50:00;734909,42;67,93069
2026-08-07 02:55:00;734915,87;78,97918
2026-08-07 03:00:00;734921,97;78,93651
2026-08-07 03:05:00;734928,18;65,55015
2026-08-07 03:10:00;734933,69;76,45983
2026-08-07 03:15:00;734939,41;62,17398
2026-08-07 03:20:00;734945,51;81,01551
2026-08-07 03:25:00;734951,45;72,36489
2026-08-07 03:30:00;734957,73;65,28424
2026-08-07 03:35:00;734963,67;84,21656
2026-08-07 03:40:00;734969,83;67,85316
2026-08-07 03:45:00;734976;78,18646
2026-08-07 03:50:00;734981,96;77,94953
2026-08-07 03:55:00;734988,21;65,30946
2026-08-07 04:00:00;734994,21;83,26696
2026-08-07 04:05:00;735000,33;67,38245
2026-08-07 04:10:00;735006,45;73,64789
2026-08-07 04:15:00;735012,36;80,81651
2026-08-07 04:20:00;735018,44;65,16036
2026-08-07 04:25:00;735024,4;78,12046
2026-08-07 04:30:00;735030,47;68,75815
2026-08-07 04:35:00;735036,59;69,49699
2026-08-07 04:40:00;735042,61;84,81883
2026-08-07 04:45:00;735048,73;64,46455
2026-08-07 04:50:00;735054,66;79,59802
2026-08-07 04:55:00;735060,75;69,11245
2026-08-07 05:00:00;735066,76;69,12277
2026-08-07 05:05:00;735072,61;78,62483
2026-08-07 05:10:00;735078,54;62,58978
2026-08-07 05:15:00;735084,38;77,59032
2026-08-07 05:20:00;735090,29;64,90966
2026-08-07 05:25:00;735095,92;60,71116
2026-08-07 05:30:00;735101,06;54,63618
2026-08-07 05:35:00;735105,01;68,44456
2026-08-07 05:40:00;735109,51;55,49235
2026-08-07 05:45:00;735113,59;50,62339
2026-08-07 05:50:00;735116,67;19,21862
2026-08-07 05:55:00;735118,6;32,22536
2026-08-07 06:00:00;735120,93;39,97727
2026-08-07 06:05:00;735121,88;5,67567
2026-08-07 06:10:00;735123,91;23,27915
2026-08-07 06:15:00;735125,31;6,07302
2026-08-07 06:20:00;735127,17;23,06949
2026-08-07 06:25:00;735129,04;9,51197
2026-08-07 06:30:00;735130,38;35,32301
2026-08-07 06:35:00;735132,59;32,41671
2026-08-07 06:40:00;735133,19;4,44235
2026-08-07 06:45:00;735135,27;21,57809
2026-08-07 06:50:00;735136,74;4,79768
2026-08-07 06:55:00;735138,27;22,04445
2026-08-07 07:00:00;735140,36;29,61658
2026-08-07 07:05:00;735141,35;21,08935
2026-08-07 07:10:00;735143,31;23,08219
2026-08-07 07:15:00;735144,6;5,6104
2026-08-07 07:20:00;735146,56;24,49978
2026-08-07 07:25:00;735148,52;8,47764
2026-08-07 07:30:00;735149,92;41,90756
2026-08-07 07:35:00;735151,98;23,61875
2026-08-07 07:40:00;735153,1;7,9184
2026-08-07 07:45:00;735155,27;25,66984
2026-08-07 07:50:00;735157,27;8,4726
2026-08-07 08:00:00;735161,27;34,2526
2026-08-07 08:05:00;735162,34;10,49629
2026-08-07 08:10:00;735165,37;36,56196
2026-08-07 08:15:00;735168,12;20,98086
2026-08-07 08:20:00;735171,21;42,00758
2026-08-07 08:25:00;735175,03;60,58838
2026-08-07 08:30:00;735177,6;31,0185
2026-08-07 08:35:00;735181,24;44,25803
2026-08-07 08:40:00;735184,38;27,59995
2026-08-07 08:45:00;735188,02;44,44262
2026-08-07 08:50:00;735192,36;60,38661
2026-08-07 08:55:00;735196,81;63,90485
2026-08-07 09:00:00;735200,84;54,69552
2026-08-07 09:05:00;735205,28;53,9315
2026-08-07 09:10:00;735209,54;45,96143
2026-08-07 09:15:00;735214,08;47,84084
2026-08-07 09:20:00;735218,75;65,632
2026-08-07 09:25:00;735222,63;44,60579
2026-08-07 09:30:00;735227,38;67,23134
2026-08-07 09:35:00;735231,87;48,70396
2026-08-07 09:40:00;735236,49;47,59266
2026-08-07 09:45:00;735241,05;55,97395
2026-08-07 09:50:00;735245,58;65,95135
2026-08-07 10:00:00;735254,16;40,46002
2026-08-07 10:05:00;735258,72;46,98081
2026-08-07 10:10:00;735263,17;41,15458
2026-08-07 10:15:00;735267,68;64,1667
2026-08-07 10:20:00;735271,59;39,18692
2026-08-07 10:25:00;735275,8;46,42414
2026-08-07 10:30:00;735279,84;67,65045
2026-08-07 10:35:00;735284,48;65,49667
2026-08-07 10:40:00;735288,93;64,65961
2026-08-07 10:45:00;735293,21;40,01344
2026-08-07 10:50:00;735297,7;48,13226
2026-08-07 10:55:00;735302;30,54583
2026-08-07 11:00:00;735306,88;66,59111
2026-08-07 11:05:00;735311,11;53,83652
2026-08-07 11:10:00;735315,64;48,18891
2026-08-07 11:15:00;735320,32;54,27226
2026-08-07 11:20:00;735324,8;65,47088
2026-08-07 11:25:00;735329,12;66,39814
2026-08-07 11:30:00;735333,43;34,83843
2026-08-07 11:35:00;735337,94;46,8334
2026-08-07 11:40:00;735342,13;30,77211
2026-08-07 11:45:00;735346,57;49,54311
2026-08-07 11:50:00;735351,16;35,17884
2026-08-07 12:00:00;735360,27;49,19712
2026-08-07 12:05:00;735365;48,90047
2026-08-07 12:10:00;735369,44;51,93031
2026-08-07 12:15:00;735374,01;63,32196
2026-08-07 12:20:00;735378,3;66,25609
2026-08-07 12:25:00;735382,72;53,05543
2026-08-07 12:30:00;735387,13;51,65188
2026-08-07 12:35:00;735391,42;34,41217
2026-08-07 12:40:00;735395,99;46,8829
2026-08-07 12:45:00;735400,5;37,09839
2026-08-07 12:50:00;735405,14;62,35807
2026-08-07 12:55:00;735409,55;68,02537
2026-08-07 13:00:00;735414,44;67,28971
2026-08-07 13:05:00;735419,11;58,7497
2026-08-07 13:10:00;735424,14;50,22772
2026-08-07 13:15:00;735428,79;68,33018
2026-08-07 13:20:00;735433,44;57,19423
2026-08-07 13:25:00;735438,1;53,18529
2026-08-07 13:30:00;735442,99;44,05219
2026-08-07 13:35:00;735447,75;67,76206
2026-08-07 13:40:00;735451,93;59,46616
2026-08-07 13:45:00;735456,4;50,17095
2026-08-07 13:50:00;735460,03;31,47228
2026-08-07 13:55:00;735464,71;67,62824
2026-08-07 14:00:00;735469,21;49,22766
2026-08-07 14:05:00;735473,5;46,52444
2026-08-07 14:10:00;735478,04;64,98522
2026-08-07 14:15:00;735482,21;45,78941
2026-08-07 14:20:00;735486,41;47,98816
2026-08-07 14:25:00;735491,02;63,47938
2026-08-07 14:30:00;735495,23;48,3429
2026-08-07 14:35:00;735499,48;46,73874
2026-08-07 14:40:00;735502,59;29,96923
2026-08-07 14:45:00;735506,54;45,09636
2026-08-07 14:50:00;735510,13;29,69483
2026-08-07 14:55:00;735513,61;45,96983
2026-08-07 15:00:00;735517,77;64,16968
2026-08-07 15:05:00;735520,39;29,0843
2026-08-07 15:10:00;735524,51;46,2659
2026-08-07 15:15:00;735527,82;28,07693
2026-08-07 15:20:00;735531,48;47,39192
2026-08-07 15:25:00;735535,51;47,33945
2026-08-07 15:30:00;735538,57;59,67071
2026-08-07 15:35:00;735542,46;46,6057
2026-08-07 15:40:00;735545,65;29,70938
2026-08-07 15:45:00;735549,41;45,93048
2026-08-07 15:50:00;735553,32;34,45819
2026-08-07 15:55:00;735556,32;57,64306
2026-08-07 16:00:00;735560,39;48,7197
2026-08-07 16:05:00;735563,79;31,4695
2026-08-07 16:10:00;735567,85;50,44173
2026-08-07 16:15:00;735572,24;40,2017
2026-08-07 16:20:00;735576,02;72,55875
2026-08-07 16:25:00;735580,43;51,73239
2026-08-07 16:30:00;735583,98;34,63835
2026-08-07 16:35:00;735588,62;53,08135
2026-08-07 16:40:00;735592,64;34,776
2026-08-07 16:45:00;735596,47;53,38555
2026-08-07 16:50:00;735601,08;67,17312
2026-08-07 16:55:00;735604,02;33,43174
2026-08-07 17:00:00;735606,9;34,88051
2026-08-07 17:05:00;735609,68;33,11421
2026-08-07 17:10:00;735611,54;22,76481
2026-08-07 17:15:00;735613,19;18,57647
2026-08-07 17:20:00;735614,71;17,93424
2026-08-07 17:25:00;735616,17;17,63923
2026-08-07 17:30:00;735617,92;24,05189
2026-08-07 17:35:00;735619,88;23,55228
2026-08-07 17:40:00;735621,89;24,3675
2026-08-07 17:45:00;735623,71;21,78922
2026-08-07 17:50:00;735625,14;17,61355
2026-08-07 18:00:00;735627,69;12,44972
2026-08-07 18:05:00;735628,71;12,2289
2026-08-07 18:10:00;735629,82;12,63083
2026-08-07 18:15:00;735630,84;12,14175
2026-08-07 18:20:00;735631,86;12,96843
2026-08-07 18:25:00;735632,87;11,92283
2026-08-07 18:30:00;735633,68;9,14822
2026-08-07 18:35:00;735634,49;8,73589
2026-08-07 18:40:00;735635,18;8,21167
2026-08-07 18:45:00;735635,91;9,57958
2026-08-07 18:50:00;735636,68;8,53039
2026-08-07 18:55:00;735637,36;7,86886
2026-08-07 19:00:00;735638,03;8,67134
2026-08-07 19:05:00;735638,72;8,12664
2026-08-07 19:10:00;735639,38;7,86369
2026-08-07 19:15:00;735640,01;7,63695
2026-08-07 19:20:00;735640,62;7,39671
2026-08-07 19:25:00;735641,27;7,90493
2026-08-07 19:30:00;735641,78;5,59024
2026-08-07 19:35:00;735642,32;7,02809
2026-08-07 19:40:00;735642,78;3,86762
2026-08-07 19:45:00;735643,27;3,84072
2026-08-07 19:50:00;735643,57;3,34471
2026-08-07 19:55:00;735643,85;3,46367
2026-08-07 20:00:00;735644,16;3,74262
2026-08-07 20:05:00;735644,48;3,92034
2026-08-07 20:10:00;735644,77;3,46361
2026-08-07 20:15:00;735645,06;3,47142
2026-08-07 20:20:00;735645,36;3,66693
2026-08-07 20:25:00;735645,67;3,60964
2026-08-07 20:30:00;735645,94;3,27942
2026-08-07 20:35:00;735646,21;3,31502
2026-08-07 20:40:00;735646,58;4,69338
2026-08-07 20:45:00;735646,97;4,73234
2026-08-07 20:50:00;735647,36;4,76479
2026-08-07 20:55:00;735647,8;5,20209
2026-08-07 21:00:00;735648,23;5,21564
2026-08-07 21:05:00;735648,66;5,22311
2026-08-07 21:10:00;735649,06;4,75609
2026-08-07 21:15:00;735649,46;4,83982
2026-08-07 21:20:00;735649,89;5,15268
2026-08-07 21:25:00;735650,32;5,24249
2026-08-07 21:30:00;735650,73;4,91538
2026-08-07 21:35:00;735651,13;5,10852
2026-08-07 21:40:00;735651,56;5,04703
2026-08-07 21:45:00;735651,98;4,78075
2026-08-07 21:50:00;735652,37;4,63194
2026-08-07 22:00:00;735653,2;5,20953
2026-08-07 22:05:00;735653,61;4,80134
2026-08-07 22:10:00;735654,01;4,77733
2026-08-07 22:15:00;735654,42;5,25866
2026-08-07 22:20:00;735654,85;5,08974
2026-08-07 22:25:00;735655,26;4,75565
2026-08-07 22:30:00;735655,65;4,76853
2026-08-07 22:35:00;735656,08;5,19543
2026-08-07 22:40:00;735656,51;5,20459
2026-08-07 22:45:00;735656,91;4,87167
2026-08-07 22:50:00;735657,31;4,83444
2026-08-07 22:55:00;735657,74;5,05326
2026-08-07 23:00:00;735658,16;4,72794
2026-08-07 23:05:00;735658,55;4,64957
2026-08-07 23:10:00;735658,96;5,1365
2026-08-07 23:15:00;735659,39;5,20264
2026-08-07 23:20:00;735659,8;4,70345
2026-08-07 23:25:00;735660,2;4,7484
2026-08-07 23:30:00;735660,62;5,23627
2026-08-07 23:35:00;735661,05;5,11208
2026-08-07 23:40:00;735661,45;4,71555
2026-08-07 23:45:00;735661,85;4,85557
2026-08-07 23:50:00;735662,28;5,17257
2026-08-08 00:00:00;735663,15;4,8443
2026-08-08 00:05:00;735663,55;4,95938
2026-08-08 00:10:00;735663,99;5,06689
2026-08-08 00:15:00;735664,4;4,69619
2026-08-08 00:20:00;735664,79;4,74463
2026-08-08 00:25:00;735665,2;5,10904
2026-08-08 00:30:00;735665,62;5,21771
2026-08-08 00:35:00;735666,02;4,71972
2026-08-08 00:40:00;735666,42;4,80101
2026-08-08 00:45:00;735666,84;5,18414
2026-08-08 00:50:00;735667,27;5,12104
2026-08-08 00:55:00;735667,67;4,64111
2026-08-08 01:00:00;735668,06;4,7741
2026-08-08 01:05:00;735668,49;5,09713
2026-08-08 01:10:00;735668,91;5,00663
2026-08-08 01:15:00;735669,3;4,79842
2026-08-08 01:20:00;735669,7;4,79687
2026-08-08 01:25:00;735670,12;5,03083
2026-08-08 01:30:00;735670,54;4,64759
2026-08-08 01:35:00;735670,93;4,61971
2026-08-08 01:40:00;735671,33;5,02226
2026-08-08 01:45:00;735671,75;5,02495
2026-08-08 01:50:00;735672,15;4,72673
2026-08-08 01:55:00;735672,55;4,85196
2026-08-08 02:00:00;735672,97;5,21417
2026-08-08 02:05:00;735673,41;5,17179
2026-08-08 02:10:00;735673,81;4,79433
2026-08-08 02:15:00;735674,21;4,78014
2026-08-08 02:20:00;735674,64;5,11298
2026-08-08 02:25:00;735675,06;4,81452
2026-08-08 02:30:00;735675,45;4,70671
2026-08-08 02:35:00;735675,85;4,83326
2026-08-08 02:40:00;735676,24;4,82028
2026-08-08 02:45:00;735676,64;4,76214
2026-08-08 02:50:00;735677,03;4,64936
2026-08-08 02:55:00;735677,46;5,21891
2026-08-08 03:00:00;735677,89;5,1416
2026-08-08 03:05:00;735678,32;5,10616
2026-08-08 03:10:00;735678,73;4,82627
2026-08-08 03:15:00;735679,13;4,88656
2026-08-08 03:20:00;735679,57;5,21128
2026-08-08 03:25:00;735679,99;4,89529
2026-08-08 03:30:00;735680,58;6,76887
2026-08-08 03:35:00;735681,09;5,07589
2026-08-08 03:40:00;735681,63;8,0321
2026-08-08 03:45:00;735682,25;7,18186
2026-08-08 03:50:00;735682,68;4,75395
2026-08-08 04:00:00;735683,53;5,3138
2026-08-08 04:05:00;735683,94;4,76446
2026-08-08 04:10:00;735684,34;4,88973
2026-08-08 04:15:00;735684,76;5,15794
2026-08-08 04:20:00;735685,19;5,18242
2026-08-08 04:25:00;735685,58;4,68073
2026-08-08 04:30:00;735685,98;4,72868
2026-08-08 04:35:00;735686,4;5,01118
2026-08-08 04:40:00;735686,81;4,68053
2026-08-08 04:45:00;735687,2;4,59556
2026-08-08 04:50:00;735687,59;5,06047
2026-08-08 04:55:00;735688,01;4,99723
2026-08-08 05:00:00;735688,41;4,59154
2026-08-08 05:05:00;735688,8;4,62904
2026-08-08 05:10:00;735689,21;5,09883
2026-08-08 05:15:00;735689,64;5,07168
2026-08-08 05:20:00;735690,04;4,70409
2026-08-08 05:25:00;735690,42;4,7103
2026-08-08 05:30:00;735690,84;5,06022
2026-08-08 05:35:00;735691,26;5,09617
2026-08-08 05:40:00;735691,64;4,52554
2026-08-08 05:45:00;735692,02;4,67421
2026-08-08 05:50:00;735692,45;5,055
2026-08-08 06:00:00;735693,24;4,64959
2026-08-08 06:05:00;735693,64;5,19904
2026-08-08 06:10:00;735694,06;5,07797
2026-08-08 06:15:00;735694,47;4,60764
2026-08-08 06:20:00;735694,85;4,64209
2026-08-08 06:25:00;735695,26;5,05975
2026-08-08 06:30:00;735695,69;5,14537
2026-08-08 06:35:00;735696,09;4,74592
2026-08-08 06:40:00;735696,48;4,65289
2026-08-08 06:45:00;735696,9;5,02301
2026-08-08 06:50:00;735697,23;3,61506
2026-08-08 06:55:00;735697,5;3,20246
2026-08-08 07:00:00;735697,78;3,42584
2026-08-08 07:05:00;735698,09;3,82503
2026-08-08 07:10:00;735698,39;3,42825
2026-08-08 07:15:00;735698,67;3,25152
2026-08-08 07:20:00;735698,96;3,77497
2026-08-08 07:25:00;735699,26;3,59828
2026-08-08 07:30:00;735699,55;3,25764
2026-08-08 07:35:00;735699,82;3,3224
2026-08-08 07:40:00;735700,11;3,661
2026-08-08 07:45:00;735700,41;3,58815
2026-08-08 07:50:00;735700,68;3,1968
2026-08-08 08:00:00;735701,25;3,58033
2026-08-08 08:05:00;735701,54;3,13973
2026-08-08 08:10:00;735701,82;3,37715
2026-08-08 08:15:00;735702,1;3,66257
2026-08-08 08:20:00;735702,41;3,68976
2026-08-08 08:25:00;735702,7;3,41533
2026-08-08 08:30:00;735702,99;3,54628
2026-08-08 08:35:00;735703,37;4,79383
2026-08-08 08:40:00;735703,77;4,67807
2026-08-08 08:45:00;735704,17;4,96507
2026-08-08 08:50:00;735704,56;4,79032
2026-08-08 08:55:00;735704,99;5,21229
2026-08-08 09:00:00;735705,47;6,46822
2026-08-08 09:05:00;735706,04;7,12504
2026-08-08 09:10:00;735706,59;6,39289
2026-08-08 09:15:00;735707,13;6,59513
2026-08-08 09:20:00;735707,69;6,43846
2026-08-08 09:25:00;735708,22;6,03904
2026-08-08 09:30:00;735708,71;5,8955
2026-08-08 09:35:00;735709,22;6,31866
2026-08-08 09:40:00;735709,74;6,42898
2026-08-08 09:45:00;735710,26;6,12305
2026-08-08 09:50:00;735710,76;5,91421
2026-08-08 09:55:00;735711,26;5,84627
2026-08-08 10:00:00;735711,64;4,72508
2026-08-08 10:05:00;735712,01;4,31843
2026-08-08 10:10:00;735712,35;4,22658
2026-08-08 10:15:00;735712,72;4,48742
2026-08-08 10:20:00;735713,1;4,35237
2026-08-08 10:25:00;735713,45;4,15053
2026-08-08 10:30:00;735713,81;4,52114
2026-08-08 10:35:00;735714,2;4,67623
2026-08-08 10:40:00;735714,57;4,17986
2026-08-08 10:45:00;735714,91;4,13055
2026-08-08 10:50:00;735715,27;4,47828
2026-08-08 10:55:00;735715,64;4,43572
2026-08-08 11:00:00;735715,99;4,06082
2026-08-08 11:05:00;735716,34;4,23088
2026-08-08 11:10:00;735716,7;4,54332
2026-08-08 11:15:00;735717,03;3,61112
2026-08-08 11:20:00;735717,45;6,70173
2026-08-08 11:25:00;735718;6,38616
2026-08-08 11:30:00;735718,56;6,61538
2026-08-08 11:35:00;735719,18;7,98826
2026-08-08 11:40:00;735719,8;7,47754
2026-08-08 11:45:00;735720,3;5,92628
2026-08-08 11:50:00;735720,79;5,83655
2026-08-08 11:55:00;735721,25;5,23373
2026-08-08 12:00:00;735721,69;5,42542
2026-08-08 12:05:00;735722,16;5,76563
2026-08-08 12:10:00;735722,63;5,70309
2026-08-08 12:15:00;735723,08;5,28388
2026-08-08 12:20:00;735723,54;5,40344
2026-08-08 12:25:00;735724,05;7,27176
2026-08-08 12:30:00;735724,63;5,71856
2026-08-08 12:35:00;735724,9;3,17848
2026-08-08 12:40:00;735725,18;3,30235
2026-08-08 12:45:00;735725,49;3,73993
2026-08-08 12:50:00;735725,79;3,51145
2026-08-08 12:55:00;735726,07;3,30049
2026-08-08 13:00:00;735726,36;3,68202
2026-08-08 13:05:00;735726,67;3,79891
2026-08-08 13:10:00;735726,96;3,36537
2026-08-08 13:15:00;735727,24;3,33143
2026-08-08 13:20:00;735727,54;3,79701
2026-08-08 13:25:00;735727,85;3,73129
2026-08-08 13:30:00;735728,14;3,34222
2026-08-08 13:35:00;735728,42;3,38286
2026-08-08 13:40:00;735728,74;3,87865
2026-08-08 13:45:00;735729,05;3,8192
2026-08-08 13:50:00;735729,34;3,5429
2026-08-08 13:55:00;735729,63;3,37354
2026-08-08 14:00:00;735729,94;3,7611
2026-08-08 14:05:00;735730,24;3,36223
2026-08-08 14:10:00;735730,51;3,24909
2026-08-08 14:15:00;735730,81;3,72606
2026-08-08 14:20:00;735731,12;3,6537
2026-08-08 14:25:00;735731,41;3,31254
2026-08-08 14:30:00;735731,69;3,44783
2026-08-08 14:35:00;735731,97;3,42585
2026-08-08 14:40:00;735732,24;3,26169
2026-08-08 14:45:00;735732,52;3,44428
2026-08-08 14:50:00;735732,8;3,2577
2026-08-08 14:55:00;735733,11;3,67564
2026-08-08 15:00:00;735733,43;3,85108
2026-08-08 15:05:00;735733,74;3,66016
2026-08-08 15:10:00;735734,03;3,40001
2026-08-08 15:15:00;735734,3;3,24299
2026-08-08 15:20:00;735734,6;3,71021
2026-08-08 15:25:00;735734,91;3,63978
2026-08-08 15:30:00;735735,19;3,25707
2026-08-08 15:35:00;735735,47;3,29282
2026-08-08 15:40:00;735735,78;3,85967
2026-08-08 15:45:00;735736,09;3,77905
2026-08-08 15:50:00;735736,37;3,29315
2026-08-08 16:00:00;735736,96;3,67291
2026-08-08 16:05:00;735737,27;3,70788
2026-08-08 16:10:00;735737,54;3,20593
2026-08-08 16:15:00;735737,82;3,40145
2026-08-08 16:20:00;735738,12;3,69467
2026-08-08 16:25:00;735738,43;3,60988
2026-08-08 16:30:00;735738,7;3,34584
2026-08-08 16:35:00;735738,99;3,69183
2026-08-08 16:40:00;735739,3;3,73112
2026-08-08 16:45:00;735739,59;3,25413
2026-08-08 16:50:00;735739,87;3,45545
2026-08-08 16:55:00;735740,16;3,80654
2026-08-08 17:00:00;735740,48;3,77274
2026-08-08 17:05:00;735740,77;3,4149
2026-08-08 17:10:00;735741,05;3,30095
2026-08-08 17:15:00;735741,36;3,70605
2026-08-08 17:20:00;735741,66;3,67647
2026-08-08 17:25:00;735741,94;3,25759
2026-08-08 17:30:00;735742,21;3,20434
2026-08-08 17:35:00;735742,52;3,73654
2026-08-08 17:40:00;735742,82;3,68845
2026-08-08 17:45:00;735743,1;3,33348
2026-08-08 17:50:00;735743,39;3,64839
2026-08-08 18:00:00;735744;3,37351
2026-08-08 18:05:00;735744,27;3,25826
2026-08-08 18:10:00;735744,57;3,69374
2026-08-08 18:15:00;735744,88;3,78795
2026-08-08 18:20:00;735745,17;3,37801
2026-08-08 18:25:00;735745,45;3,30029
2026-08-08 18:30:00;735745,74;3,65227
2026-08-08 18:35:00;735746,05;3,67531
2026-08-08 18:40:00;735746,32;3,14977
2026-08-08 18:45:00;735746,61;3,41859
2026-08-08 18:50:00;735746,92;3,70892
2026-08-08 18:55:00;735747,24;3,88185
2026-08-08 19:00:00;735747,53;3,57853
2026-08-08 19:05:00;735747,83;3,42223
2026-08-08 19:10:00;735748,15;3,82456
2026-08-08 19:15:00;735748,46;3,81072
2026-08-08 19:20:00;735748,75;3,434
2026-08-08 19:25:00;735749,05;3,72995
2026-08-08 19:30:00;735749,37;3,88518
2026-08-08 19:35:00;735749,67;3,46156
2026-08-08 19:40:00;735749,96;3,33836
2026-08-08 19:45:00;735750,41;5,65669
2026-08-08 19:50:00;735750,81;4,17136
2026-08-08 20:00:00;735751,39;3,50988
2026-08-08 20:05:00;735751,69;3,73483
2026-08-08 20:10:00;735752,01;3,70875
2026-08-08 20:15:00;735752,3;3,42684
2026-08-08 20:20:00;735752,58;3,41045
2026-08-08 20:25:00;735752,95;5,00893
2026-08-08 20:30:00;735753,44;5,57017
2026-08-08 20:35:00;735753,89;4,74736
2026-08-08 20:40:00;735754,28;4,66802
2026-08-08 20:45:00;735754,68;4,80382
2026-08-08 20:50:00;735755,06;4,58744
2026-08-08 20:55:00;735755,49;5,12918
2026-08-08 21:00:00;735755,92;5,18252
2026-08-08 21:05:00;735756,34;5,04363
2026-08-08 21:10:00;735756,74;4,58929
2026-08-08 21:15:00;735757,12;4,66221
2026-08-08 21:20:00;735757,54;5,12661
2026-08-08 21:25:00;735757,96;5,01543
2026-08-08 21:30:00;735758,36;4,75757
2026-08-08 21:35:00;735758,76;4,71105
2026-08-08 21:40:00;735759,19;5,09423
2026-08-08 21:45:00;735759,62;5,28585
2026-08-08 21:50:00;735760,01;4,69532
2026-08-08 22:00:00;735760,81;4,98339
2026-08-08 22:05:00;735761,22;4,84715
2026-08-08 22:10:00;735761,61;4,58445
2026-08-08 22:15:00;735762,01;4,96101
2026-08-08 22:20:00;735762,43;5,08592
2026-08-08 22:25:00;735762,84;4,62551
2026-08-08 22:30:00;735763,23;4,74258
2026-08-08 22:35:00;735763,63;5,04288
2026-08-08 22:40:00;735764,05;5,04041
2026-08-08 22:45:00;735764,45;4,79209
2026-08-08 22:50:00;735764,84;4,65996
2026-08-08 22:55:00;735765,26;5,17125
2026-08-08 23:00:00;735765,68;5,02333
2026-08-08 23:05:00;735766,08;4,62024
2026-08-08 23:10:00;735766,46;4,59327
2026-08-08 23:15:00;735766,88;5,05913
2026-08-08 23:20:00;735767,29;5,01584
2026-08-08 23:25:00;735767,68;4,52642
2026-08-08 23:30:00;735768,07;4,82037
2026-08-08 23:35:00;735768,5;5,06703
2026-08-08 23:40:00;735768,92;5,00821
2026-08-08 23:45:00;735769,31;4,7627
2026-08-08 23:50:00;735769,71;4,85059
2026-08-09 00:05:00;735770,93;4,65932
2026-08-09 00:10:00;735771,33;5,11291
2026-08-09 00:15:00;735771,76;5,00531
2026-08-09 00:20:00;735772,16;4,69608
2026-08-09 00:25:00;735772,54;4,59073
2026-08-09 00:30:00;735772,95;5,02979
2026-08-09 00:35:00;735773,37;5,10872
2026-08-09 00:40:00;735773,77;4,72025
2026-08-09 00:45:00;735774,15;4,65352
2026-08-09 00:50:00;735774,58;5,14245
2026-08-09 00:55:00;735775;5,10304
2026-08-09 01:00:00;735775,4;4,68443
2026-08-09 01:05:00;735775,79;4,80646
2026-08-09 01:10:00;735776,21;4,98134
2026-08-09 01:15:00;735776,62;4,75774
2026-08-09 01:20:00;735777;4,56401
2026-08-09 01:25:00;735777,4;4,87976
2026-08-09 01:30:00;735777,82;5,11393
2026-08-09 01:35:00;735778,23;4,69219
2026-08-09 01:40:00;735778,62;4,8144
2026-08-09 01:45:00;735779,03;5,12376
2026-08-09 01:50:00;735779,46;5,06585
2026-08-09 01:55:00;735779,86;4,68439
2026-08-09 02:00:00;735780,24;4,57518
2026-08-09 02:05:00;735780,66;5,07536
2026-08-09 02:10:00;735781,08;5,14792
2026-08-09 02:15:00;735781,47;4,74976
2026-08-09 02:20:00;735781,86;4,60378
2026-08-09 02:25:00;735782,28;4,99959
2026-08-09 02:30:00;735782,67;4,4702
2026-08-09 02:35:00;735783,05;4,49659
2026-08-09 02:40:00;735783,43;4,59087
2026-08-09 02:45:00;735783,81;4,55544
2026-08-09 02:50:00;735784,2;4,78059
2026-08-09 02:55:00;735784,63;5,0933
2026-08-09 03:00:00;735785,05;5,12832
2026-08-09 03:05:00;735785,47;4,9503
2026-08-09 03:10:00;735785,86;4,62386
2026-08-09 03:15:00;735786,25;4,58787
2026-08-09 03:20:00;735786,67;4,98901
2026-08-09 03:25:00;735787,07;4,99415
2026-08-09 03:30:00;735787,46;4,59862
2026-08-09 03:35:00;735787,86;5,03276
2026-08-09 03:40:00;735788,29;5,06359
2026-08-09 03:45:00;735788,69;4,5605
2026-08-09 03:50:00;735789,16;7,16692
2026-08-09 03:55:00;735789,73;7,05043
2026-08-09 04:00:00;735790,18;5,1635
2026-08-09 04:05:00;735790,58;4,66632
2026-08-09 04:10:00;735790,98;4,88976
2026-08-09 04:15:00;735791,4;5,15634
2026-08-09 04:20:00;735791,83;5,1216
2026-08-09 04:25:00;735792,22;4,66885
2026-08-09 04:35:00;735793,38;6,1976
2026-08-09 04:40:00;735793,8;5,04988
2026-08-09 04:50:00;735794,57;4,67512
2026-08-09 04:55:00;735795;5,1713
2026-08-09 05:05:00;735795,8;4,58923
2026-08-09 05:10:00;735796,2;5,14921
2026-08-09 05:20:00;735797,03;4,6741
2026-08-09 05:25:00;735797,42;4,63481
2026-08-09 05:35:00;735798,25;5,02662
2026-08-09 05:40:00;735798,65;4,66544
2026-08-09 05:45:00;735799,03;4,5728
2026-08-09 05:50:00;735799,44;4,89613
2026-08-09 06:00:00;735800,23;4,52714
2026-08-09 06:05:00;735800,62;4,60347
2026-08-09 06:10:00;735801,05;5,12889
2026-08-09 06:15:00;735801,46;4,68155
2026-08-09 06:20:00;735801,86;4,63043
2026-08-09 06:25:00;735802,26;5,12629
2026-08-09 06:30:00;735802,62;3,77942
2026-08-09 06:35:00;735802,91;3,28401
2026-08-09 06:40:00;735803,18;3,41086
2026-08-09 06:50:00;735803,78;3,66819
2026-08-09 06:55:00;735804,06;3,24654
2026-08-09 07:05:00;735804,64;3,63707
2026-08-09 07:10:00;735804,94;3,63592
2026-08-09 07:20:00;735805,49;3,3846
2026-08-09 07:25:00;735805,8;3,7188
2026-08-09 07:30:00;735806,11;3,57923
2026-08-09 07:35:00;735806,39;3,36662
2026-08-09 07:40:00;735806,67;3,53793
2026-08-09 07:45:00;735806,99;3,57243
2026-08-09 07:50:00;735807,27;3,28954
2026-08-09 08:05:00;735808,13;3,67939
2026-08-09 08:10:00;735808,42;3,34696
2026-08-09 08:20:00;735808,99;3,73388
2026-08-09 08:25:00;735809,3;3,65556
2026-08-09 08:35:00;735809,86;3,30742
2026-08-09 08:40:00;735810,13;3,24066
2026-08-09 08:50:00;735810,67;3,15259
2026-08-09 08:55:00;735810,96;3,57971
2026-08-09 09:00:00;735811,26;3,59534
2026-08-09 09:05:00;735811,55;3,45042
2026-08-09 09:10:00;735811,83;3,12879
2026-08-09 09:20:00;735812,39;3,5548
2026-08-09 09:25:00;735812,69;3,53093
2026-08-09 09:35:00;735813,24;3,18939
2026-08-09 09:40:00;735813,54;3,73608
2026-08-09 09:50:00;735814,12;3,13647
2026-08-09 09:55:00;735814,39;3,16561
2026-08-09 10:05:00;735814,98;3,57551
2026-08-09 10:10:00;735815,24;3,22602
2026-08-09 10:15:00;735815,52;3,29714
2026-08-09 10:20:00;735815,82;3,57641
2026-08-09 10:25:00;735816,11;3,16136
2026-08-09 10:30:00;735816,38;3,26617
2026-08-09 10:35:00;735816,66;3,5852
2026-08-09 10:40:00;735816,97;3,70292
2026-08-09 10:50:00;735817,53;3,27826
2026-08-09 10:55:00;735817,82;3,75539
2026-08-09 11:05:00;735818,4;3,18589
2026-08-09 11:10:00;735818,67;3,17634
2026-08-09 11:20:00;735819,25;3,44541
2026-08-09 11:25:00;735819,52;3,22588
2026-08-09 11:30:00;735819,78;3,17409
2026-08-09 11:35:00;735820,08;3,57509
2026-08-09 11:40:00;735820,38;3,72931
2026-08-09 11:45:00;735820,65;3,11625
2026-08-09 11:50:00;735820,92;3,18327
2026-08-09 12:05:00;735822,05;3,98988
2026-08-09 12:10:00;735822,32;3,27301
2026-08-09 12:20:00;735822,91;3,26225
2026-08-09 12:25:00;735823,18;3,17627
2026-08-09 12:35:00;735824,05;5,76713
2026-08-09 12:40:00;735824,52;5,51818
2026-08-09 12:50:00;735825,44;5,96448
2026-08-09 12:55:00;735825,93;5,81313
2026-08-09 13:00:00;735826,4;5,42941
2026-08-09 13:05:00;735826,85;5,36152
2026-08-09 13:10:00;735827,32;5,73839
2026-08-09 13:20:00;735828,25;5,3872
2026-08-09 13:25:00;735828,7;5,4828
2026-08-09 13:30:00;735829,17;5,7405
2026-08-09 13:35:00;735829,65;5,80422
2026-08-09 13:40:00;735830,11;5,36273
2026-08-09 13:45:00;735830,56;5,30487
2026-08-09 13:50:00;735831,04;5,97629
2026-08-09 14:00:00;735831,98;5,48139
2026-08-09 14:05:00;735832,43;5,51217
2026-08-09 14:10:00;735832,92;5,85655
2026-08-09 14:20:00;735833,87;5,55431
2026-08-09 14:25:00;735834,32;5,57491
2026-08-09 14:35:00;735834,94;3,34767
2026-08-09 14:40:00;735835,21;3,23827
2026-08-09 14:45:00;735835,49;3,30693
2026-08-09 14:50:00;735835,76;3,37059
2026-08-09 14:55:00;735836,08;3,7993
2026-08-09 15:00:00;735836,4;3,86266
2026-08-09 15:05:00;735836,71;3,80653
2026-08-09 15:10:00;735837,01;3,32598
2026-08-09 15:20:00;735837,6;3,8233
2026-08-09 15:25:00;735837,91;3,8727
2026-08-09 15:30:00;735838,22;3,40324
2026-08-09 15:35:00;735838,5;3,47355
2026-08-09 15:40:00;735838,8;3,81779
2026-08-09 15:45:00;735839,12;3,77969
2026-08-09 15:50:00;735839,41;3,39311
2026-08-09 15:55:00;735839,68;3,27172
2026-08-09 16:05:00;735840,3;3,83487
2026-08-09 16:10:00;735840,59;3,40458
2026-08-09 16:20:00;735841,19;3,93726
2026-08-09 16:25:00;735841,5;3,6618
2026-08-09 16:30:00;735841,78;3,25117
2026-08-09 16:35:00;735842,06;3,40138
2026-08-09 16:40:00;735842,37;3,66233
2026-08-09 16:45:00;735842,68;3,79621
2026-08-09 16:50:00;735842,95;3,37608
2026-08-09 16:55:00;735843,23;3,32649
2026-08-09 17:05:00;735843,85;3,60246
2026-08-09 17:10:00;735844,12;3,30355
2026-08-09 17:20:00;735844,71;3,77106
2026-08-09 17:25:00;735845,02;3,84464
2026-08-09 17:35:00;735845,59;3,50554
2026-08-09 17:40:00;735845,9;3,72851
2026-08-09 17:45:00;735846,21;3,65841
2026-08-09 17:50:00;735846,48;3,27831
2026-08-09 18:00:00;735847,06;3,55977
2026-08-09 18:05:00;735847,36;3,48634
2026-08-09 18:10:00;735847,64;3,4346
2026-08-09 18:20:00;735848,23;3,69023
2026-08-09 18:25:00;735848,53;3,2853
2026-08-09 18:35:00;735849,09;3,76349
2026-08-09 18:40:00;735849,39;3,71437
2026-08-09 18:45:00;735849,7;3,46942
2026-08-09 18:50:00;735849,99;3,4057
2026-08-09 18:55:00;735850,3;3,93284
2026-08-09 19:05:00;735850,92;3,30727
2026-08-09 19:10:00;735851,19;3,48486
2026-08-09 19:15:00;735851,49;3,69109
2026-08-09 19:20:00;735851,8;3,73479
2026-08-09 19:25:00;735852,09;3,32115
2026-08-09 19:35:00;735852,85;5,21027
2026-08-09 19:40:00;735853,28;5,07748
2026-08-09 19:50:00;735854,06;4,61225
2026-08-09 19:55:00;735854,49;5,25417
2026-08-09 20:00:00;735854,92;5,13664
2026-08-09 20:05:00;735855,38;7,11723
2026-08-09 20:10:00;735855,93;6,57472
2026-08-09 20:20:00;735856,83;5,18351
2026-08-09 20:25:00;735857,23;4,74856
2026-08-09 20:35:00;735858;4,56611
2026-08-09 20:40:00;735858,39;4,75795
2026-08-09 20:45:00;735858,78;4,7511
2026-08-09 20:50:00;735859,17;4,70569
2026-08-09 20:55:00;735859,6;5,21432
2026-08-09 21:00:00;735860,02;5,07182
2026-08-09 21:05:00;735860,45;5,14554
2026-08-09 21:10:00;735860,88;5,1524
2026-08-09 21:15:00;735861,27;4,69097
2026-08-09 21:20:00;735861,66;4,76572
2026-08-09 21:25:00;735862,08;5,02071
2026-08-09 21:35:00;735862,88;4,63297
2026-08-09 21:40:00;735863,28;5,02788
2026-08-09 21:45:00;735863,7;4,98245
2026-08-09 21:50:00;735864,11;4,76756
2026-08-09 21:55:00;735864,5;4,79375
2026-08-09 22:05:00;735865,33;5,08555
2026-08-09 22:10:00;735865,74;4,7384
2026-08-09 22:20:00;735866,55;5,20356
2026-08-09 22:25:00;735867,17;7,30973
2026-08-09 22:35:00;735868,08;4,64943
2026-08-09 22:40:00;735868,5;5,20941
2026-08-09 22:45:00;735868,92;5,0552
2026-08-09 22:50:00;735869,33;4,78504
2026-08-09 22:55:00;735869,73;4,8409
2026-08-09 23:00:00;735870,16;5,25765
2026-08-09 23:05:00;735870,59;5,22497
2026-08-09 23:10:00;735871;4,78356
2026-08-09 23:20:00;735871,83;5,19146
2026-08-09 23:25:00;735872,26;5,2008
2026-08-09 23:35:00;735873,05;4,59035
2026-08-09 23:40:00;735873,47;5,07519
2026-08-09 23:50:00;735874,27;4,53076
2026-08-09 23:55:00;735874,64;4,53005
2026-08-10 00:10:00;735875,85;4,61138
2026-08-10 00:15:00;735876,25;4,87756
2026-08-10 00:20:00;735876,67;5,00002
2026-08-10 00:25:00;735877,09;4,87533
2026-08-10 00:35:00;735877,87;4,91562
2026-08-10 00:40:00;735878,29;4,99617
2026-08-10 00:45:00;735878,7;4,57458
2026-08-10 00:50:00;735879,08;4,65682
2026-08-10 00:55:00;735879,47;4,9817
2026-08-10 01:00:00;735879,89;5,13579
2026-08-10 01:05:00;735880,29;4,61073
2026-08-10 01:10:00;735880,68;4,55423
2026-08-10 01:15:00;735881,07;5,15072
2026-08-10 01:20:00;735881,49;4,95455
2026-08-10 01:25:00;735881,9;4,64104
2026-08-10 01:35:00;735882,7;5,16878
2026-08-10 01:40:00;735883,13;5,12723
2026-08-10 01:50:00;735883,93;4,62797
2026-08-10 02:00:00;735884,76;5,11296
2026-08-10 02:05:00;735885,15;4,55774
2026-08-10 02:10:00;735885,54;4,63973
2026-08-10 02:20:00;735886,39;5,2966
2026-08-10 02:25:00;735886,8;4,85411
2026-08-10 02:35:00;735887,59;4,70755
2026-08-10 02:40:00;735887,99;4,66509
2026-08-10 02:50:00;735888,78;4,71132
2026-08-10 02:55:00;735889,2;5,21485
2026-08-10 03:00:00;735889,63;5,21303
2026-08-10 03:05:00;735890,06;5,07373
2026-08-10 03:10:00;735890,48;4,98015
2026-08-10 03:15:00;735890,86;4,61475
2026-08-10 03:20:00;735891,26;4,96946
2026-08-10 03:25:00;735891,68;5,02507
2026-08-10 03:35:00;735892,5;4,75967
2026-08-10 03:40:00;735892,9;5,23866
2026-08-10 03:45:00;735893,33;5,10218
2026-08-10 03:50:00;735893,75;4,69174
2026-08-10 03:55:00;735894,15;4,76383
2026-08-10 04:00:00;735894,55;5,06794
2026-08-10 04:05:00;735894,97;5,0332
2026-08-10 04:10:00;735895,38;4,62998
2026-08-10 04:15:00;735895,91;6,6716
2026-08-10 04:20:00;735896,44;6,0889
2026-08-10 04:25:00;735896,87;5,13329
2026-08-10 04:30:00;735897,27;4,65544
2026-08-10 04:35:00;735897,67;4,62313
2026-08-10 04:40:00;735898,07;5,19054
2026-08-10 04:45:00;735898,49;5,02681
2026-08-10 04:50:00;735898,9;4,69041
2026-08-10 04:55:00;735899,29;4,75369
2026-08-10 05:00:00;735899,71;5,25677
2026-08-10 05:05:00;735900,14;5,18281
2026-08-10 05:10:00;735900,55;4,74203
2026-08-10 05:15:00;735900,94;4,60591
2026-08-10 05:20:00;735901,35;5,01708
2026-08-10 05:25:00;735901,77;5,08967
2026-08-10 05:30:00;735902,17;4,67036
2026-08-10 05:35:00;735902,56;4,81596
2026-08-10 05:40:00;735902,98;5,23285
2026-08-10 05:45:00;735903,41;5,14825
2026-08-10 05:50:00;735903,82;4,80303
2026-08-10 05:55:00;735904,21;4,68004
2026-08-10 06:00:00;735904,63;5,10855
2026-08-10 06:05:00;735905,06;5,07076
2026-08-10 06:10:00;735905,45;4,75847
2026-08-10 06:15:00;735905,84;4,68533
2026-08-10 06:20:00;735906,26;5,14332
2026-08-10 06:25:00;735906,8;7,57917
2026-08-10 06:30:00;735907,37;6,7255
2026-08-10 06:35:00;735907,68;3,32402
2026-08-10 06:40:00;735907,99;3,67645
2026-08-10 06:45:00;735908,29;3,70753
2026-08-10 06:50:00;735908,64;4,90176
2026-08-10 06:55:00;735909;4,40756
2026-08-10 07:00:00;735909,39;4,63754
2026-08-10 07:05:00;735909,77;4,29913
2026-08-10 07:10:00;735910,07;3,72695
2026-08-10 07:15:00;735910,5;5,5265
2026-08-10 07:20:00;735910,93;4,99322
2026-08-10 07:25:00;735911,29;4,02024
2026-08-10 07:30:00;735911,71;5,1627
2026-08-10 07:35:00;735912,16;5,57407
2026-08-10 07:40:00;735912,62;5,59166
2026-08-10 07:45:00;735913,07;5,16924
2026-08-10 07:50:00;735913,5;5,34036
2026-08-10 08:00:00;735914,44;5,71783
2026-08-10 08:05:00;735914,87;5,22414
2026-08-10 08:10:00;735915,34;5,97457
2026-08-10 08:15:00;735915,82;5,91275
2026-08-10 08:20:00;735916,33;6,23157
2026-08-10 08:25:00;735916,84;6,19924
2026-08-10 08:30:00;735917,5;8,01868
2026-08-10 08:35:00;735918,16;8,0356
2026-08-10 08:40:00;735918,83;8,36053
2026-08-10 08:45:00;735919,55;8,77482
2026-08-10 08:50:00;735920,54;12,98651
2026-08-10 08:55:00;735921,89;17,47165
2026-08-10 09:00:00;735923,44;18,6657
2026-08-10 09:05:00;735925;18,61368
2026-08-10 09:10:00;735926,55;18,39384
2026-08-10 09:15:00;735928,09;18,46471
2026-08-10 09:20:00;735929,57;18,49754
2026-08-10 09:25:00;735930,28;8,34328
2026-08-10 09:30:00;735931;9,43917
2026-08-10 09:35:00;735931,81;9,73913
2026-08-10 09:40:00;735932,62;9,55719
2026-08-10 09:45:00;735933,39;9,11565
2026-08-10 09:50:00;735934,21;9,00026
2026-08-10 10:00:00;735935,74;9,51662
2026-08-10 10:05:00;735936,53;9,32265
2026-08-10 10:10:00;735937,29;9,19833
2026-08-10 10:15:00;735938,06;9,26675
2026-08-10 10:20:00;735938,85;9,58099
2026-08-10 10:25:00;735939,62;9,23693
2026-08-10 10:30:00;735940,39;9,11789
2026-08-10 10:35:00;735941,16;9,46863
2026-08-10 10:40:00;735941,98;9,83201
2026-08-10 10:45:00;735942,76;9,29333
2026-08-10 10:50:00;735943,54;9,25135
2026-08-10 10:55:00;735944,33;9,64828
2026-08-10 11:00:00;735945,16;10,26345
2026-08-10 11:05:00;735945,95;9,40503
2026-08-10 11:10:00;735946,74;9,23081
2026-08-10 11:15:00;735947,56;9,84023
2026-08-10 11:20:00;735948,37;9,64703
2026-08-10 11:25:00;735949,16;9,35624
2026-08-10 11:30:00;735949,97;9,59582
2026-08-10 11:35:00;735950,79;9,79505
2026-08-10 11:40:00;735951,61;10,50542
2026-08-10 11:45:00;735952,41;9,47851
2026-08-10 11:50:00;735953,2;9,47698
2026-08-10 12:00:00;735954,76;9,15033
2026-08-10 12:05:00;735955,48;8,59381
2026-08-10 12:10:00;735956,33;10,23371
2026-08-10 12:15:00;735957,14;9,68419
2026-08-10 12:20:00;735957,93;9,42882
2026-08-10 12:25:00;735958,71;9,35664
2026-08-10 12:30:00;735959,54;10,24016
2026-08-10 12:35:00;735960,4;10,48392
2026-08-10 12:40:00;735961,2;9,63292
2026-08-10 12:45:00;735962,12;11,80537
2026-08-10 12:50:00;735963,14;12,3605
2026-08-10 12:55:00;735963,97;9,54857
2026-08-10 13:00:00;735964,74;8,90638
2026-08-10 13:05:00;735965,51;9,74155
2026-08-10 13:10:00;735966,26;8,94326
2026-08-10 13:15:00;735966,99;8,74232
2026-08-10 13:20:00;735967,7;8,50639
2026-08-10 13:25:00;735968,44;8,81678
2026-08-10 13:30:00;735969,17;8,90147
2026-08-10 13:35:00;735969,86;8,26037
2026-08-10 13:40:00;735970,54;8,10346
2026-08-10 13:45:00;735971,25;8,41119
2026-08-10 13:50:00;735971,94;8,32462
2026-08-10 14:00:00;735973,27;7,94213
2026-08-10 14:05:00;735973,98;8,78952
2026-08-10 14:10:00;735974,67;8,00234
2026-08-10 14:15:00;735975,33;7,98564
2026-08-10 14:20:00;735976,02;8,56381
2026-08-10 14:25:00;735976,8;9,14075
2026-08-10 14:30:00;735977,67;10,16442
2026-08-10 14:35:00;735978,43;8,2778
2026-08-10 14:40:00;735979,01;6,72229
2026-08-10 14:45:00;735979,59;6,79401
2026-08-10 14:50:00;735980,19;7,17086
2026-08-10 14:55:00;735980,78;7,23109
2026-08-10 15:00:00;735981,4;7,28292
2026-08-10 15:05:00;735982;7,37419
2026-08-10 15:10:00;735982,61;6,88076
2026-08-10 15:15:00;735983,25;7,86539
2026-08-10 15:20:00;735983,91;7,6087
2026-08-10 15:25:00;735984,74;9,79097
2026-08-10 15:30:00;735985,52;9,12367
2026-08-10 15:35:00;735986,27;8,95763
2026-08-10 15:40:00;735987,04;9,59668
2026-08-10 15:45:00;735987,82;9,09396
2026-08-10 15:50:00;735988,59;9,36911
2026-08-10 16:00:00;735990,21;10,05324
2026-08-10 16:05:00;735991,1;10,71465
2026-08-10 16:10:00;735991,98;10,23
2026-08-10 16:15:00;735992,86;10,75837
2026-08-10 16:20:00;735993,72;9,66168
2026-08-10 16:25:00;735994,48;8,48254
2026-08-10 16:30:00;735995,31;10,14818
2026-08-10 16:35:00;735996,04;9,11848
2026-08-10 16:40:00;735996,86;10,13712
2026-08-10 16:45:00;735997,6;8,33223
2026-08-10 16:50:00;735998,36;9,82323
2026-08-10 16:55:00;735999,02;7,45395
2026-08-10 17:00:00;735999,67;8,5907
2026-08-10 17:05:00;736000,33;7,36736
2026-08-10 17:10:00;736000,92;6,88663
2026-08-10 17:15:00;736001,64;8,82743
2026-08-10 17:20:00;736002,24;7,13364
2026-08-10 17:25:00;736002,91;8,05236
2026-08-10 17:30:00;736003,49;6,82212
2026-08-10 17:35:00;736004,18;8,52942
2026-08-10 17:40:00;736004,81;6,70997
2026-08-10 17:45:00;736005,4;7,40121
2026-08-10 17:50:00;736006,08;8,45186
2026-08-10 18:00:00;736007,15;5,86658
2026-08-10 18:05:00;736007,64;5,92737
2026-08-10 18:10:00;736008,14;6,43245
2026-08-10 18:15:00;736008,62;5,38361
2026-08-10 18:20:00;736009,02;4,28093
2026-08-10 18:25:00;736009,37;4,23163
2026-08-10 18:30:00;736009,75;4,5306
2026-08-10 18:35:00;736010,12;4,49292
2026-08-10 18:40:00;736010,47;4,16537
2026-08-10 18:45:00;736010,83;4,37123
2026-08-10 18:50:00;736011,2;4,38585
2026-08-10 18:55:00;736011,54;4,05594
2026-08-10 19:00:00;736011,85;3,82196
2026-08-10 19:05:00;736012,17;3,97714
2026-08-10 19:10:00;736012,51;4,09212
2026-08-10 19:15:00;736012,84;3,71254
2026-08-10 19:20:00;736013,16;3,8339
2026-08-10 19:25:00;736013,49;4,16073
2026-08-10 19:30:00;736013,83;4,2131
2026-08-10 19:35:00;736014,14;3,62879
2026-08-10 19:40:00;736014,44;3,55051
2026-08-10 19:45:00;736014,76;4,0564
2026-08-10 19:50:00;736015,1;4,02813
2026-08-10 19:55:00;736015,41;3,58555
2026-08-10 20:00:00;736015,73;3,82883
2026-08-10 20:05:00;736016,06;4,08822
2026-08-10 20:10:00;736016,41;4,19176
2026-08-10 20:15:00;736016,72;3,67843
2026-08-10 20:20:00;736017,02;3,68609
2026-08-10 20:25:00;736017,36;4,00986
2026-08-10 20:30:00;736017,73;4,95936
2026-08-10 20:35:00;736018,15;5,01772
2026-08-10 20:40:00;736018,57;5,0999
2026-08-10 20:45:00;736019;5,12973
2026-08-10 20:50:00;736019,42;5,11414
2026-08-10 20:55:00;736019,84;4,9527
2026-08-10 21:00:00;736020,29;5,40795
2026-08-10 21:05:00;736020,73;5,25767
2026-08-10 21:10:00;736021,18;5,39798
2026-08-10 21:15:00;736021,62;5,15378
2026-08-10 21:20:00;736022,05;5,1875
2026-08-10 21:25:00;736022,5;5,55186
2026-08-10 21:30:00;736022,97;5,60775
2026-08-10 21:35:00;736023,39;5,08455
2026-08-10 21:40:00;736023,82;5,09562
2026-08-10 21:45:00;736024,27;5,37894
2026-08-10 21:50:00;736024,72;5,3756
2026-08-10 21:55:00;736025,13;4,94726
2026-08-10 22:00:00;736025,56;5,1842
2026-08-10 22:05:00;736026,01;5,38754
2026-08-10 22:10:00;736026,45;5,15611
2026-08-10 22:15:00;736026,86;5,08377
2026-08-10 22:20:00;736027,3;5,55091
2026-08-10 22:25:00;736027,75;5,36896
2026-08-10 22:30:00;736028,37;7,45721
2026-08-10 22:35:00;736028,94;6,56977
2026-08-10 22:40:00;736029,39;5,47806
2026-08-10 22:50:00;736030,27;5,03885
2026-08-10 22:55:00;736030,68;4,93719
2026-08-10 23:00:00;736031,12;5,41601
2026-08-10 23:05:00;736031,56;5,34413
2026-08-10 23:10:00;736031,98;4,91563
2026-08-10 23:15:00;736032,4;4,97296
2026-08-10 23:20:00;736032,85;5,33426
2026-08-10 23:25:00;736033,3;5,40892
2026-08-10 23:30:00;736033,72;5,00518
2026-08-10 23:35:00;736034,14;5,07634
2026-08-10 23:40:00;736034,6;5,34142
2026-08-10 23:50:00;736035,46;5,07396
2026-08-11 00:05:00;736036,79;5,04606
2026-08-11 00:10:00;736037,21;4,99015
2026-08-11 00:15:00;736037,65;5,52089
2026-08-11 00:20:00;736038,11;5,39429
2026-08-11 00:25:00;736038,54;5,0716
2026-08-11 00:30:00;736038,96;5,14352
2026-08-11 00:35:00;736039,42;5,60378
2026-08-11 00:40:00;736039,87;5,5115
2026-08-11 00:45:00;736040,3;5,18923
2026-08-11 00:50:00;736040,77;6,03917
2026-08-11 00:55:00;736041,4;7,44193
2026-08-11 01:05:00;736042,33;5,0296
2026-08-11 01:10:00;736042,75;5,17172
2026-08-11 01:20:00;736043,62;4,87329
2026-08-11 01:25:00;736044,03;4,81618
2026-08-11 01:30:00;736044,46;5,37822
2026-08-11 01:35:00;736044,9;5,25441
2026-08-11 01:40:00;736045,32;4,95427
2026-08-11 01:45:00;736045,74;5,11386
2026-08-11 01:50:00;736046,19;5,47905
2026-08-11 01:55:00;736046,65;5,44552
2026-08-11 02:00:00;736047,08;5,11039
2026-08-11 02:05:00;736047,51;5,00702
2026-08-11 02:10:00;736047,96;5,43653
2026-08-11 02:15:00;736048,41;5,38664
2026-08-11 02:20:00;736048,82;4,99963
2026-08-11 02:25:00;736049,25;5,04525
2026-08-11 02:35:00;736050,14;5,0348
2026-08-11 02:40:00;736050,56;5,14391
2026-08-11 02:45:00;736050,97;5,0321
2026-08-11 02:50:00;736051,39;5,10299
2026-08-11 02:55:00;736051,82;5,0642
2026-08-11 03:05:00;736052,72;5,4033
2026-08-11 03:10:00;736053,18;5,55344
2026-08-11 03:15:00;736053,61;5,05723
2026-08-11 03:20:00;736054,03;5,12224
2026-08-11 03:25:00;736054,47;5,30005
2026-08-11 03:30:00;736054,91;5,07004
2026-08-11 03:35:00;736055,32;4,9377
2026-08-11 03:40:00;736055,74;5,37461
2026-08-11 03:45:00;736056,19;5,41094
2026-08-11 03:50:00;736056,63;5,04626
2026-08-11 03:55:00;736057,06;5,10116
2026-08-11 04:00:00;736057,5;5,48406
2026-08-11 04:05:00;736057,96;5,35622
2026-08-11 04:10:00;736058,38;4,98673
2026-08-11 04:15:00;736058,8;5,00859
2026-08-11 04:20:00;736059,25;5,38167
2026-08-11 04:25:00;736059,71;5,58293
2026-08-11 04:30:00;736060,13;5,09925
2026-08-11 04:35:00;736060,56;5,23814
2026-08-11 04:40:00;736061,01;5,43975
2026-08-11 04:45:00;736061,45;5,12236
2026-08-11 04:50:00;736061,87;5,02458
2026-08-11 04:55:00;736062,31;5,53603
2026-08-11 05:00:00;736062,77;5,50448
2026-08-11 05:05:00;736063,29;6,27503
2026-08-11 05:10:00;736063,8;6,02376
2026-08-11 05:15:00;736064,34;6,5494
2026-08-11 05:20:00;736064,88;6,43654
2026-08-11 05:25:00;736065,33;5,02741
2026-08-11 05:30:00;736065,75;5,06171
2026-08-11 05:35:00;736066,2;5,36145
2026-08-11 05:40:00;736066,64;5,29021
2026-08-11 05:45:00;736067,05;5,00525
2026-08-11 05:50:00;736067,47;4,96897
2026-08-11 06:00:00;736068,37;5,03671
2026-08-11 06:05:00;736068,79;4,96263
2026-08-11 06:10:00;736069,22;5,44756
2026-08-11 06:15:00;736069,67;5,49242
2026-08-11 06:20:00;736070,11;5,08732
2026-08-11 06:25:00;736070,53;5,10241
2026-08-11 06:30:00;736071,08;8,99426
2026-08-11 06:35:00;736071,67;6,42545
2026-08-11 06:40:00;736072,03;3,65689
2026-08-11 06:45:00;736072,32;3,55749
2026-08-11 06:50:00;736072,66;4,098
2026-08-11 06:55:00;736072,99;3,9803
2026-08-11 07:00:00;736073,39;4,87149
2026-08-11 07:05:00;736073,8;4,88215
2026-08-11 07:10:00;736074,23;5,26819
2026-08-11 07:15:00;736074,67;4,94347
2026-08-11 07:20:00;736075,17;6,69628
2026-08-11 07:25:00;736075,75;7,18102
2026-08-11 07:30:00;736076,3;6,0407
2026-08-11 07:35:00;736076,79;5,73292
2026-08-11 07:40:00;736077,27;5,81538
2026-08-11 07:45:00;736077,78;6,27763
2026-08-11 07:50:00;736078,29;6,16367
2026-08-11 08:00:00;736079,24;6,29138
2026-08-11 08:05:00;736079,8;6,7522
2026-08-11 08:10:00;736080,37;7,52094
2026-08-11 08:15:00;736081;7,97704
2026-08-11 08:20:00;736081,7;8,36876
2026-08-11 08:25:00;736082,45;9,05465
2026-08-11 08:30:00;736083,2;8,74391
2026-08-11 08:35:00;736083,91;7,9641
2026-08-11 08:40:00;736084,61;9,14811
2026-08-11 08:45:00;736085,37;8,99621
2026-08-11 08:50:00;736086,12;9,0203
2026-08-11 08:55:00;736086,87;9,11022
2026-08-11 09:00:00;736087,66;9,46764
2026-08-11 09:05:00;736088,46;9,43626
2026-08-11 09:10:00;736089,2;8,64949
2026-08-11 09:15:00;736089,92;9,07812
2026-08-11 09:20:00;736090,69;9,13264
2026-08-11 09:25:00;736091,47;9,11386
2026-08-11 09:30:00;736092,21;8,9768
2026-08-11 09:35:00;736092,93;8,57914
2026-08-11 09:40:00;736093,68;9,29391
2026-08-11 09:45:00;736094,47;9,27247
2026-08-11 09:50:00;736095,19;8,13886
2026-08-11 09:55:00;736095,99;9,75881
2026-08-11 10:00:00;736096,81;10,32796
2026-08-11 10:05:00;736097,61;9,37618
2026-08-11 10:10:00;736098,37;8,98642
2026-08-11 10:15:00;736099,11;8,8385
2026-08-11 10:20:00;736099,88;9,37144
2026-08-11 10:25:00;736100,59;8,5273
2026-08-11 10:30:00;736101,4;10,20062
2026-08-11 10:35:00;736102,23;9,80483
2026-08-11 10:40:00;736103,03;9,54574
2026-08-11 10:45:00;736103,84;9,60847
2026-08-11 10:50:00;736104,61;9,28685
2026-08-11 10:55:00;736105,4;9,46147
2026-08-11 11:00:00;736106,2;9,20331
2026-08-11 11:05:00;736106,96;8,70205
2026-08-11 11:10:00;736107,81;10,17001
2026-08-11 11:15:00;736108,68;10,71451
2026-08-11 11:20:00;736109,53;10,16309
2026-08-11 11:25:00;736110,37;10,09152
2026-08-11 11:30:00;736111,23;9,85796
2026-08-11 11:35:00;736112,07;10,34303
2026-08-11 11:40:00;736112,86;9,38047
2026-08-11 11:45:00;736113,72;10,87682
2026-08-11 11:50:00;736114,57;10,01853
2026-08-11 12:00:00;736116,29;10,35283
2026-08-11 12:05:00;736117,11;9,88868
2026-08-11 12:10:00;736117,93;9,79611
2026-08-11 12:15:00;736118,74;9,54245
2026-08-11 12:20:00;736119,53;9,40688
2026-08-11 12:25:00;736120,31;9,32479
2026-08-11 12:30:00;736121,09;9,65826
2026-08-11 12:35:00;736121,9;9,69159
2026-08-11 12:40:00;736122,69;9,51283
2026-08-11 12:45:00;736123,51;9,97562
2026-08-11 12:50:00;736124,3;9,53724
2026-08-11 12:55:00;736125,09;9,41026
2026-08-11 13:00:00;736125,86;9,29578
2026-08-11 13:05:00;736126,62;9,35527
2026-08-11 13:10:00;736127,64;12,55144
2026-08-11 13:15:00;736128,68;12,32357
2026-08-11 13:20:00;736129,68;11,96513
2026-08-11 13:25:00;736130,68;11,89338
2026-08-11 13:30:00;736131,72;12,48725
2026-08-11 13:35:00;736132,75;12,06294
2026-08-11 13:40:00;736133,75;12,24448
2026-08-11 13:45:00;736134,79;12,41896
2026-08-11 13:50:00;736135,84;12,70678
2026-08-11 13:55:00;736136,88;12,1963
2026-08-11 14:00:00;736137,89;12,16825
2026-08-11 14:05:00;736138,94;12,71567
2026-08-11 14:10:00;736139,99;12,57424
2026-08-11 14:15:00;736141,02;12,31644
2026-08-11 14:20:00;736142,04;12,24891
2026-08-11 14:25:00;736143,11;12,6661
2026-08-11 14:30:00;736144,15;12,41225
2026-08-11 14:35:00;736145,36;14,12419
2026-08-11 14:40:00;736146,46;11,74985
2026-08-11 14:45:00;736147,45;11,96577
2026-08-11 14:50:00;736148,42;11,61028
2026-08-11 14:55:00;736149,38;11,54994
2026-08-11 15:00:00;736150,38;12,08041
2026-08-11 15:05:00;736151,39;12,04174
2026-08-11 15:10:00;736152,41;12,24106
2026-08-11 15:15:00;736153,36;10,65963
2026-08-11 15:20:00;736154,19;10,00237
2026-08-11 15:25:00;736155,04;10,28013
2026-08-11 15:30:00;736155,92;10,53926
2026-08-11 15:35:00;736156,75;9,85156
2026-08-11 15:40:00;736157,58;10,01707
2026-08-11 15:45:00;736158,47;11,22023
2026-08-11 15:50:00;736159,33;10,30861
2026-08-11 15:55:00;736160,16;9,80978
2026-08-11 16:00:00;736160,98;10,04365
2026-08-11 16:05:00;736161,92;11,47428
2026-08-11 16:10:00;736162,87;11,01607
2026-08-11 16:15:00;736163,8;11,05326
2026-08-11 16:20:00;736164,73;11,43278
2026-08-11 16:25:00;736165,63;10,2753
2026-08-11 16:30:00;736166,47;9,92911
2026-08-11 16:35:00;736167,29;9,85736
2026-08-11 16:40:00;736168,05;9,16483
2026-08-11 16:45:00;736168,94;10,82373
2026-08-11 16:50:00;736169,82;10,32446
2026-08-11 16:55:00;736170,57;8,73521
2026-08-11 17:00:00;736171,43;10,65407
2026-08-11 17:05:00;736172,32;10,61
2026-08-11 17:10:00;736173,06;8,66815
2026-08-11 17:15:00;736173,89;10,21303
2026-08-11 17:20:00;736174,78;10,6666
2026-08-11 17:25:00;736175,55;9,23289
2026-08-11 17:30:00;736176,35;10,35823
2026-08-11 17:35:00;736177,2;10,45119
2026-08-11 17:40:00;736177,97;9,2366
2026-08-11 17:45:00;736178,68;7,69016
2026-08-11 17:50:00;736179,14;4,43963
2026-08-11 17:55:00;736179,53;4,77281
2026-08-11 18:00:00;736179,93;4,72863
2026-08-11 18:05:00;736180,29;3,95355
2026-08-11 18:10:00;736180,61;3,66006
2026-08-11 18:15:00;736180,92;4,08045
2026-08-11 18:20:00;736181,26;4,00581
2026-08-11 18:25:00;736181,58;3,65652
2026-08-11 18:30:00;736181,89;3,65885
2026-08-11 18:35:00;736182,22;4,14745
2026-08-11 18:40:00;736182,56;4,05419
2026-08-11 18:45:00;736182,89;3,75156
2026-08-11 18:50:00;736183,21;3,81543
2026-08-11 18:55:00;736183,55;4,1137
2026-08-11 19:00:00;736183,89;4,0981
2026-08-11 19:05:00;736184,21;3,72818
2026-08-11 19:10:00;736184,51;3,65033
2026-08-11 19:15:00;736184,85;4,01468
2026-08-11 19:20:00;736185,19;3,98887
2026-08-11 19:25:00;736185,49;3,57614
2026-08-11 19:30:00;736185,79;3,58603
2026-08-11 19:35:00;736186,13;4,09168
2026-08-11 19:40:00;736186,46;4,06068
2026-08-11 19:45:00;736186,77;3,71825
2026-08-11 19:50:00;736187,09;3,75332
2026-08-11 20:00:00;736187,78;4,13706
2026-08-11 20:05:00;736188,1;3,74625
2026-08-11 20:10:00;736188,43;3,95365
2026-08-11 20:15:00;736188,78;4,21898
2026-08-11 20:20:00;736189,12;4,09729
2026-08-11 20:25:00;736189,45;4,13575
2026-08-11 20:30:00;736189,88;5,39122
2026-08-11 20:35:00;736190,33;5,09066
2026-08-11 20:40:00;736190,76;5,09369
2026-08-11 20:45:00;736191,18;5,05088
2026-08-11 20:50:00;736191,61;5,10837
2026-08-11 20:55:00;736192,04;5,10557
2026-08-11 21:00:00;736192,51;5,56821
2026-08-11 21:05:00;736192,97;5,49031
2026-08-11 21:10:00;736193,44;5,54445
2026-08-11 21:15:00;736193,9;5,4907
2026-08-11 21:20:00;736194,32;5,02816
2026-08-11 21:25:00;736194,75;5,36333
2026-08-11 21:30:00;736195,19;5,30541
2026-08-11 21:35:00;736195,63;4,97852
2026-08-11 21:40:00;736196,04;4,85301
2026-08-11 21:45:00;736196,46;5,3951
2026-08-11 21:50:00;736196,9;5,33291
2026-08-11 21:55:00;736197,34;4,99959
2026-08-11 22:00:00;736197,75;5,08073
2026-08-11 22:05:00;736198,18;5,44643
2026-08-11 22:10:00;736198,63;5,32593
2026-08-11 22:15:00;736199,08;5,09485
2026-08-11 22:20:00;736199,49;5,02505
2026-08-11 22:25:00;736199,93;5,47877
2026-08-11 22:30:00;736200,39;5,47564
2026-08-11 22:35:00;736200,84;5,11987
2026-08-11 22:40:00;736201,26;4,95111
2026-08-11 22:45:00;736201,69;5,38163
2026-08-11 22:50:00;736202,14;5,41762
2026-08-11 22:55:00;736202,57;4,96714
2026-08-11 23:00:00;736202,98;4,91126
2026-08-11 23:05:00;736203,41;5,40041
2026-08-11 23:10:00;736203,86;5,41171
2026-08-11 23:15:00;736204,31;5,04929
2026-08-11 23:20:00;736204,73;5,06894
2026-08-11 23:25:00;736205,17;5,36931
2026-08-11 23:30:00;736205,62;5,37939
2026-08-11 23:35:00;736206,05;5,06075
2026-08-11 23:40:00;736206,46;5,04084
2026-08-11 23:45:00;736206,9;5,39959
2026-08-11 23:50:00;736207,35;5,40794
2026-08-11 23:55:00;736207,76;4,9448
2026-08-12 00:00:00;736208,18;4,92594
2026-08-12 00:05:00;736208,61;5,27358
2026-08-12 00:10:00;736209,05;5,28639
2026-08-12 00:15:00;736209,46;4,78812
2026-08-12 00:20:00;736209,87;4,9397
2026-08-12 00:25:00;736210,31;5,40539
2026-08-12 00:30:00;736210,76;5,37636
2026-08-12 00:35:00;736211,19;5,12337
2026-08-12 00:40:00;736211,62;5,17645
2026-08-12 00:45:00;736212,07;5,48288
2026-08-12 00:50:00;736212,52;5,35922
2026-08-12 00:55:00;736212,94;4,91419
2026-08-12 01:00:00;736213,35;4,86809
2026-08-12 01:05:00;736213,8;5,40302
2026-08-12 01:10:00;736214,25;5,39094
2026-08-12 01:15:00;736214,67;5,13528
2026-08-12 01:20:00;736215,1;5,15654
2026-08-12 01:25:00;736215,56;5,52175
2026-08-12 01:30:00;736216,01;5,1843
2026-08-12 01:35:00;736216,44;5,15311
2026-08-12 01:40:00;736216,87;5,49862
2026-08-12 01:45:00;736217,33;5,60297
2026-08-12 01:50:00;736217,77;5,08978
2026-08-12 02:00:00;736218,64;5,75132
2026-08-12 02:05:00;736219,11;5,56192
2026-08-12 02:10:00;736219,55;5,11447
2026-08-12 02:15:00;736219,98;5,0968
2026-08-12 02:20:00;736220,43;5,44042
2026-08-12 02:25:00;736220,89;5,40392
2026-08-12 02:30:00;736221,31;5,15987
2026-08-12 02:35:00;736221,73;5,04614
2026-08-12 02:40:00;736222,16;5,09707
2026-08-12 02:45:00;736222,58;5,05032
2026-08-12 02:50:00;736223;5,0748
2026-08-12 02:55:00;736223,42;5,05085
2026-08-12 03:00:00;736223,88;5,59037
2026-08-12 03:05:00;736224,33;5,44303
2026-08-12 03:10:00;736224,79;5,3865
2026-08-12 03:15:00;736225,23;5,02397
2026-08-12 03:20:00;736225,64;4,97554
2026-08-12 03:25:00;736226,07;5,28276
2026-08-12 03:30:00;736226,51;5,2535
2026-08-12 03:35:00;736226,94;4,89733
2026-08-12 03:40:00;736227,35;4,80258
2026-08-12 03:45:00;736227,78;5,43179
2026-08-12 03:50:00;736228,23;5,39248
2026-08-12 04:00:00;736229,06;4,93912
2026-08-12 04:05:00;736229,5;5,56367
2026-08-12 04:10:00;736229,95;5,3778
2026-08-12 04:15:00;736230,38;5,00043
2026-08-12 04:20:00;736230,79;4,93785
2026-08-12 04:30:00;736231,67;5,26708
2026-08-12 04:35:00;736232,09;4,9689
2026-08-12 04:45:00;736232,95;5,40513
2026-08-12 04:50:00;736233,4;5,41753
2026-08-12 05:00:00;736234,24;5,34675
2026-08-12 05:05:00;736234,78;6,61683
2026-08-12 05:15:00;736235,82;6,04125
2026-08-12 05:20:00;736236,34;6,44697
2026-08-12 05:25:00;736236,82;5,35189
2026-08-12 05:30:00;736237,25;4,99667
2026-08-12 05:35:00;736237,66;4,91277
2026-08-12 05:40:00;736238,1;5,44414
2026-08-12 05:45:00;736238,54;5,29333
2026-08-12 05:50:00;736238,96;4,85557
2026-08-12 05:55:00;736239,37;4,95582
2026-08-12 06:00:00;736239,81;5,35965
2026-08-12 06:05:00;736240,27;5,44962
2026-08-12 06:10:00;736240,7;5,16342
2026-08-12 06:15:00;736241,13;5,11592
2026-08-12 06:20:00;736241,6;5,58168
2026-08-12 06:25:00;736242,06;5,49376
2026-08-12 06:30:00;736242,48;5,1048
2026-08-12 06:35:00;736242,85;4,08271
2026-08-12 06:45:00;736243,52;3,72853
2026-08-12 06:50:00;736243,83;3,69204
2026-08-12 07:00:00;736244,62;5,60155
2026-08-12 07:05:00;736245,07;5,19155
2026-08-12 07:10:00;736245,51;5,1732
2026-08-12 07:15:00;736245,96;5,63253
2026-08-12 07:20:00;736246,52;7,31739
2026-08-12 07:30:00;736247,62;5,81596
2026-08-12 07:35:00;736248,15;6,29052
2026-08-12 07:45:00;736249,16;5,8706
2026-08-12 07:50:00;736249,65;5,97872
2026-08-12 07:55:00;736250,11;5,33179
2026-08-12 08:00:00;736250,63;6,55477
2026-08-12 08:05:00;736251,17;6,47482
2026-08-12 08:10:00;736251,7;6,42317
2026-08-12 08:15:00;736252,24;6,51176
2026-08-12 08:20:00;736252,76;6,20404
2026-08-12 08:30:00;736253,8;6,59685
2026-08-12 08:35:00;736254,28;5,12971
2026-08-12 08:45:00;736255,35;6,52284
2026-08-12 08:50:00;736255,85;5,91359
2026-08-12 08:55:00;736256,34;5,84414
2026-08-12 09:00:00;736256,88;6,51794
2026-08-12 09:05:00;736257,42;6,48046
2026-08-12 09:10:00;736257,96;6,42013
2026-08-12 09:15:00;736258,47;6,14817
2026-08-12 09:20:00;736258,98;6,08599
2026-08-12 09:30:00;736260;5,53324
2026-08-12 09:35:00;736260,43;5,08309
2026-08-12 09:40:00;736260,96;6,56927
2026-08-12 09:45:00;736261,56;7,29742
2026-08-12 09:50:00;736262,12;6,52148
2026-08-12 09:55:00;736262,63;6,05075
2026-08-12 10:00:00;736263,14;6,30757
2026-08-12 10:05:00;736263,69;6,50852
2026-08-12 10:15:00;736264,75;6,27873
2026-08-12 10:20:00;736265,23;5,67678
2026-08-12 10:30:00;736266,24;6,79672
2026-08-12 10:35:00;736266,82;6,94943
2026-08-12 10:40:00;736267,38;6,66569
2026-08-12 10:45:00;736267,94;6,81266
2026-08-12 10:50:00;736268,48;6,34563
2026-08-12 10:55:00;736269,01;6,38016
2026-08-12 11:00:00;736269,56;6,91535
2026-08-12 11:05:00;736270,13;6,84585
2026-08-12 11:15:00;736271,12;5,43256
2026-08-12 11:20:00;736271,63;7,15596
2026-08-12 11:25:00;736272,24;7,46355
2026-08-12 11:30:00;736272,83;6,57015
2026-08-12 11:35:00;736273,38;6,61926
2026-08-12 11:45:00;736274,53;6,94108
2026-08-12 11:50:00;736275,08;6,66485
2026-08-12 12:05:00;736276,72;5,78035
2026-08-12 12:15:00;736277,77;6,86687
2026-08-12 12:20:00;736278,37;6,95783
2026-08-12 12:30:00;736279,45;6,31492
2026-08-12 12:35:00;736279,99;6,7616
2026-08-12 12:40:00;736280,57;6,96527
2026-08-12 12:45:00;736281,15;6,66665
2026-08-12 12:50:00;736281,69;6,62362
2026-08-12 13:00:00;736282,69;6,0015
2026-08-12 13:05:00;736283,31;7,14546
2026-08-12 13:15:00;736284,47;6,98855
2026-08-12 13:20:00;736285,06;7,11311
2026-08-12 13:30:00;736286,18;6,60241
2026-08-12 13:35:00;736286,75;7,20455
2026-08-12 13:40:00;736287,33;6,95126
2026-08-12 13:45:00;736287,92;6,77401
2026-08-12 13:50:00;736288,48;6,69047
2026-08-12 13:55:00;736289,05;7,15911
2026-08-12 14:00:00;736289,66;7,79092
2026-08-12 14:05:00;736290,24;6,73127
2026-08-12 14:10:00;736290,79;6,6584
2026-08-12 14:15:00;736291,36;7,16733
2026-08-12 14:20:00;736291,96;7,00013
2026-08-12 14:25:00;736292,52;6,65103
2026-08-12 14:30:00;736293,08;6,61144
2026-08-12 14:35:00;736293,64;6,62309
2026-08-12 14:40:00;736294,2;6,6761
2026-08-12 14:45:00;736294,75;6,7399
2026-08-12 14:50:00;736295,32;6,70317
2026-08-12 14:55:00;736295,88;6,87455
2026-08-12 15:00:00;736296,47;7,10607
2026-08-12 15:05:00;736297,08;7,04322
2026-08-12 15:10:00;736297,68;7,13793
2026-08-12 15:15:00;736298,27;6,9357
2026-08-12 15:20:00;736298,83;6,80765
2026-08-12 15:25:00;736299,4;7,02
2026-08-12 15:30:00;736300;7,10586
2026-08-12 15:35:00;736300,58;6,77117
2026-08-12 15:40:00;736301,13;6,59428
2026-08-12 15:45:00;736301,67;6,60855
2026-08-12 15:50:00;736302,25;6,93175
2026-08-12 16:00:00;736303,38;6,78407
2026-08-12 16:05:00;736304,04;7,96147
2026-08-12 16:10:00;736304,71;8,125
2026-08-12 16:15:00;736305,38;8,14436
2026-08-12 16:20:00;736305,94;6,55015
2026-08-12 16:25:00;736306,43;5,55098
2026-08-12 16:30:00;736306,93;6,01344
2026-08-12 16:35:00;736307,41;5,76902
2026-08-12 16:40:00;736307,87;5,27242
2026-08-12 16:45:00;736308,32;5,58432
2026-08-12 16:50:00;736308,81;5,86872
2026-08-12 16:55:00;736309,3;5,76333
2026-08-12 17:00:00;736309,74;5,30316
2026-08-12 17:05:00;736310,19;5,61554
2026-08-12 17:10:00;736310,68;5,92474
2026-08-12 17:15:00;736311,18;5,86743
2026-08-12 17:20:00;736311,63;5,45517
2026-08-12 17:25:00;736312,09;5,47135
2026-08-12 17:30:00;736312,59;5,85075
2026-08-12 17:35:00;736313,09;5,92647
2026-08-12 17:40:00;736313,55;5,53687
2026-08-12 17:45:00;736314;5,52482
2026-08-12 17:50:00;736314,49;5,7609
2026-08-12 18:00:00;736315,26;3,5251
2026-08-12 18:05:00;736315,56;3,65669
2026-08-12 18:10:00;736315,9;4,05865
2026-08-12 18:15:00;736316,24;4,01979
2026-08-12 18:20:00;736316,54;3,54484
2026-08-12 18:25:00;736316,84;3,61376
2026-08-12 18:30:00;736317,16;3,95336
2026-08-12 18:35:00;736317,5;3,94398
2026-08-12 18:40:00;736317,8;3,6719
2026-08-12 18:45:00;736318,12;3,83892
2026-08-12 18:50:00;736318,49;4,33232
2026-08-12 18:55:00;736318,84;4,22566
2026-08-12 19:00:00;736319,18;3,9864
2026-08-12 19:05:00;736319,5;3,72013
2026-08-12 19:10:00;736319,85;4,16947
2026-08-12 19:15:00;736320,2;4,30884
2026-08-12 19:20:00;736320,53;3,82959
2026-08-12 19:25:00;736320,85;3,75759
2026-08-12 19:30:00;736321,19;4,19502
2026-08-12 19:35:00;736321,55;4,41509
2026-08-12 19:40:00;736321,89;3,90311
2026-08-12 19:45:00;736322,22;4,05916
2026-08-12 19:50:00;736322,56;4,27629
2026-08-12 20:00:00;736323,26;3,82867
2026-08-12 20:05:00;736323,58;3,8002
2026-08-12 20:10:00;736323,95;5,57475
2026-08-12 20:15:00;736324,43;5,7197
2026-08-12 20:20:00;736324,89;5,38916
2026-08-12 20:25:00;736325,33;5,24443
2026-08-12 20:30:00;736325,77;5,66697
2026-08-12 20:35:00;736326,23;5,1918
2026-08-12 20:40:00;736326,66;5,18758
2026-08-12 20:45:00;736327,09;5,12111
2026-08-12 20:50:00;736327,53;5,26619
2026-08-12 20:55:00;736327,96;5,1323
2026-08-12 21:00:00;736328,42;5,45363
2026-08-12 21:05:00;736328,88;5,48207
2026-08-12 21:10:00;736329,33;5,29602
2026-08-12 21:15:00;736329,78;5,4013
2026-08-12 21:20:00;736330,2;5,05574
2026-08-12 21:25:00;736330,62;5,42018
2026-08-12 21:30:00;736331,07;5,3171
2026-08-12 21:35:00;736331,51;5,35431
2026-08-12 21:40:00;736331,93;4,93544
2026-08-12 21:45:00;736332,35;5,00165
2026-08-12 21:50:00;736332,81;5,5095
2026-08-12 21:55:00;736333,26;5,36198
2026-08-12 22:00:00;736333,69;5,09304
2026-08-12 22:05:00;736334,11;4,99694
2026-08-12 22:10:00;736334,56;5,56098
2026-08-12 22:15:00;736335,02;5,40877
2026-08-12 22:20:00;736335,46;5,13145
2026-08-12 22:25:00;736335,88;5,14798
2026-08-12 22:30:00;736336,34;5,49271
2026-08-12 22:35:00;736336,8;5,46138
2026-08-12 22:40:00;736337,24;5,09327
2026-08-12 22:45:00;736337,65;5,11222
2026-08-12 22:50:00;736338,1;5,43932
2026-08-12 22:55:00;736338,56;5,48639
2026-08-12 23:00:00;736338,99;5,06613
2026-08-12 23:05:00;736339,41;5,0666
2026-08-12 23:10:00;736339,86;5,51122
2026-08-12 23:15:00;736340,32;5,4544
2026-08-12 23:20:00;736340,75;4,93946
2026-08-12 23:25:00;736341,17;4,95297
2026-08-12 23:30:00;736341,62;5,60416
2026-08-12 23:35:00;736342,07;5,45251
2026-08-12 23:40:00;736342,5;5,11968
2026-08-12 23:45:00;736342,93;5,18886
2026-08-12 23:50:00;736343,38;5,48556
2026-08-13 00:00:00;736344,26;5,01068
2026-08-13 00:05:00;736344,68;4,90878
2026-08-13 00:10:00;736345,12;5,35544
2026-08-13 00:15:00;736345,57;5,45212
2026-08-13 00:20:00;736345,99;4,96407
2026-08-13 00:25:00;736346,42;5,13734
2026-08-13 00:30:00;736346,88;5,57356
2026-08-13 00:35:00;736347,34;5,59121
2026-08-13 00:40:00;736347,78;5,14209
2026-08-13 00:45:00;736348,21;5,12507
2026-08-13 00:50:00;736348,66;5,57672
2026-08-13 00:55:00;736349,13;5,57169
2026-08-13 01:00:00;736349,57;5,17561
2026-08-13 01:05:00;736350;5,15339
2026-08-13 01:10:00;736350,45;5,64008
2026-08-13 01:15:00;736350,91;5,55302
2026-08-13 01:20:00;736351,36;5,30105
2026-08-13 01:25:00;736351,78;5,00165
2026-08-13 01:30:00;736352,23;5,47399
2026-08-13 01:35:00;736352,68;5,58303
2026-08-13 01:40:00;736353,12;5,05034
2026-08-13 01:45:00;736353,55;5,11211
2026-08-13 01:50:00;736354;5,60195
2026-08-13 02:00:00;736354,91;5,09348
2026-08-13 02:05:00;736355,34;5,19501
2026-08-13 02:10:00;736355,78;5,47073
2026-08-13 02:15:00;736356,24;5,45042
2026-08-13 02:20:00;736356,68;5,14079
2026-08-13 02:25:00;736357,09;5,0546
2026-08-13 02:30:00;736357,54;5,53857
2026-08-13 02:35:00;736357,99;5,08628
2026-08-13 02:40:00;736358,41;5,25178
2026-08-13 02:45:00;736358,84;5,08763
2026-08-13 02:50:00;736359,27;5,07502
2026-08-13 02:55:00;736359,7;5,15029
2026-08-13 03:00:00;736360,16;5,61016
2026-08-13 03:05:00;736360,63;5,6367
2026-08-13 03:10:00;736361,09;5,57477
2026-08-13 03:15:00;736361,55;5,36582
2026-08-13 03:20:00;736361,98;5,1361
2026-08-13 03:25:00;736362,43;5,71912
2026-08-13 03:30:00;736362,88;5,46941
2026-08-13 03:35:00;736363,32;5,07933
2026-08-13 03:40:00;736363,74;5,05354
2026-08-13 03:45:00;736364,17;5,32013
2026-08-13 03:50:00;736364,62;5,54572
2026-08-13 03:55:00;736365,07;5,1407
2026-08-13 04:00:00;736365,49;5,13494
2026-08-13 04:05:00;736365,93;5,46872
2026-08-13 04:10:00;736366,38;5,44641
2026-08-13 04:15:00;736366,82;4,95789
2026-08-13 04:20:00;736367,23;4,92467
2026-08-13 04:25:00;736367,67;5,40154
2026-08-13 04:30:00;736368,12;5,38091
2026-08-13 04:35:00;736368,55;4,98494
2026-08-13 04:40:00;736368,97;4,97038
2026-08-13 04:45:00;736369,41;5,53102
2026-08-13 04:50:00;736369,86;5,3726
2026-08-13 04:55:00;736370,29;4,93616
2026-08-13 05:00:00;736370,71;5,05504
2026-08-13 05:05:00;736371,24;6,40889
2026-08-13 05:10:00;736371,78;6,50301
2026-08-13 05:15:00;736372,3;6,07552
2026-08-13 05:20:00;736372,81;6,29397
2026-08-13 05:25:00;736373,28;5,47978
2026-08-13 05:30:00;736373,74;5,52298
2026-08-13 05:35:00;736374,16;4,96776
2026-08-13 05:40:00;736374,58;4,91491
2026-08-13 05:45:00;736375,01;5,42179
2026-08-13 05:50:00;736375,45;5,25612
2026-08-13 06:00:00;736376,28;4,86474
2026-08-13 06:05:00;736376,72;5,46562
2026-08-13 06:10:00;736377,17;5,34368
2026-08-13 06:15:00;736377,6;4,98107
2026-08-13 06:20:00;736378,01;4,98165
2026-08-13 06:25:00;736378,45;5,35014
2026-08-13 06:30:00;736378,89;5,33328
2026-08-13 06:35:00;736379,26;3,77343
2026-08-13 06:40:00;736379,57;3,66465
2026-08-13 06:45:00;736379,91;4,05753
2026-08-13 06:50:00;736380,25;4,11662
2026-08-13 06:55:00;736380,56;3,62069
2026-08-13 07:00:00;736380,97;4,91078
2026-08-13 07:05:00;736381,41;5,42642
2026-08-13 07:10:00;736381,85;5,28362
2026-08-13 07:15:00;736382,27;5,08954
2026-08-13 07:20:00;736382,78;6,7996
2026-08-13 07:25:00;736383,38;7,15142
2026-08-13 07:30:00;736383,93;6,21097
2026-08-13 07:35:00;736384,41;5,82184
2026-08-13 07:40:00;736384,9;5,86486
2026-08-13 07:45:00;736385,42;6,20208
2026-08-13 07:50:00;736385,93;6,25899
2026-08-13 08:00:00;736386,88;6,40602
2026-08-13 08:05:00;736387,44;6,77721
2026-08-13 08:10:00;736387,96;6,23254
2026-08-13 08:15:00;736388,45;5,83153
2026-08-13 08:20:00;736388,96;6,20957
2026-08-13 08:25:00;736389,5;6,3927
2026-08-13 08:30:00;736389,96;5,11693
2026-08-13 08:35:00;736390,46;6,41236
2026-08-13 08:40:00;736391;6,55589
2026-08-13 08:45:00;736391,51;5,87632
2026-08-13 08:50:00;736392;5,78531
2026-08-13 08:55:00;736392,49;5,85895
2026-08-13 09:00:00;736393,01;6,18851
2026-08-13 09:05:00;736393,53;6,18347
2026-08-13 09:10:00;736394,04;6,2375
2026-08-13 09:15:00;736394,54;5,81776
2026-08-13 09:20:00;736395,01;5,79027
2026-08-13 09:25:00;736395,52;6,25805
2026-08-13 09:30:00;736396,03;6,22643
2026-08-13 09:35:00;736396,55;5,8834
2026-08-13 09:40:00;736397,03;5,87371
2026-08-13 09:45:00;736397,54;6,16783
2026-08-13 09:50:00;736398,05;6,09216
2026-08-13 10:00:00;736399,04;5,83841
2026-08-13 10:05:00;736399,54;6,22754
2026-08-13 10:10:00;736400,06;6,14013
2026-08-13 10:15:00;736400,56;5,84199
2026-08-13 10:20:00;736401,05;5,8657
2026-08-13 10:25:00;736401,56;6,16715
2026-08-13 10:30:00;736402,08;6,27058
2026-08-13 10:35:00;736402,6;5,85921
2026-08-13 10:40:00;736403,1;5,93759
2026-08-13 10:45:00;736403,62;6,4275
2026-08-13 10:50:00;736404,16;6,4727
2026-08-13 10:55:00;736404,67;6,00125
2026-08-13 11:00:00;736405,17;6,27572
2026-08-13 11:05:00;736405,63;5,60771
2026-08-13 11:10:00;736406,14;6,89356
2026-08-13 11:15:00;736406,69;6,58835
2026-08-13 11:20:00;736407,22;6,02744
2026-08-13 11:25:00;736407,75;6,39355
2026-08-13 11:30:00;736408,3;6,65081
2026-08-13 11:35:00;736408,82;6,26468
2026-08-13 11:40:00;736409,35;6,41186
2026-08-13 11:45:00;736409,91;6,78782
2026-08-13 11:50:00;736410,48;6,82663
2026-08-13 12:00:00;736411,54;6,31952
2026-08-13 12:05:00;736412,09;6,7642
2026-08-13 12:10:00;736412,66;7,00016
2026-08-13 12:15:00;736413,18;6,23628
2026-08-13 12:20:00;736413,7;6,3381
2026-08-13 12:25:00;736414,26;6,68481
2026-08-13 12:30:00;736414,81;6,66661
2026-08-13 12:35:00;736415,34;6,28601
2026-08-13 12:40:00;736415,86;6,28067
2026-08-13 12:45:00;736416,41;6,53814
2026-08-13 12:50:00;736416,96;6,78631
2026-08-13 12:55:00;736417,48;6,26708
2026-08-13 13:00:00;736418,01;6,43405
2026-08-13 13:05:00;736418,58;6,83832
2026-08-13 13:10:00;736419,15;7,41686
2026-08-13 13:15:00;736419,69;6,24459
2026-08-13 13:20:00;736420,22;6,39277
2026-08-13 13:25:00;736420,77;6,56793
2026-08-13 13:30:00;736421,32;6,62161
2026-08-13 13:35:00;736421,83;6,14281
2026-08-13 13:40:00;736422,35;6,20127
2026-08-13 13:45:00;736422,9;6,62434
2026-08-13 13:50:00;736423,45;6,676
2026-08-13 14:00:00;736424,52;6,63496
2026-08-13 14:05:00;736425,09;6,73151
2026-08-13 14:10:00;736425,65;6,6596
2026-08-13 14:15:00;736426,19;6,28981
2026-08-13 14:20:00;736426,73;6,66013
2026-08-13 14:25:00;736427,3;6,8016
2026-08-13 14:30:00;736427,85;6,64175
2026-08-13 14:35:00;736428,39;6,26448
2026-08-13 14:40:00;736428,92;6,50732
2026-08-13 14:45:00;736429,44;6,38257
2026-08-13 14:50:00;736429,97;6,37262
2026-08-13 14:55:00;736430,49;6,30519
2026-08-13 15:00:00;736431,04;6,81502
2026-08-13 15:05:00;736431,6;6,7524
2026-08-13 15:10:00;736432,16;6,69784
2026-08-13 15:15:00;736432,73;6,63384
2026-08-13 15:20:00;736433,25;6,27696
2026-08-13 15:25:00;736433,79;6,49643
2026-08-13 15:30:00;736434,35;6,76884
2026-08-13 15:35:00;736434,91;6,72918
2026-08-13 15:40:00;736435,44;6,30579
2026-08-13 15:45:00;736435,96;6,13941
2026-08-13 15:50:00;736436,51;6,61042
2026-08-13 16:00:00;736437,6;6,36189
2026-08-13 16:05:00;736438,2;7,21799
2026-08-13 16:10:00;736438,83;7,61148
2026-08-13 16:15:00;736439,49;7,84914
2026-08-13 16:20:00;736440,03;6,26434
2026-08-13 16:25:00;736440,5;5,33672
2026-08-13 16:30:00;736440,98;5,70562
2026-08-13 16:35:00;736441,45;5,61032
2026-08-13 16:40:00;736441,9;5,24582
2026-08-13 16:45:00;736442,34;5,34575
2026-08-13 16:50:00;736442,81;5,62232
2026-08-13 16:55:00;736443,28;5,49751
2026-08-13 17:00:00;736443,71;5,11877
2026-08-13 17:05:00;736444,14;5,12009
2026-08-13 17:10:00;736444,6;5,51833
2026-08-13 17:15:00;736445,06;5,53052
2026-08-13 17:20:00;736445,5;5,2958
2026-08-13 17:25:00;736445,93;5,24793
2026-08-13 17:30:00;736446,4;5,63111
2026-08-13 17:35:00;736446,86;5,60196
2026-08-13 17:40:00;736447,29;5,07703
2026-08-13 17:45:00;736447,71;5,00662
2026-08-13 17:50:00;736448,16;5,44124
2026-08-13 18:00:00;736448,92;3,60829
2026-08-13 18:05:00;736449,23;3,78146
2026-08-13 18:10:00;736449,55;3,9793
2026-08-13 18:15:00;736449,89;4,01908
2026-08-13 18:20:00;736450,2;3,54709
2026-08-13 18:25:00;736450,5;3,60315
2026-08-13 18:30:00;736450,82;3,96937
2026-08-13 18:35:00;736451,15;3,9584
2026-08-13 18:40:00;736451,47;3,73611
2026-08-13 18:45:00;736451,79;3,81217
2026-08-13 18:50:00;736452,14;4,36476
2026-08-13 18:55:00;736452,5;4,40884
2026-08-13 19:00:00;736452,86;4,06804
2026-08-13 19:05:00;736453,19;3,87686
2026-08-13 19:10:00;736453,52;4,27308
2026-08-13 19:15:00;736453,87;4,25094
2026-08-13 19:20:00;736454,22;4,097
2026-08-13 19:25:00;736454,54;3,83858
2026-08-13 19:30:00;736454,86;3,91344
2026-08-13 19:35:00;736455,21;4,15285
2026-08-13 19:40:00;736455,57;4,24546
2026-08-13 19:45:00;736455,88;3,76064
2026-08-13 19:50:00;736456,2;3,82265
2026-08-13 20:00:00;736456,9;4,24198
2026-08-13 20:05:00;736457,21;3,7274
2026-08-13 20:10:00;736457,53;3,79165
2026-08-13 20:15:00;736457,88;4,29743
2026-08-13 20:20:00;736458,34;5,49794
2026-08-13 20:25:00;736458,79;5,23843
2026-08-13 20:30:00;736459,21;5,06841
2026-08-13 20:35:00;736459,64;5,11811
2026-08-13 20:40:00;736460,04;4,89276
2026-08-13 20:45:00;736460,45;4,95834
2026-08-13 20:50:00;736460,86;4,92973
2026-08-13 20:55:00;736461,28;4,94464
2026-08-13 21:00:00;736461,72;5,45744
2026-08-13 21:05:00;736462,17;5,38879
2026-08-13 21:10:00;736462,63;5,41949
2026-08-13 21:15:00;736463,07;5,34305
2026-08-13 21:20:00;736463,5;5,01062
2026-08-13 21:25:00;736463,92;4,9869
2026-08-13 21:30:00;736464,36;5,38611
2026-08-13 21:35:00;736464,81;5,53325
2026-08-13 21:40:00;736465,25;4,96303
2026-08-13 21:45:00;736465,67;4,96101
2026-08-13 21:55:00;736466,14;5,43922
2026-08-13 22:05:00;736467,02;4,90111
2026-08-13 22:10:00;736467,43;4,95627
2026-08-13 22:15:00;736467,86;5,44479
2026-08-13 22:20:00;736468,32;5,462
2026-08-13 22:25:00;736468,78;5,17977
2026-08-13 22:30:00;736469,2;5,12244
2026-08-13 22:35:00;736469,63;5,52018
2026-08-13 22:40:00;736470,09;5,5178
2026-08-13 22:45:00;736470,54;5,46828
2026-08-13 22:50:00;736470,97;5,05713
2026-08-13 22:55:00;736471,39;5,15263
2026-08-13 23:00:00;736471,84;5,40197
2026-08-13 23:05:00;736472,29;5,39351
2026-08-13 23:10:00;736472,72;4,97146
2026-08-13 23:15:00;736473,14;5,11388
2026-08-13 23:20:00;736473,59;5,43986
2026-08-13 23:25:00;736474,04;5,43359
2026-08-13 23:30:00;736474,46;5,0289
2026-08-13 23:35:00;736474,87;4,94316
2026-08-13 23:40:00;736475,32;5,31017
2026-08-13 23:45:00;736475,77;5,4291
2026-08-13 23:50:00;736476,19;5,02971
2026-08-14 00:05:00;736477,51;5,41171
2026-08-14 00:10:00;736477,93;4,90431
2026-08-14 00:15:00;736478,34;5,03996
2026-08-14 00:20:00;736478,78;5,46956
2026-08-14 00:25:00;736479,24;5,4224
2026-08-14 00:30:00;736479,67;5,02203
2026-08-14 00:35:00;736480,1;5,13909
2026-08-14 00:40:00;736480,54;5,49982
2026-08-14 00:45:00;736481,01;5,49703
2026-08-14 00:50:00;736481,45;5,09886
2026-08-14 00:55:00;736481,87;5,06668
2026-08-14 01:00:00;736482,32;5,58823
2026-08-14 01:05:00;736482,77;5,54259
2026-08-14 01:10:00;736483,22;5,19768
2026-08-14 01:15:00;736483,65;5,07679
2026-08-14 01:20:00;736484,09;5,51041
2026-08-14 01:25:00;736484,54;5,45006
2026-08-14 01:30:00;736484,98;4,93573
2026-08-14 01:35:00;736485,4;5,04277
2026-08-14 01:40:00;736485,83;5,35542
2026-08-14 01:45:00;736486,29;5,44884
2026-08-14 01:50:00;736486,73;5,14048
2026-08-14 01:55:00;736487,15;5,01037
2026-08-14 02:00:00;736487,58;5,47267
2026-08-14 02:05:00;736488,04;5,48393
2026-08-14 02:10:00;736488,48;5,02418
2026-08-14 02:15:00;736488,89;4,908
2026-08-14 02:20:00;736489,32;5,42183
2026-08-14 02:25:00;736489,77;5,43713
2026-08-14 02:30:00;736490,22;5,10857
2026-08-14 02:35:00;736490,63;4,97899
2026-08-14 02:40:00;736491,05;4,96416
2026-08-14 02:45:00;736491,46;4,98795
2026-08-14 02:50:00;736491,88;4,95214
2026-08-14 02:55:00;736492,29;4,95921
2026-08-14 03:00:00;736492,71;5,0257
2026-08-14 03:05:00;736493,17;5,51321
2026-08-14 03:10:00;736493,62;5,6163
2026-08-14 03:15:00;736494,08;5,51494
2026-08-14 03:20:00;736494,55;5,57555
2026-08-14 03:25:00;736494,98;5,12489
2026-08-14 03:30:00;736495,41;5,13056
2026-08-14 03:35:00;736495,86;5,42123
2026-08-14 03:40:00;736496,32;5,38263
2026-08-14 03:45:00;736496,74;4,98808
2026-08-14 03:50:00;736497,16;4,86563
2026-08-14 03:55:00;736497,6;5,33171
2026-08-14 04:00:00;736498,04;5,3764
2026-08-14 04:05:00;736498,47;5,02325
2026-08-14 04:10:00;736498,89;5,00324
2026-08-14 04:15:00;736499,33;5,53665
2026-08-14 04:20:00;736499,77;5,35073
2026-08-14 04:25:00;736500,21;4,94596
2026-08-14 04:30:00;736500,62;5,06102
2026-08-14 04:35:00;736501,05;5,32188
2026-08-14 04:40:00;736501,5;5,4001
2026-08-14 04:45:00;736501,94;4,91753
2026-08-14 04:50:00;736502,35;4,9847
2026-08-14 04:55:00;736502,77;5,29703
2026-08-14 05:00:00;736503,22;5,25535
2026-08-14 05:05:00;736503,65;4,89829
2026-08-14 05:10:00;736504,15;5,88152
2026-08-14 05:15:00;736504,66;6,41272
2026-08-14 05:20:00;736505,2;6,58239
2026-08-14 05:25:00;736505,72;6,08029
2026-08-14 05:30:00;736506,16;5,05199
2026-08-14 05:35:00;736506,59;5,59608
2026-08-14 05:40:00;736507,05;5,38418
2026-08-14 05:45:00;736507,49;4,93101
2026-08-14 05:50:00;736507,91;5,09465
2026-08-14 05:55:00;736508,35;5,43629
2026-08-14 06:00:00;736508,8;5,43573
2026-08-14 06:05:00;736509,24;5,04591
2026-08-14 06:10:00;736509,66;5,16769
2026-08-14 06:15:00;736510,09;5,45514
2026-08-14 06:20:00;736510,55;5,39925
2026-08-14 06:25:00;736510,99;5,09259
2026-08-14 06:30:00;736511,41;5,01466
2026-08-14 06:35:00;736511,84;5,44475
2026-08-14 06:40:00;736512,3;5,46871
2026-08-14 06:45:00;736512,64;3,96642
2026-08-14 06:50:00;736512,96;3,79169
2026-08-14 06:55:00;736513,28;3,97122
2026-08-14 07:00:00;736513,65;4,64561
2026-08-14 07:05:00;736514,09;5,10924
2026-08-14 07:10:00;736514,5;5,01124
2026-08-14 07:15:00;736514,92;5,01932
2026-08-14 07:20:00;736515,37;5,46909
2026-08-14 07:25:00;736515,94;7,14245
2026-08-14 07:30:00;736516,51;6,86684
2026-08-14 07:35:00;736517,04;6,07504
2026-08-14 07:40:00;736517,57;6,13687
2026-08-14 07:45:00;736518,09;6,21752
2026-08-14 07:50:00;736518,57;5,80266
2026-08-14 07:55:00;736519,05;5,79274
2026-08-14 08:00:00;736519,5;5,46607
2026-08-14 08:05:00;736520,06;6,72719
2026-08-14 08:10:00;736520,6;6,49446
2026-08-14 08:15:00;736521,08;5,76219
2026-08-14 08:20:00;736521,6;6,22817
2026-08-14 08:25:00;736522,11;6,26325
2026-08-14 08:30:00;736522,59;5,67583
2026-08-14 08:35:00;736523,06;5,66385
2026-08-14 08:40:00;736523,56;5,85536
2026-08-14 08:45:00;736524,04;5,74866
2026-08-14 08:50:00;736524,51;5,6422
2026-08-14 08:55:00;736524,99;5,80133
2026-08-14 09:00:00;736525,48;6,30804
2026-08-14 09:05:00;736526;6,18741
2026-08-14 09:10:00;736526,5;6,10216
2026-08-14 09:15:00;736527,01;6,08929
2026-08-14 09:20:00;736527,5;5,8657
2026-08-14 09:25:00;736527,98;5,5989
2026-08-14 09:30:00;736528,45;5,84258
2026-08-14 09:35:00;736528,96;6,0766
2026-08-14 09:40:00;736529,47;6,11979
2026-08-14 09:45:00;736529,95;5,85107
2026-08-14 09:50:00;736530,44;5,90344
2026-08-14 09:55:00;736530,97;6,3265
2026-08-14 10:00:00;736531,51;6,49203
2026-08-14 10:05:00;736532,02;5,96467
2026-08-14 10:10:00;736532,52;6,04589
2026-08-14 10:15:00;736533,06;6,58852
2026-08-14 10:20:00;736533,6;6,57904
2026-08-14 10:25:00;736534,11;5,95139
2026-08-14 10:30:00;736534,62;6,14932
2026-08-14 10:35:00;736535,14;6,36715
2026-08-14 10:40:00;736535,68;6,47123
2026-08-14 10:45:00;736536,19;6,03555
2026-08-14 10:50:00;736536,69;6,04762
2026-08-14 10:55:00;736537,23;6,5392
2026-08-14 11:00:00;736537,78;6,66212
2026-08-14 11:05:00;736538,31;6,16597
2026-08-14 11:10:00;736538,77;5,16911
2026-08-14 11:15:00;736539,23;5,72045
2026-08-14 11:20:00;736539,8;6,78971
2026-08-14 11:25:00;736540,34;6,25431
2026-08-14 11:30:00;736540,83;5,844
2026-08-14 11:35:00;736541,35;6,28057
2026-08-14 11:40:00;736541,88;6,30068
2026-08-14 11:45:00;736542,37;5,78723
2026-08-14 11:50:00;736542,85;5,70461
2026-08-14 11:55:00;736543,35;6,13343
2026-08-14 12:00:00;736543,86;6,10309
2026-08-14 12:05:00;736544,35;5,87296
2026-08-14 12:10:00;736544,84;5,84809
2026-08-14 12:15:00;736545,38;6,958
2026-08-14 12:20:00;736545,91;6,42938
2026-08-14 12:25:00;736546,43;5,98434
2026-08-14 12:30:00;736546,93;5,99585
2026-08-14 12:35:00;736547,45;6,46531
2026-08-14 12:40:00;736547,99;6,32908
2026-08-14 12:45:00;736548,49;5,89982
2026-08-14 12:50:00;736548,99;5,98913
2026-08-14 12:55:00;736549,49;6,29642
2026-08-14 13:00:00;736550,03;6,30633
2026-08-14 13:05:00;736550,55;6,03217
2026-08-14 13:10:00;736551,05;6,02346
2026-08-14 13:15:00;736551,57;6,48368
2026-08-14 13:20:00;736552,13;6,47511
2026-08-14 13:25:00;736552,65;6,05789
2026-08-14 13:30:00;736553,15;6,01929
2026-08-14 13:35:00;736553,66;6,32101
2026-08-14 13:40:00;736554,2;6,55627
2026-08-14 13:45:00;736554,73;5,90125
2026-08-14 13:50:00;736555,24;6,04923
2026-08-14 13:55:00;736555,75;6,42942
2026-08-14 14:00:00;736556,29;6,32002
2026-08-14 14:05:00;736556,82;6,2844
2026-08-14 14:10:00;736557,32;6,11685
2026-08-14 14:15:00;736557,83;6,16042
2026-08-14 14:20:00;736558,38;6,52597
2026-08-14 14:25:00;736558,93;6,45532
2026-08-14 14:30:00;736559,44;6,10792
2026-08-14 14:35:00;736559,96;6,24175
2026-08-14 14:40:00;736560,5;6,09795
2026-08-14 14:45:00;736561,01;6,16889
2026-08-14 14:50:00;736561,53;6,21827
2026-08-14 14:55:00;736562,05;6,17646
2026-08-14 15:00:00;736562,57;6,15743
2026-08-14 15:05:00;736563,12;6,50261
2026-08-14 15:10:00;736563,66;6,49166
2026-08-14 15:15:00;736564,2;6,61018
2026-08-14 15:20:00;736564,77;6,68245
2026-08-14 15:25:00;736565,28;5,99537
2026-08-14 15:30:00;736565,79;6,22106
2026-08-14 15:35:00;736566,34;6,54575
2026-08-14 15:40:00;736566,89;6,53809
2026-08-14 15:45:00;736567,41;6,17639
2026-08-14 15:50:00;736567,93;6,15865
2026-08-14 15:55:00;736568,47;6,60618
2026-08-14 16:00:00;736569,02;6,5118
2026-08-14 16:05:00;736569,55;6,2372
2026-08-14 16:10:00;736570,13;6,87221
2026-08-14 16:15:00;736570,74;7,41001
2026-08-14 16:20:00;736571,38;7,86638
2026-08-14 16:25:00;736571,9;6,02526
2026-08-14 16:30:00;736572,33;4,90121
2026-08-14 16:35:00;736572,77;5,42071
2026-08-14 16:40:00;736573,22;5,56653
2026-08-14 16:45:00;736573,67;4,91537
2026-08-14 16:50:00;736574,09;5,00677
2026-08-14 16:55:00;736574,52;5,44391
2026-08-14 17:00:00;736574,97;5,46158
2026-08-14 17:05:00;736575,41;5,06055
2026-08-14 17:10:00;736575,83;5,06077
2026-08-14 17:15:00;736576,24;5,35456
2026-08-14 17:20:00;736576,69;5,31654
2026-08-14 17:25:00;736577,13;5,17072
2026-08-14 17:30:00;736577,53;4,94963
2026-08-14 17:35:00;736577,93;4,79352
2026-08-14 17:40:00;736578,37;5,14354
2026-08-14 17:45:00;736578,8;5,17259
2026-08-14 17:50:00;736579,21;4,94469
2026-08-14 17:55:00;736579,62;4,99995
2026-08-14 18:00:00;736580,04;4,06894
2026-08-14 18:05:00;736580,37;4,10763
2026-08-14 18:10:00;736580,67;3,45867
2026-08-14 18:15:00;736580,97;3,52953
2026-08-14 18:20:00;736581,28;3,96269
2026-08-14 18:25:00;736581,62;3,98407
2026-08-14 18:30:00;736581,94;3,61149
2026-08-14 18:35:00;736582,24;3,60227
2026-08-14 18:40:00;736582,55;4,08212
2026-08-14 18:45:00;736582,89;4,11456
2026-08-14 18:50:00;736583,22;3,70166
2026-08-14 18:55:00;736583,53;3,67728
2026-08-14 19:00:00;736583,85;4,11559
2026-08-14 19:05:00;736584,19;4,06575
2026-08-14 19:10:00;736584,54;3,95308
2026-08-14 19:15:00;736584,85;3,81391
2026-08-14 19:20:00;736585,17;4,00171
2026-08-14 19:25:00;736585,52;4,16692
2026-08-14 19:30:00;736585,87;4,16001
2026-08-14 19:35:00;736586,18;3,74274
2026-08-14 19:40:00;736586,49;3,65736
2026-08-14 19:45:00;736586,83;4,09675
2026-08-14 19:50:00;736587,16;4,04032
2026-08-14 19:55:00;736587,48;3,71135
2026-08-14 20:00:00;736587,78;3,69598
2026-08-14 20:05:00;736588,11;4,0734
2026-08-14 20:10:00;736588,44;4,0576
2026-08-14 20:15:00;736588,76;3,59809
2026-08-14 20:20:00;736589,12;5,11601
2026-08-14 20:25:00;736589,55;5,37656
2026-08-14 20:30:00;736590;5,4384
2026-08-14 20:35:00;736590,45;5,31219
2026-08-14 20:40:00;736590,87;5,16939
2026-08-14 20:45:00;736591,3;5,04037
2026-08-14 20:50:00;736591,72;5,11262
2026-08-14 20:55:00;736592,15;5,04006
2026-08-14 21:00:00;736592,56;4,91027
2026-08-14 21:05:00;736593,01;5,46532
2026-08-14 21:10:00;736593,46;5,38754
2026-08-14 21:15:00;736593,91;5,44984
2026-08-14 21:20:00;736594,36;5,42278
2026-08-14 21:25:00;736594,78;5,08838
2026-08-14 21:30:00;736595,2;4,94202
2026-08-14 21:35:00;736595,65;5,39242
2026-08-14 21:40:00;736596,1;5,36169
2026-08-14 21:45:00;736596,52;4,8856
2026-08-14 21:50:00;736596,93;4,95149
2026-08-14 21:55:00;736597,38;5,36408
2026-08-14 22:00:00;736597,82;5,43831
2026-08-14 22:05:00;736598,26;5,00213
2026-08-14 22:10:00;736598,68;5,12015
2026-08-14 22:15:00;736599,12;5,37208
2026-08-14 22:20:00;736599,57;5,31429
2026-08-14 22:25:00;736600;4,89551
2026-08-14 22:30:00;736600,41;4,95403
2026-08-14 22:35:00;736600,83;5,35234
2026-08-14 22:40:00;736601,28;5,28851
2026-08-14 22:45:00;736601,72;5,31857
2026-08-14 22:50:00;736602,14;4,99992
2026-08-14 22:55:00;736602,59;5,47032
2026-08-14 23:00:00;736603,05;5,61418
2026-08-14 23:05:00;736603,5;5,53474
2026-08-14 23:10:00;736603,92;5,03713
2026-08-14 23:15:00;736604,36;5,07202
2026-08-14 23:20:00;736604,82;5,48695
2026-08-14 23:25:00;736605,27;5,44411
2026-08-14 23:30:00;736605,7;5,09244
2026-08-14 23:35:00;736606,12;5,10892
2026-08-14 23:40:00;736606,58;5,4834
2026-08-14 23:45:00;736607,03;5,41112
2026-08-14 23:50:00;736607,46;5,12282
2026-08-14 23:55:00;736607,88;5,084
2026-08-15 00:00:00;736608,33;5,50317
2026-08-15 00:05:00;736608,79;5,48067
2026-08-15 00:10:00;736609,23;5,14507
2026-08-15 00:15:00;736609,66;5,07212
2026-08-15 00:20:00;736610,1;5,4151
2026-08-15 00:25:00;736610,56;5,51482
2026-08-15 00:30:00;736610,99;5,00793
2026-08-15 00:35:00;736611,4;4,95369
2026-08-15 00:40:00;736611,83;5,35987
2026-08-15 00:45:00;736612,27;5,3113
2026-08-15 00:50:00;736612,7;4,9585
2026-08-15 00:55:00;736613,12;4,90074
2026-08-15 01:05:00;736613,99;5,44064
2026-08-15 01:10:00;736614,44;5,27012
2026-08-15 01:15:00;736614,86;5,0443
2026-08-15 01:20:00;736615,29;5,18628
2026-08-15 01:25:00;736615,74;5,36607
2026-08-15 01:30:00;736616,19;5,49882
2026-08-15 01:35:00;736616,62;5,11886
2026-08-15 01:40:00;736617,05;5,07998
2026-08-15 01:45:00;736617,5;5,50903
2026-08-15 01:50:00;736617,95;5,42816
2026-08-15 01:55:00;736618,36;5,03711
2026-08-15 02:05:00;736619,24;5,47206
2026-08-15 02:10:00;736619,69;5,37318
2026-08-15 02:15:00;736620,12;5,13866
2026-08-15 02:20:00;736620,56;5,2461
2026-08-15 02:25:00;736621,02;5,56114
2026-08-15 02:30:00;736621,48;5,58076
2026-08-15 02:35:00;736621,91;4,99165
2026-08-15 02:40:00;736622,33;5,16868
2026-08-15 02:45:00;736622,74;4,94638
2026-08-15 02:50:00;736623,16;4,96402
2026-08-15 02:55:00;736623,57;5,03084
2026-08-15 03:00:00;736623,99;5,05439
2026-08-15 03:05:00;736624,45;5,64076
2026-08-15 03:10:00;736624,91;5,55102
2026-08-15 03:15:00;736625,37;5,56526
2026-08-15 03:20:00;736625,82;5,36895
2026-08-15 03:25:00;736626,25;5,09121
2026-08-15 03:30:00;736626,68;5,12319
2026-08-15 03:35:00;736627,13;5,43827
2026-08-15 03:40:00;736627,59;5,492
2026-08-15 03:45:00;736628,03;5,12427
2026-08-15 03:50:00;736628,46;5,13156
2026-08-15 03:55:00;736628,91;5,41281
2026-08-15 04:05:00;736629,79;5,00645
2026-08-15 04:10:00;736630,2;4,9643
2026-08-15 04:15:00;736630,64;5,3761
2026-08-15 04:20:00;736631,09;5,4014
2026-08-15 04:25:00;736631,51;4,98659
2026-08-15 04:30:00;736631,92;4,89211
2026-08-15 04:35:00;736632,36;5,55606
2026-08-15 04:40:00;736632,8;5,25405
2026-08-15 04:45:00;736633,23;4,91541
2026-08-15 04:50:00;736633,64;4,88971
2026-08-15 04:55:00;736634,07;5,32269
2026-08-15 05:00:00;736634,51;5,31756
2026-08-15 05:05:00;736634,95;5,1927
2026-08-15 05:10:00;736635,37;5,01961
2026-08-15 05:15:00;736635,78;4,90863
2026-08-15 05:20:00;736636,22;5,32128
2026-08-15 05:25:00;736636,66;5,3115
2026-08-15 05:30:00;736637,06;4,84298
2026-08-15 05:35:00;736637,47;4,84519
2026-08-15 05:40:00;736637,91;5,23877
2026-08-15 05:45:00;736638,35;5,39749
2026-08-15 05:50:00;736638,77;4,90511
2026-08-15 05:55:00;736639,19;5,10553
2026-08-15 06:05:00;736640,1;5,41123
2026-08-15 06:10:00;736640,52;4,95412
2026-08-15 06:15:00;736640,94;4,99778
2026-08-15 06:20:00;736641,39;5,35465
2026-08-15 06:25:00;736641,84;5,40739
2026-08-15 06:30:00;736642,26;5,11795
2026-08-15 06:35:00;736642,68;5,03931
2026-08-15 06:40:00;736643,13;5,56508
2026-08-15 06:45:00;736643,48;4,07206
2026-08-15 06:50:00;736643,8;3,70795
2026-08-15 06:55:00;736644,11;3,7679
2026-08-15 07:00:00;736644,45;4,11975
2026-08-15 07:05:00;736644,8;4,24551
2026-08-15 07:10:00;736645,13;3,86659
2026-08-15 07:15:00;736645,45;3,88544
2026-08-15 07:20:00;736645,8;4,23499
2026-08-15 07:25:00;736646,16;4,29237
2026-08-15 07:30:00;736646,47;3,55863
2026-08-15 07:35:00;736646,77;3,46373
2026-08-15 07:40:00;736647,09;4,02592
2026-08-15 07:45:00;736647,41;3,86455
2026-08-15 07:50:00;736647,72;3,67158
2026-08-15 07:55:00;736648,02;3,64222
2026-08-15 08:05:00;736648,68;4,03396
2026-08-15 08:10:00;736648,99;3,59937
2026-08-15 08:15:00;736649,29;3,54907
2026-08-15 08:20:00;736649,61;3,95285
2026-08-15 08:25:00;736649,95;4,11288
2026-08-15 08:30:00;736650,26;3,57435
2026-08-15 08:35:00;736650,57;3,71003
2026-08-15 08:40:00;736650,88;3,87664
2026-08-15 08:45:00;736651,19;3,62746
2026-08-15 08:50:00;736651,47;3,41995
2026-08-15 08:55:00;736651,76;3,47038
2026-08-15 09:00:00;736652,04;3,4011
2026-08-15 09:05:00;736652,35;3,68356
2026-08-15 09:10:00;736652,67;3,87804
2026-08-15 09:15:00;736653;3,92859
2026-08-15 09:20:00;736653,33;3,95836
2026-08-15 09:25:00;736653,64;3,55486
2026-08-15 09:30:00;736653,93;3,48239
2026-08-15 09:35:00;736654,26;3,97919
2026-08-15 09:40:00;736654,59;3,94914
2026-08-15 09:45:00;736654,89;3,59845
2026-08-15 09:50:00;736655,18;3,43823
2026-08-15 09:55:00;736655,5;4,03972
2026-08-15 10:05:00;736656,13;3,55339
2026-08-15 10:10:00;736656,43;3,54047
2026-08-15 10:15:00;736656,74;3,85048
2026-08-15 10:20:00;736657,07;4,02749
2026-08-15 10:25:00;736657,38;3,50536
2026-08-15 10:30:00;736657,68;3,50416
2026-08-15 10:35:00;736657,99;3,94185
2026-08-15 10:40:00;736658,32;3,98583
2026-08-15 10:45:00;736658,63;3,45422
2026-08-15 10:50:00;736658,92;3,51467
2026-08-15 10:55:00;736659,21;3,83513
2026-08-15 11:00:00;736659,53;3,73827
2026-08-15 11:05:00;736659,83;3,41101
2026-08-15 11:10:00;736660,1;3,27891
2026-08-15 11:15:00;736660,4;3,71674
2026-08-15 11:20:00;736660,71;3,80684
2026-08-15 11:25:00;736661,03;3,64511
2026-08-15 11:30:00;736661,31;3,40737
2026-08-15 11:35:00;736661,61;3,53864
2026-08-15 11:40:00;736661,93;3,8666
2026-08-15 11:45:00;736662,25;3,9056
2026-08-15 11:50:00;736662,54;3,62404
2026-08-15 11:55:00;736662,83;3,43924
2026-08-15 12:05:00;736663,49;3,95401
2026-08-15 12:10:00;736663,79;3,41896
2026-08-15 12:15:00;736664,08;3,55766
2026-08-15 12:20:00;736664,4;3,88769
2026-08-15 12:25:00;736664,72;3,84409
2026-08-15 12:30:00;736665,01;3,3951
2026-08-15 12:35:00;736665,29;3,48291
2026-08-15 12:40:00;736665,62;3,93793
2026-08-15 12:45:00;736665,96;4,10194
2026-08-15 12:50:00;736666,27;3,69689
2026-08-15 12:55:00;736666,57;3,62322
2026-08-15 13:00:00;736666,91;4,08303
2026-08-15 13:05:00;736667,24;3,9697
2026-08-15 13:10:00;736667,55;3,55061
2026-08-15 13:15:00;736667,84;3,44704
2026-08-15 13:20:00;736668,17;3,93349
2026-08-15 13:25:00;736668,5;4,03726
2026-08-15 13:30:00;736668,81;3,67182
2026-08-15 13:35:00;736669,12;3,70203
2026-08-15 13:40:00;736669,44;4,07736
2026-08-15 13:45:00;736669,77;4,08235
2026-08-15 13:50:00;736670,09;3,58374
2026-08-15 13:55:00;736670,4;3,61006
2026-08-15 14:05:00;736671,06;4,07174
2026-08-15 14:10:00;736671,39;3,72478
2026-08-15 14:15:00;736671,7;3,76895
2026-08-15 14:20:00;736672,02;4,18146
2026-08-15 14:25:00;736672,36;4,03538
2026-08-15 14:30:00;736672,69;3,85248
2026-08-15 14:35:00;736672,98;3,57483
2026-08-15 14:40:00;736673,28;3,55951
2026-08-15 14:45:00;736673,59;3,73006
2026-08-15 14:50:00;736673,89;3,48537
2026-08-15 14:55:00;736674,19;3,56227
2026-08-15 15:00:00;736674,49;3,59296
2026-08-15 15:05:00;736674,82;3,95586
2026-08-15 15:10:00;736675,15;3,90125
2026-08-15 15:15:00;736675,48;4,0501
2026-08-15 15:20:00;736675,81;4,05031
2026-08-15 15:25:00;736676,13;3,5489
2026-08-15 15:30:00;736676,43;3,76428
2026-08-15 15:35:00;736676,76;4,03836
2026-08-15 15:40:00;736677,09;3,95456
2026-08-15 15:45:00;736677,41;3,51754
2026-08-15 15:50:00;736677,71;3,56077
2026-08-15 15:55:00;736678,03;4,06252
2026-08-15 16:05:00;736678,69;4,02702
2026-08-15 16:10:00;736679;3,68749
2026-08-15 16:15:00;736679,32;3,89359
2026-08-15 16:20:00;736679,67;4,10023
2026-08-15 16:25:00;736680,01;4,13576
2026-08-15 16:30:00;736680,32;3,78487
2026-08-15 16:35:00;736680,63;3,76143
2026-08-15 16:40:00;736680,98;4,18369
2026-08-15 16:45:00;736681,32;4,0274
2026-08-15 16:50:00;736681,63;3,65142
2026-08-15 16:55:00;736681,93;3,56383
2026-08-15 17:00:00;736682,26;3,94514
2026-08-15 17:05:00;736682,59;4,02533
2026-08-15 17:10:00;736682,89;3,41796
2026-08-15 17:15:00;736683,19;3,55861
2026-08-15 17:20:00;736683,5;4,03548
2026-08-15 17:25:00;736683,83;4,00291
2026-08-15 17:30:00;736684,15;3,55712
2026-08-15 17:35:00;736684,45;3,62706
2026-08-15 17:40:00;736684,77;4,03182
2026-08-15 17:45:00;736685,11;3,95557
2026-08-15 17:50:00;736685,44;4,04583
2026-08-15 17:55:00;736685,73;3,53126
2026-08-15 18:05:00;736686,37;3,99529
2026-08-15 18:10:00;736686,69;3,96682
2026-08-15 18:15:00;736686,99;3,60084
2026-08-15 18:20:00;736687,29;3,58019
2026-08-15 18:25:00;736687,63;4,07225
2026-08-15 18:30:00;736687,96;3,92792
2026-08-15 18:35:00;736688,27;3,54225
2026-08-15 18:40:00;736688,57;3,68239
2026-08-15 18:45:00;736688,91;4,1401
2026-08-15 18:50:00;736689,27;4,30992
2026-08-15 18:55:00;736689,61;3,9717
2026-08-15 19:00:00;736689,94;3,9003
2026-08-15 19:05:00;736690,28;4,30957
2026-08-15 19:10:00;736690,64;4,28366
2026-08-15 19:15:00;736690,99;4,03561
2026-08-15 19:20:00;736691,3;3,69554
2026-08-15 19:25:00;736691,63;4,0253
2026-08-15 19:30:00;736691,98;4,19754
2026-08-15 19:35:00;736692,33;4,25387
2026-08-15 19:40:00;736692,66;3,86018
2026-08-15 19:45:00;736692,99;3,90008
2026-08-15 19:50:00;736693,35;4,39695
2026-08-15 19:55:00;736693,72;4,34774
2026-08-15 20:05:00;736694,38;3,86992
2026-08-15 20:10:00;736694,72;4,16147
2026-08-15 20:15:00;736695,06;4,06889
2026-08-15 20:20:00;736695,39;3,66679
2026-08-15 20:25:00;736695,71;3,73759
2026-08-15 20:30:00;736696,15;5,48311
2026-08-15 20:35:00;736696,61;5,52063
2026-08-15 20:40:00;736697,05;4,99985
2026-08-15 20:45:00;736697,46;4,91415
2026-08-15 20:50:00;736697,86;4,93813
2026-08-15 20:55:00;736698,27;4,8748
2026-08-15 21:00:00;736698,68;4,91288
2026-08-15 21:05:00;736699,13;5,34808
2026-08-15 21:10:00;736699,58;5,42342
2026-08-15 21:15:00;736700,03;5,3341
2026-08-15 21:20:00;736700,47;5,15962
2026-08-15 21:25:00;736700,89;4,95987
2026-08-15 21:30:00;736701,31;5,2661
2026-08-15 21:35:00;736701,76;5,49417
2026-08-15 21:40:00;736702,2;5,32846
2026-08-15 21:45:00;736702,62;5,07102
2026-08-15 21:50:00;736703,04;5,01224
2026-08-15 21:55:00;736703,48;5,24913
2026-08-15 22:00:00;736703,93;5,31942
2026-08-15 22:05:00;736704,34;4,84723
2026-08-15 22:10:00;736704,74;4,87091
2026-08-15 22:15:00;736705,18;5,20294
2026-08-15 22:20:00;736705,62;5,24817
2026-08-15 22:25:00;736706,04;4,99278
2026-08-15 22:30:00;736706,46;4,96723
2026-08-15 22:35:00;736706,9;5,47927
2026-08-15 22:40:00;736707,35;5,4345
2026-08-15 22:45:00;736707,78;5,0286
2026-08-15 22:55:00;736708,62;5,30384
2026-08-15 23:00:00;736709,06;5,30876
2026-08-15 23:05:00;736709,48;4,7396
2026-08-15 23:10:00;736709,89;4,96232
2026-08-15 23:15:00;736710,31;5,22681
2026-08-15 23:20:00;736710,75;5,19241
2026-08-15 23:25:00;736711,18;5,20862
2026-08-15 23:30:00;736711,58;4,80086
2026-08-15 23:40:00;736712,44;5,38168
2026-08-15 23:45:00;736712,88;5,28589
2026-08-15 23:50:00;736713,29;4,90179
2026-08-15 23:55:00;736713,7;4,94693
2026-08-16 00:10:00;736715,05;5,11946
2026-08-16 00:15:00;736715,48;5,11475
2026-08-16 00:20:00;736715,93;5,38493
2026-08-16 00:25:00;736716,38;5,459
2026-08-16 00:30:00;736716,81;5,15679
2026-08-16 00:35:00;736717,24;5,13487
2026-08-16 00:40:00;736717,7;5,67397
2026-08-16 00:45:00;736718,16;5,58902
2026-08-16 00:50:00;736718,61;5,26663
2026-08-16 00:55:00;736719,04;5,09579
2026-08-16 01:00:00;736719,49;5,58534
2026-08-16 01:10:00;736720,4;5,08232
2026-08-16 01:15:00;736720,84;5,30425
2026-08-16 01:20:00;736721,28;5,59405
2026-08-16 01:25:00;736721,75;5,50101
2026-08-16 01:30:00;736722,2;5,23132
2026-08-16 01:35:00;736722,61;4,83902
2026-08-16 01:40:00;736723,03;5,01391
2026-08-16 01:45:00;736723,47;5,32588
2026-08-16 01:50:00;736723,91;5,31545
2026-08-16 01:55:00;736724,32;4,84708
2026-08-16 02:05:00;736725,2;5,41169
2026-08-16 02:10:00;736725,65;5,39393
2026-08-16 02:15:00;736726,08;5,118
2026-08-16 02:20:00;736726,49;4,98612
2026-08-16 02:25:00;736726,94;5,46129
2026-08-16 02:30:00;736727,39;5,47004
2026-08-16 02:40:00;736728,23;5,01767
2026-08-16 02:45:00;736728,65;5,02987
2026-08-16 02:50:00;736729,06;5,03225
2026-08-16 02:55:00;736729,47;4,90829
2026-08-16 03:00:00;736729,89;5,02535
2026-08-16 03:05:00;736730,32;5,30171
2026-08-16 03:10:00;736730,77;5,32369
2026-08-16 03:15:00;736731,21;5,3759
2026-08-16 03:20:00;736731,65;5,24122
2026-08-16 03:25:00;736732,08;4,97609
2026-08-16 03:30:00;736732,49;4,94067
2026-08-16 03:35:00;736732,93;5,37652
2026-08-16 03:40:00;736733,38;5,2853
2026-08-16 03:45:00;736733,8;4,91168
2026-08-16 03:55:00;736734,63;5,18344
2026-08-16 04:05:00;736735,5;4,82212
2026-08-16 04:10:00;736735,91;4,99983
2026-08-16 04:15:00;736736,34;5,4773
2026-08-16 04:20:00;736736,8;5,46446
2026-08-16 04:25:00;736737,24;5,058
2026-08-16 04:30:00;736737,66;5,05192
2026-08-16 04:35:00;736738,08;5,42998
2026-08-16 04:40:00;736738,53;5,38514
2026-08-16 04:45:00;736738,98;5,52476
2026-08-16 04:50:00;736739,4;5,14218
2026-08-16 04:55:00;736739,84;5,18358
2026-08-16 05:00:00;736740,3;5,57933
2026-08-16 05:05:00;736740,76;5,42253
2026-08-16 05:10:00;736741,19;5,09033
2026-08-16 05:15:00;736741,61;5,04338
2026-08-16 05:20:00;736742,06;5,39968
2026-08-16 05:25:00;736742,5;5,34631
2026-08-16 05:30:00;736742,93;5,2463
2026-08-16 05:35:00;736743,35;5,08885
2026-08-16 05:40:00;736743,81;5,52213
2026-08-16 05:45:00;736744,27;5,55498
2026-08-16 05:50:00;736744,69;4,94089
2026-08-16 05:55:00;736745,1;5,00482
2026-08-16 06:05:00;736745,99;5,38451
2026-08-16 06:10:00;736746,41;4,92224
2026-08-16 06:15:00;736746,82;5,10452
2026-08-16 06:20:00;736747,25;5,34663
2026-08-16 06:25:00;736747,7;5,26486
2026-08-16 06:30:00;736748,12;4,93996
2026-08-16 06:35:00;736748,53;4,7829
2026-08-16 06:40:00;736748,95;5,36285
2026-08-16 06:45:00;736749,35;3,98844
2026-08-16 06:50:00;736749,67;3,51072
2026-08-16 06:55:00;736749,98;3,61908
2026-08-16 07:00:00;736750,29;4,05612
2026-08-16 07:05:00;736750,63;4,03962
2026-08-16 07:10:00;736750,95;3,56151
2026-08-16 07:15:00;736751,25;3,61677
2026-08-16 07:20:00;736751,55;3,8371
2026-08-16 07:25:00;736751,88;3,93418
2026-08-16 07:30:00;736752,2;3,62641
2026-08-16 07:35:00;736752,49;3,5016
2026-08-16 07:40:00;736752,8;3,87761
2026-08-16 07:45:00;736753,13;4,02934
2026-08-16 07:50:00;736753,46;3,98126
2026-08-16 07:55:00;736753,76;3,63213
2026-08-16 08:05:00;736754,4;4,02871
2026-08-16 08:10:00;736754,73;3,87059
2026-08-16 08:15:00;736755,03;3,60259
2026-08-16 08:20:00;736755,35;3,68325
2026-08-16 08:25:00;736755,7;4,15853
2026-08-16 08:30:00;736756,03;4,04273
2026-08-16 08:35:00;736756,34;3,58054
2026-08-16 08:40:00;736756,65;3,68636
2026-08-16 08:45:00;736756,95;3,60514
2026-08-16 08:50:00;736757,24;3,47736
2026-08-16 08:55:00;736757,53;3,53133
2026-08-16 09:00:00;736757,83;3,61762
2026-08-16 09:05:00;736758,17;4,13544
2026-08-16 09:10:00;736758,5;4,07677
2026-08-16 09:15:00;736758,84;4,04824
2026-08-16 09:20:00;736759,17;3,91956
2026-08-16 09:25:00;736759,47;3,54096
2026-08-16 09:30:00;736759,77;3,53654
2026-08-16 09:35:00;736760,09;3,8557
2026-08-16 09:40:00;736760,42;3,92993
2026-08-16 09:45:00;736760,71;3,37334
2026-08-16 09:50:00;736761;3,43301
2026-08-16 09:55:00;736761,31;3,83195
2026-08-16 10:05:00;736761,93;3,40955
2026-08-16 10:10:00;736762,22;3,41483
2026-08-16 10:15:00;736762,52;3,89673
2026-08-16 10:20:00;736762,83;3,76879
2026-08-16 10:25:00;736763,14;3,48959
2026-08-16 10:30:00;736763,43;3,40886
2026-08-16 10:35:00;736763,73;3,85629
2026-08-16 10:40:00;736764,05;3,76421
2026-08-16 10:45:00;736764,35;3,30247
2026-08-16 10:50:00;736764,63;3,32414
2026-08-16 10:55:00;736764,92;3,70973
2026-08-16 11:00:00;736765,23;3,79041
2026-08-16 11:05:00;736765,54;3,58685
2026-08-16 11:10:00;736765,83;3,4622
2026-08-16 11:15:00;736766,12;3,67414
2026-08-16 11:20:00;736766,44;3,87369
2026-08-16 11:25:00;736766,76;3,81499
2026-08-16 11:30:00;736767,04;3,38033
2026-08-16 11:35:00;736767,33;3,43751
2026-08-16 11:40:00;736767,64;3,73187
2026-08-16 11:45:00;736767,97;3,93815
2026-08-16 11:50:00;736768,26;3,40141
2026-08-16 11:55:00;736768,55;3,39345
2026-08-16 12:05:00;736769,17;3,72924
2026-08-16 12:10:00;736769,46;3,37873
2026-08-16 12:15:00;736769,74;3,3751
2026-08-16 12:20:00;736770,04;3,82719
2026-08-16 12:25:00;736770,36;3,74839
2026-08-16 12:30:00;736770,66;3,63553
2026-08-16 12:35:00;736770,96;3,5159
2026-08-16 12:40:00;736771,28;3,9766
2026-08-16 12:45:00;736771,62;4,00127
2026-08-16 12:50:00;736771,94;3,71183
2026-08-16 12:55:00;736772,25;3,77739
2026-08-16 13:00:00;736772,58;4,19992
2026-08-16 13:05:00;736772,92;4,13474
2026-08-16 13:10:00;736773,25;3,66021
2026-08-16 13:15:00;736773,56;3,77108
2026-08-16 13:20:00;736773,88;4,13268
2026-08-16 13:25:00;736774,23;4,05227
2026-08-16 13:30:00;736774,56;3,76896
2026-08-16 13:35:00;736774,87;3,69856
2026-08-16 13:40:00;736775,19;4,05714
2026-08-16 13:45:00;736775,54;4,17339
2026-08-16 13:50:00;736775,89;4,24101
2026-08-16 13:55:00;736776,2;3,8377
2026-08-16 14:05:00;736776,86;4,08515
2026-08-16 14:10:00;736777,2;4,01888
2026-08-16 14:15:00;736777,5;3,64108
2026-08-16 14:20:00;736777,8;3,52577
2026-08-16 14:25:00;736778,13;3,92419
2026-08-16 14:30:00;736778,45;3,88559
2026-08-16 14:35:00;736778,76;3,58423
2026-08-16 14:40:00;736779,05;3,59493
2026-08-16 14:45:00;736779,36;3,66285
2026-08-16 14:50:00;736779,66;3,70358
2026-08-16 14:55:00;736779,96;3,57913
2026-08-16 15:00:00;736780,26;3,61826
2026-08-16 15:05:00;736780,58;3,93632
2026-08-16 15:10:00;736780,92;3,91996
2026-08-16 15:15:00;736781,25;4,13236
2026-08-16 15:20:00;736781,59;3,95171
2026-08-16 15:25:00;736781,9;3,64914
2026-08-16 15:30:00;736782,2;3,60936
2026-08-16 15:35:00;736782,52;3,93398
2026-08-16 15:40:00;736782,85;3,9324
2026-08-16 15:45:00;736783,16;3,56828
2026-08-16 15:50:00;736783,45;3,52907
2026-08-16 15:55:00;736783,76;3,92751
2026-08-16 16:00:00;736784,1;4,12668
2026-08-16 16:05:00;736784,43;3,75615
2026-08-16 16:10:00;736784,74;3,55634
2026-08-16 16:15:00;736785,05;4,0279
2026-08-16 16:20:00;736785,38;3,90415
2026-08-16 16:25:00;736785,71;4,02086
2026-08-16 16:30:00;736786,01;3,60145
2026-08-16 16:35:00;736786,31;3,56971
2026-08-16 16:40:00;736786,64;3,94231
2026-08-16 16:45:00;736786,98;4,01428
2026-08-16 16:50:00;736787,29;3,67301
2026-08-16 16:55:00;736787,59;3,60022
2026-08-16 17:00:00;736787,92;4,05456
2026-08-16 17:05:00;736788,24;3,92941
2026-08-16 17:10:00;736788,56;3,56753
2026-08-16 17:15:00;736788,85;3,55627
2026-08-16 17:20:00;736789,18;4,04868
2026-08-16 17:25:00;736789,52;4,09805
2026-08-16 17:30:00;736789,86;3,69028
2026-08-16 17:35:00;736790,16;3,78123
2026-08-16 17:40:00;736790,48;4,08982
2026-08-16 17:45:00;736790,82;4,14006
2026-08-16 17:50:00;736791,15;3,92031
2026-08-16 17:55:00;736791,45;3,75786
2026-08-16 18:00:00;736791,76;3,77987
2026-08-16 18:05:00;736792,12;4,26075
2026-08-16 18:10:00;736792,47;4,26507
2026-08-16 18:15:00;736792,79;3,78362
2026-08-16 18:20:00;736793,11;3,9549
2026-08-16 18:25:00;736793,46;4,15383
2026-08-16 18:30:00;736793,82;4,19771
2026-08-16 18:35:00;736794,15;3,85495
2026-08-16 18:40:00;736794,46;3,64167
2026-08-16 18:45:00;736794,79;4,24289
2026-08-16 18:50:00;736795,15;4,31636
2026-08-16 18:55:00;736795,5;3,96757
2026-08-16 19:00:00;736795,83;3,88688
2026-08-16 19:05:00;736796,16;4,36342
2026-08-16 19:10:00;736796,51;4,17021
2026-08-16 19:15:00;736796,85;3,96865
2026-08-16 19:20:00;736797,17;3,791
2026-08-16 19:25:00;736797,49;3,95434
2026-08-16 19:30:00;736797,84;4,22311
2026-08-16 19:35:00;736798,19;4,1986
2026-08-16 19:40:00;736798,51;3,89528
2026-08-16 19:45:00;736798,82;3,68405
2026-08-16 19:50:00;736799,16;3,95265
2026-08-16 19:55:00;736799,5;4,07681
2026-08-16 20:00:00;736799,81;3,46639
2026-08-16 20:05:00;736800,1;3,52527
2026-08-16 20:10:00;736800,47;5,33447
2026-08-16 20:15:00;736800,92;5,50215
2026-08-16 20:20:00;736801,35;4,92797
2026-08-16 20:25:00;736801,76;4,93474
2026-08-16 20:30:00;736802,19;5,48232
2026-08-16 20:35:00;736802,63;5,25749
2026-08-16 20:40:00;736803,06;4,98608
2026-08-16 20:45:00;736803,47;4,90847
2026-08-16 20:50:00;736803,89;4,98817
2026-08-16 20:55:00;736804,3;4,95987
2026-08-16 21:00:00;736804,72;4,96062
2026-08-16 21:05:00;736805,14;5,34284
2026-08-16 21:10:00;736805,59;5,25072
2026-08-16 21:15:00;736806,03;5,30698
2026-08-16 21:20:00;736806,47;5,28808
2026-08-16 21:25:00;736806,89;4,92624
2026-08-16 21:30:00;736807,29;4,68242
2026-08-16 21:35:00;736807,71;5,28854
2026-08-16 21:40:00;736808,15;5,26051
2026-08-16 21:45:00;736808,58;4,82805
2026-08-16 21:50:00;736808,98;4,90001
2026-08-16 21:55:00;736809,39;5,20193
2026-08-16 22:00:00;736809,83;5,29137
2026-08-16 22:05:00;736810,27;5,22388
2026-08-16 22:10:00;736810,68;4,91053
2026-08-16 22:15:00;736811,08;4,90221
2026-08-16 22:20:00;736811,53;5,40839
2026-08-16 22:25:00;736811,98;5,54864
2026-08-16 22:30:00;736812,4;4,97793
2026-08-16 22:35:00;736812,82;5,06401
2026-08-16 22:40:00;736813,26;5,32868
2026-08-16 22:45:00;736813,7;5,27045
2026-08-16 22:50:00;736814,11;4,78652
2026-08-16 22:55:00;736814,52;4,87523
2026-08-16 23:00:00;736814,95;5,31791
2026-08-16 23:05:00;736815,4;5,26168
2026-08-16 23:15:00;736816,14;3,82136
2026-08-16 23:20:00;736816,53;4,86702
2026-08-16 23:25:00;736816,93;4,77565
2026-08-16 23:30:00;736817,31;4,29581
2026-08-16 23:35:00;736817,67;4,3569
2026-08-16 23:40:00;736818,04;4,63249
2026-08-16 23:45:00;736818,44;4,65664
2026-08-16 23:50:00;736818,81;4,29834
2026-08-16 23:55:00;736819,17;4,24024
2026-08-17 00:05:00;736819,93;4,66177
2026-08-17 00:10:00;736820,31;4,18933
2026-08-17 00:15:00;736820,65;4,09838
2026-08-17 00:20:00;736820,99;4,38618
2026-08-17 00:25:00;736821,35;4,28538
2026-08-17 00:30:00;736821,71;4,02364
2026-08-17 00:35:00;736822,05;4,07306
2026-08-17 00:40:00;736822,39;4,38915
2026-08-17 00:45:00;736822,77;4,56411
2026-08-17 00:50:00;736823,14;4,25021
2026-08-17 00:55:00;736823,48;4,18346
2026-08-17 01:00:00;736823,81;4,11002
2026-08-17 01:05:00;736824,19;4,51629
2026-08-17 01:10:00;736824,56;4,53248
2026-08-17 01:15:00;736824,9;4,03977
2026-08-17 01:20:00;736825,24;4,08628
2026-08-17 01:25:00;736825,61;4,51124
2026-08-17 01:30:00;736825,98;4,48293
2026-08-17 01:35:00;736826,32;3,93545
2026-08-17 01:40:00;736826,66;3,98617
2026-08-17 01:45:00;736827,02;4,50882
2026-08-17 01:50:00;736827,39;4,479
2026-08-17 01:55:00;736827,74;4,13254
2026-08-17 02:05:00;736828,45;4,62783
2026-08-17 02:10:00;736828,83;4,50369
2026-08-17 02:15:00;736829,18;4,10017
2026-08-17 02:20:00;736829,51;3,92396
2026-08-17 02:25:00;736829,85;4,36313
2026-08-17 02:30:00;736830,21;4,29616
2026-08-17 02:35:00;736830,55;3,83176
2026-08-17 02:40:00;736830,87;3,9042
2026-08-17 02:45:00;736831,22;4,37088
2026-08-17 02:50:00;736831,58;4,37695
2026-08-17 02:55:00;736831,94;3,89075
2026-08-17 03:00:00;736832,27;4,01203
2026-08-17 03:05:00;736832,61;4,35275
2026-08-17 03:10:00;736832,98;4,30999
2026-08-17 03:15:00;736833,33;3,91321
2026-08-17 03:20:00;736833,66;3,98626
2026-08-17 03:25:00;736834,01;4,53508
2026-08-17 03:30:00;736834,38;4,3686
2026-08-17 03:35:00;736834,75;4,18257
2026-08-17 03:40:00;736835,08;3,96794
2026-08-17 03:45:00;736835,42;4,38981
2026-08-17 03:50:00;736835,78;4,44937
2026-08-17 03:55:00;736836,14;4,02189
2026-08-17 04:05:00;736836,83;4,24641
2026-08-17 04:10:00;736837,2;4,53
2026-08-17 04:15:00;736837,58;4,2727
2026-08-17 04:20:00;736837,92;4,07442
2026-08-17 04:25:00;736838,25;3,9561
2026-08-17 04:30:00;736838,62;4,40546
2026-08-17 04:35:00;736838,98;4,28408
2026-08-17 04:40:00;736839,31;3,87416
2026-08-17 04:45:00;736839,64;3,88192
2026-08-17 04:50:00;736840;4,31578
2026-08-17 04:55:00;736840,35;4,35847
2026-08-17 05:00:00;736840,67;3,7904
2026-08-17 05:05:00;736841,02;4,86108
2026-08-17 05:10:00;736841,45;5,32608
2026-08-17 05:15:00;736841,89;5,05122
2026-08-17 05:20:00;736842,29;4,7177
2026-08-17 05:25:00;736842,7;4,9263
2026-08-17 05:30:00;736843,01;3,76922
2026-08-17 05:35:00;736843,34;3,76481
2026-08-17 05:40:00;736843,69;4,33065
2026-08-17 05:45:00;736844,03;4,08836
2026-08-17 05:50:00;736844,38;4,1711
2026-08-17 05:55:00;736844,69;3,77267
2026-08-17 06:00:00;736845;3,70154
2026-08-17 06:05:00;736845,34;4,0698
2026-08-17 06:10:00;736845,68;4,14614
2026-08-17 06:15:00;736846;3,80514
2026-08-17 06:20:00;736846,32;3,7669
2026-08-17 06:25:00;736846,66;4,24431
2026-08-17 06:30:00;736847;4,05829
2026-08-17 06:35:00;736847,32;3,7159
2026-08-17 06:40:00;736847,63;3,72715
2026-08-17 06:45:00;736847,96;4,18104
2026-08-17 06:50:00;736848,25;3,61315
2026-08-17 06:55:00;736848,56;3,28597
2026-08-17 07:00:00;736848,84;3,21971
2026-08-17 07:05:00;736849,13;3,60032
2026-08-17 07:10:00;736849,39;2,77579
2026-08-17 07:15:00;736849,68;3,88674
2026-08-17 07:20:00;736850,01;3,99274
2026-08-17 07:25:00;736850,31;3,69048
2026-08-17 07:30:00;736850,66;5,11665
2026-08-17 07:35:00;736851,07;4,7442
2026-08-17 07:40:00;736851,47;4,71203
2026-08-17 07:45:00;736851,85;4,22362
2026-08-17 07:50:00;736852,23;5,27943
2026-08-17 07:55:00;736852,67;5,1863
2026-08-17 08:00:00;736853,09;4,53605
2026-08-17 08:05:00;736853,48;4,87317
2026-08-17 08:10:00;736853,89;4,91834
2026-08-17 08:15:00;736854,28;4,63196
2026-08-17 08:20:00;736854,66;4,42605
2026-08-17 08:25:00;736855;4,22495
2026-08-17 08:30:00;736855,41;5,61633
2026-08-17 08:35:00;736855,86;5,28953
2026-08-17 08:40:00;736856,27;4,58597
2026-08-17 08:45:00;736856,66;4,80716
2026-08-17 08:50:00;736857,05;4,73268
2026-08-17 08:55:00;736857,44;4,43526
2026-08-17 09:00:00;736857,8;3,75561
2026-08-17 09:05:00;736858,1;3,78554
2026-08-17 09:10:00;736858,44;4,46929
2026-08-17 09:15:00;736858,87;4,97634
2026-08-17 09:20:00;736859,24;4,32522
2026-08-17 09:25:00;736859,54;3,725
2026-08-17 09:30:00;736859,89;4,29667
2026-08-17 09:35:00;736860,34;5,18955
2026-08-17 09:40:00;736860,74;4,88624
2026-08-17 09:45:00;736861,05;3,84691
2026-08-17 09:50:00;736861,39;3,89839
2026-08-17 09:55:00;736861,83;5,36132
2026-08-17 10:00:00;736862,25;4,98816
2026-08-17 10:05:00;736862,55;3,71549
2026-08-17 10:10:00;736862,89;3,92653
2026-08-17 10:15:00;736863,31;4,87836
2026-08-17 10:20:00;736863,67;3,53133
2026-08-17 10:25:00;736863,99;4,07054
2026-08-17 10:30:00;736864,36;5,08935
2026-08-17 10:35:00;736864,79;4,88465
2026-08-17 10:40:00;736865,13;3,67366
2026-08-17 10:45:00;736865,44;3,88405
2026-08-17 10:50:00;736865,86;5,33055
2026-08-17 10:55:00;736866,29;4,99649
2026-08-17 11:00:00;736866,62;3,65416
2026-08-17 11:05:00;736866,94;4,05071
2026-08-17 11:10:00;736867,35;5,20034
2026-08-17 11:15:00;736867,77;4,92218
2026-08-17 11:20:00;736868,12;3,42632
2026-08-17 11:25:00;736868,4;3,32234
2026-08-17 11:30:00;736868,71;4,05738
2026-08-17 11:35:00;736869,11;4,74281
2026-08-17 11:40:00;736869,49;4,72131
2026-08-17 11:45:00;736869,82;3,8292
2026-08-17 11:50:00;736870,14;3,80309
2026-08-17 11:55:00;736870,57;5,03496
2026-08-17 12:00:00;736870,97;4,82985
2026-08-17 12:05:00;736871,29;3,71266
2026-08-17 12:10:00;736871,61;3,82812
2026-08-17 12:15:00;736872;5,04391
2026-08-17 12:20:00;736872,41;5,00017
2026-08-17 12:25:00;736872,76;3,53955
2026-08-17 12:30:00;736873,08;3,78459
2026-08-17 12:35:00;736873,45;5,12072
2026-08-17 12:40:00;736873,87;4,86481
2026-08-17 12:45:00;736874,27;4,56768
2026-08-17 12:50:00;736874,62;4,07542
2026-08-17 12:55:00;736874,94;3,8964
2026-08-17 13:00:00;736875,32;4,93345
2026-08-17 13:05:00;736875,75;5,18245
2026-08-17 13:10:00;736876,18;4,84588
2026-08-17 13:15:00;736876,53;4,11778
2026-08-17 13:20:00;736876,83;3,77541
2026-08-17 13:25:00;736877,23;5,07007
2026-08-17 13:30:00;736877,69;5,51717
2026-08-17 13:35:00;736878,11;5,09427
2026-08-17 13:40:00;736878,49;4,48686
2026-08-17 13:45:00;736878,88;4,68694
2026-08-17 13:50:00;736879,31;5,13202
2026-08-17 13:55:00;736879,73;5,19759
2026-08-17 14:00:00;736880,08;3,78962
2026-08-17 14:05:00;736880,41;3,94074
2026-08-17 14:10:00;736880,89;5,66663
2026-08-17 14:15:00;736881,37;5,77194
2026-08-17 14:20:00;736881,77;4,78536
2026-08-17 14:25:00;736882,16;4,73865
2026-08-17 14:30:00;736882,6;5,29085
2026-08-17 14:35:00;736883,04;5,34062
2026-08-17 14:40:00;736883,45;4,768
2026-08-17 14:45:00;736883,84;4,58356
2026-08-17 14:50:00;736884,21;4,16237
2026-08-17 14:55:00;736884,56;4,12909
2026-08-17 15:00:00;736884,93;5,17594
2026-08-17 15:05:00;736885,37;5,40781
2026-08-17 15:10:00;736885,83;5,17915
2026-08-17 15:15:00;736886,26;5,11354
2026-08-17 15:20:00;736886,66;4,73445
2026-08-17 15:25:00;736887,05;4,64033
2026-08-17 15:30:00;736887,41;4,21242
2026-08-17 15:35:00;736887,75;4,10465
2026-08-17 15:40:00;736888,1;4,98515
2026-08-17 15:45:00;736888,53;5,26889
2026-08-17 15:50:00;736888,97;5,11914
2026-08-17 15:55:00;736889,39;4,92766
2026-08-17 16:00:00;736889,72;3,71763
2026-08-17 16:05:00;736890,06;4,73624
2026-08-17 16:10:00;736890,52;6,11869
2026-08-17 16:15:00;736891,07;6,75977
2026-08-17 16:20:00;736891,56;5,08698
2026-08-17 16:25:00;736891,95;4,62753
2026-08-17 16:30:00;736892,28;4,1902
2026-08-17 16:35:00;736892,63;4,07561
2026-08-17 16:40:00;736892,95;3,76151
2026-08-17 16:45:00;736893,27;3,76171
2026-08-17 16:50:00;736893,6;4,12961
2026-08-17 16:55:00;736893,94;4,09857
2026-08-17 17:00:00;736894,25;3,56467
2026-08-17 17:05:00;736894,55;3,62676
2026-08-17 17:10:00;736894,88;4,13187
2026-08-17 17:15:00;736895,23;4,25595
2026-08-17 17:20:00;736895,56;3,82525
2026-08-17 17:25:00;736895,88;3,87427
2026-08-17 17:30:00;736896,2;3,77681
2026-08-17 17:35:00;736896,52;3,83144
2026-08-17 17:40:00;736896,85;4,3418
2026-08-17 17:45:00;736897,21;4,19858
2026-08-17 17:50:00;736897,56;4,15483
2026-08-17 17:55:00;736897,91;4,22258
2026-08-17 18:00:00;736898,17;2,21533
2026-08-17 18:05:00;736898,36;2,2387
2026-08-17 18:10:00;736898,59;2,71513
2026-08-17 18:15:00;736898,82;2,70447
2026-08-17 18:20:00;736899,01;2,32034
2026-08-17 18:25:00;736899,21;2,31716
2026-08-17 18:30:00;736899,44;2,75633
2026-08-17 18:35:00;736899,67;2,75615
2026-08-17 18:40:00;736899,88;2,4706
2026-08-17 18:45:00;736900,08;2,57437
2026-08-17 18:50:00;736900,33;3,13375
2026-08-17 18:55:00;736900,57;2,87408
2026-08-17 19:00:00;736900,77;2,40319
2026-08-17 19:05:00;736900,97;2,3508
2026-08-17 19:10:00;736901,19;2,72141
2026-08-17 19:15:00;736901,42;2,67892
2026-08-17 19:20:00;736901,63;2,47048
2026-08-17 19:25:00;736901,82;2,37594
2026-08-17 19:30:00;736902,05;2,86664
2026-08-17 19:35:00;736902,29;2,92848
2026-08-17 19:40:00;736902,5;2,35416
2026-08-17 19:45:00;736902,7;2,38781
2026-08-17 19:50:00;736902,91;2,71678
2026-08-17 19:55:00;736903,14;2,77001
2026-08-17 20:00:00;736903,34;2,32406
2026-08-17 20:05:00;736903,54;2,44732
2026-08-17 20:10:00;736903,75;2,69179
2026-08-17 20:15:00;736903,97;2,7235
2026-08-17 20:20:00;736904,18;2,1614
2026-08-17 20:25:00;736904,38;2,15263
2026-08-17 20:30:00;736904,7;4,02346
2026-08-17 20:35:00;736905,03;3,92393
2026-08-17 20:40:00;736905,35;3,73388
2026-08-17 20:45:00;736905,66;3,77826
2026-08-17 20:50:00;736905,99;4,17322
2026-08-17 20:55:00;736906,33;4,11977
2026-08-17 21:00:00;736906,66;3,81586
2026-08-17 21:05:00;736906,96;3,60416
2026-08-17 21:10:00;736907,28;3,81276
2026-08-17 21:15:00;736907,62;4,06208
2026-08-17 21:20:00;736907,94;3,76724
2026-08-17 21:25:00;736908,25;3,68607
2026-08-17 21:30:00;736908,56;3,86508
2026-08-17 21:35:00;736908,9;4,13464
2026-08-17 21:40:00;736909,23;3,8456
2026-08-17 21:45:00;736909,54;3,68631
2026-08-17 21:50:00;736909,85;3,68965
2026-08-17 21:55:00;736910,19;4,07108
2026-08-17 22:00:00;736910,52;3,9923
2026-08-17 22:05:00;736910,83;3,67995
2026-08-17 22:10:00;736911,15;3,73807
2026-08-17 22:15:00;736911,5;4,20769
2026-08-17 22:20:00;736911,83;4,1091
2026-08-17 22:25:00;736912,14;3,55947
2026-08-17 22:30:00;736912,45;3,80793
2026-08-17 22:35:00;736912,8;4,07419
2026-08-17 22:40:00;736913,14;4,19606
2026-08-17 22:45:00;736913,45;3,79266
2026-08-17 22:50:00;736913,76;3,87926
2026-08-17 22:55:00;736914,12;4,26419
2026-08-17 23:00:00;736914,47;4,28038
2026-08-17 23:05:00;736914,79;3,78965
2026-08-17 23:10:00;736915,11;3,71814
2026-08-17 23:15:00;736915,46;4,21163
2026-08-17 23:20:00;736915,78;3,72143
2026-08-17 23:25:00;736916,09;3,83435
2026-08-17 23:30:00;736916,41;3,85222
2026-08-17 23:35:00;736916,73;3,90962
2026-08-17 23:40:00;736917,07;4,27095
2026-08-17 23:45:00;736917,42;4,31365
2026-08-17 23:50:00;736917,77;4,13694
2026-08-17 23:55:00;736918,13;4,16231
2026-08-18 00:00:00;736918,44;3,85586
2026-08-18 00:05:00;736918,76;3,85907
2026-08-18 00:10:00;736919,12;4,25977
2026-08-18 00:15:00;736919,48;4,41167
2026-08-18 00:20:00;736919,81;3,92301
2026-08-18 00:25:00;736920,14;3,86027
2026-08-18 00:30:00;736920,5;4,40213
2026-08-18 00:35:00;736920,85;4,19762
2026-08-18 00:40:00;736921,17;3,80191
2026-08-18 00:45:00;736921,48;3,73527
2026-08-18 00:50:00;736921,82;4,20151
2026-08-18 00:55:00;736922,17;4,12111
2026-08-18 01:00:00;736922,49;3,89933
2026-08-18 01:05:00;736922,8;3,78925
2026-08-18 01:10:00;736923,15;4,22039
2026-08-18 01:15:00;736923,5;4,14683
2026-08-18 01:25:00;736924,13;3,67515
2026-08-18 01:30:00;736924,47;4,13868
2026-08-18 01:35:00;736924,81;4,16904
2026-08-18 01:40:00;736925,13;3,78412
2026-08-18 01:45:00;736925,44;3,8243
2026-08-18 01:50:00;736925,77;4,10459
2026-08-18 01:55:00;736926,11;4,08299
2026-08-18 02:00:00;736926,41;3,58067
2026-08-18 02:05:00;736926,71;3,52832
2026-08-18 02:10:00;736927,03;3,91414
2026-08-18 02:15:00;736927,37;4,06158
2026-08-18 02:20:00;736927,68;3,66069
2026-08-18 02:25:00;736928;3,81679
2026-08-18 02:30:00;736928,34;4,31766
2026-08-18 02:35:00;736928,69;4,15501
2026-08-18 02:40:00;736929,01;3,77168
2026-08-18 02:45:00;736929,32;3,76139
2026-08-18 02:50:00;736929,65;4,13027
2026-08-18 02:55:00;736930;4,02508
2026-08-18 03:00:00;736930,31;3,7286
2026-08-18 03:05:00;736930,62;3,66144
2026-08-18 03:10:00;736930,95;4,13421
2026-08-18 03:15:00;736931,29;4,12533
2026-08-18 03:20:00;736931,62;3,72058
2026-08-18 03:25:00;736931,93;3,74039
2026-08-18 03:30:00;736932,26;4,22185
2026-08-18 03:35:00;736932,6;4,05636
2026-08-18 03:40:00;736932,92;3,64947
2026-08-18 03:45:00;736933,23;3,83861
2026-08-18 03:50:00;736933,56;4,09053
2026-08-18 03:55:00;736933,9;4,04965
2026-08-18 04:00:00;736934,21;3,67575
2026-08-18 04:05:00;736934,51;3,60077
2026-08-18 04:10:00;736934,83;3,95428
2026-08-18 04:15:00;736935,17;4,12474
2026-08-18 04:20:00;736935,47;3,57406
2026-08-18 04:25:00;736935,78;3,63652
2026-08-18 04:35:00;736936,45;4,05965
2026-08-18 04:40:00;736936,77;3,65492
2026-08-18 04:50:00;736937,41;4,15832
2026-08-18 04:55:00;736937,76;4,16873
2026-08-18 05:00:00;736938,08;3,85021
2026-08-18 05:05:00;736938,42;4,80201
2026-08-18 05:10:00;736938,83;5,15286
2026-08-18 05:15:00;736939,26;5,24208
2026-08-18 05:20:00;736939,66;4,69508
2026-08-18 05:25:00;736940,05;4,61801
2026-08-18 05:35:00;736940,66;3,67891
2026-08-18 05:40:00;736940,98;4,09837
2026-08-18 05:45:00;736941,32;4,09148
2026-08-18 05:50:00;736941,66;3,99561
2026-08-18 05:55:00;736941,98;3,68797
2026-08-18 06:00:00;736942,29;3,72817
2026-08-18 06:05:00;736942,62;4,12283
2026-08-18 06:10:00;736942,95;3,89879
2026-08-18 06:15:00;736943,25;3,55126
2026-08-18 06:20:00;736943,55;3,54182
2026-08-18 06:25:00;736943,87;4,11069
2026-08-18 06:35:00;736944,55;3,90744
2026-08-18 06:40:00;736944,88;3,92744
2026-08-18 06:45:00;736945,16;2,97201
2026-08-18 06:50:00;736945,41;2,95073
2026-08-18 06:55:00;736945,64;2,5977
2026-08-18 07:05:00;736946,29;4,92879
2026-08-18 07:10:00;736946,67;4,4646
2026-08-18 07:20:00;736947,34;3,93429
2026-08-18 07:25:00;736947,82;6,19899
2026-08-18 07:30:00;736948,32;5,95323
2026-08-18 07:35:00;736948,72;4,53324
2026-08-18 07:40:00;736949,1;4,64851
2026-08-18 07:50:00;736949,92;5,05725
2026-08-18 07:55:00;736950,27;3,80523
2026-08-18 08:00:00;736950,61;4,59794
2026-08-18 08:05:00;736951,06;5,53682
2026-08-18 08:10:00;736951,52;5,30211
2026-08-18 08:20:00;736952,29;4,5913
2026-08-18 08:25:00;736952,61;4,02099
2026-08-18 08:30:00;736952,95;4,01004
2026-08-18 08:35:00;736953,32;5,01866
2026-08-18 08:40:00;736953,74;4,91202
2026-08-18 08:45:00;736954,07;4,00617
2026-08-18 08:50:00;736954,4;4,03431
2026-08-18 08:55:00;736954,74;4,77722
2026-08-18 09:05:00;736955,51;4,65831
2026-08-18 09:10:00;736955,99;5,76825
2026-08-18 09:20:00;736957,44;9,22369
2026-08-18 09:25:00;736958,09;8,16581
2026-08-18 09:35:00;736959,57;9,55529
2026-08-18 09:40:00;736960,3;8,0838
2026-08-18 09:50:00;736961,7;8,57842
2026-08-18 09:55:00;736962,48;9,35813
2026-08-18 10:05:00;736963,75;6,33372
2026-08-18 10:10:00;736964,28;6,4767
2026-08-18 10:15:00;736964,89;7,37356
2026-08-18 10:20:00;736965,45;6,09573
2026-08-18 10:25:00;736965,98;6,18901
2026-08-18 10:35:00;736967,11;7,36513
2026-08-18 10:40:00;736967,64;5,87522
2026-08-18 10:45:00;736968,16;6,29035
2026-08-18 10:50:00;736968,71;6,94233
2026-08-18 10:55:00;736969,33;7,38579
2026-08-18 11:00:00;736969,88;5,93269
2026-08-18 11:05:00;736970,41;6,38016
2026-08-18 11:10:00;736970,95;6,73939
2026-08-18 11:15:00;736971,57;7,52678
2026-08-18 11:20:00;736972,12;5,91147
2026-08-18 11:25:00;736972,62;5,96413
2026-08-18 11:30:00;736973,14;6,48962
2026-08-18 11:35:00;736973,75;7,25171
2026-08-18 11:40:00;736974,3;6,22158
2026-08-18 11:50:00;736975,36;7,2152
2026-08-18 11:55:00;736975,98;7,41636
2026-08-18 12:05:00;736976,94;5,46802
2026-08-18 12:10:00;736977,44;6,88526
2026-08-18 12:15:00;736978,02;7,04654
2026-08-18 12:20:00;736978,51;5,15591
2026-08-18 12:25:00;736978,95;5,25284
2026-08-18 12:30:00;736979,42;5,67022
2026-08-18 12:35:00;736979,99;6,41803
2026-08-18 12:40:00;736980,48;4,9878
2026-08-18 12:45:00;736980,91;5,46533
2026-08-18 12:50:00;736981,39;5,65769
2026-08-18 12:55:00;736981,97;6,86962
2026-08-18 13:00:00;736982,54;6,89124
2026-08-18 13:05:00;736983,02;6,00887
2026-08-18 13:10:00;736983,53;5,96019
2026-08-18 13:15:00;736984,09;7,00827
2026-08-18 13:20:00;736984,69;7,17642
2026-08-18 13:25:00;736985,18;4,66177
2026-08-18 13:30:00;736985,56;4,89239
2026-08-18 13:35:00;736985,99;5,60675
2026-08-18 13:40:00;736986,47;5,8293
2026-08-18 13:45:00;736986,94;5,50278
2026-08-18 13:50:00;736987,34;4,53032
2026-08-18 13:55:00;736987,69;4,07986
2026-08-18 14:05:00;736988,58;6,02895
2026-08-18 14:10:00;736989,02;4,48422
2026-08-18 14:15:00;736989,37;4,18744
2026-08-18 14:20:00;736989,77;5,68737
2026-08-18 14:25:00;736990,29;6,51193
2026-08-18 14:30:00;736990,81;5,79363
2026-08-18 14:35:00;736991,26;5,33608
2026-08-18 14:40:00;736991,72;5,53559
2026-08-18 14:50:00;736992,68;5,73721
2026-08-18 14:55:00;736993,09;4,39026
2026-08-18 15:05:00;736993,91;6,22109
2026-08-18 15:10:00;736994,45;6,41338
2026-08-18 15:15:00;736994,93;5,3199
2026-08-18 15:20:00;736995,38;5,54924
2026-08-18 15:25:00;736995,86;5,88244
2026-08-18 15:35:00;736996,82;5,64936
2026-08-18 15:40:00;736997,28;5,50949
2026-08-18 15:45:00;736997,79;5,95782
2026-08-18 15:50:00;736998,28;5,88316
2026-08-18 15:55:00;736998,74;5,54186
2026-08-18 16:00:00;736999,21;5,47181
2026-08-18 16:05:00;736999,74;7,1037
2026-08-18 16:10:00;737000,3;6,6655
2026-08-18 16:15:00;737000,84;6,65243
2026-08-18 16:20:00;737001,36;5,55251
2026-08-18 16:25:00;737001,84;5,87371
2026-08-18 16:30:00;737002,24;4,55148
2026-08-18 16:35:00;737002,6;4,35888
2026-08-18 16:40:00;737002,97;4,49066
2026-08-18 16:45:00;737003,36;4,70174
2026-08-18 16:50:00;737003,74;4,21387
2026-08-18 16:55:00;737004,09;4,13684
2026-08-18 17:00:00;737004,45;4,6269
2026-08-18 17:05:00;737004,83;4,47763
2026-08-18 17:10:00;737005,21;4,14142
2026-08-18 17:15:00;737005,56;4,23653
2026-08-18 17:20:00;737005,92;4,23169
2026-08-18 17:25:00;737006,27;4,18266
2026-08-18 17:35:00;737006,98;4,30046
2026-08-18 17:40:00;737007,35;4,64343
2026-08-18 17:50:00;737008,12;4,64486
2026-08-18 17:55:00;737008,5;4,52056
2026-08-18 18:05:00;737009,01;2,44342
2026-08-18 18:10:00;737009,24;2,85454
2026-08-18 18:15:00;737009,48;2,8482
2026-08-18 18:20:00;737009,69;2,44708
2026-08-18 18:25:00;737009,89;2,38448
2026-08-18 18:35:00;737010,37;2,9754
2026-08-18 18:40:00;737010,59;2,58287
2026-08-18 18:45:00;737010,81;2,74136
2026-08-18 18:50:00;737011,07;3,17823
2026-08-18 18:55:00;737011,34;3,10393
2026-08-18 19:00:00;737011,57;2,90881
2026-08-18 19:05:00;737011,81;2,75908
2026-08-18 19:10:00;737012,08;3,22587
2026-08-18 19:15:00;737012,34;3,27075
2026-08-18 19:20:00;737012,58;2,86485
2026-08-18 19:25:00;737012,81;2,73523
2026-08-18 19:30:00;737013,08;3,19186
2026-08-18 19:35:00;737013,34;3,17102
2026-08-18 19:40:00;737013,58;2,85238
2026-08-18 19:45:00;737013,82;2,96407
2026-08-18 19:50:00;737014,1;3,29337
2026-08-18 19:55:00;737014,37;3,32165
2026-08-18 20:00:00;737014,62;2,93107
2026-08-18 20:05:00;737014,85;2,74135
2026-08-18 20:10:00;737015,12;3,10022
2026-08-18 20:15:00;737015,37;3,03548
2026-08-18 20:20:00;737015,6;2,5943
2026-08-18 20:25:00;737015,94;4,19471
2026-08-18 20:30:00;737016,31;4,51672
2026-08-18 20:35:00;737016,68;4,35468
2026-08-18 20:40:00;737017,03;4,1236
2026-08-18 20:45:00;737017,38;4,38907
2026-08-18 20:50:00;737017,76;4,48558
2026-08-18 20:55:00;737018,13;4,20225
2026-08-18 21:00:00;737018,46;4,03729
2026-08-18 21:05:00;737018,81;4,38294
2026-08-18 21:10:00;737019,17;4,38507
2026-08-18 21:15:00;737019,53;4,00837
2026-08-18 21:20:00;737019,87;4,01814
2026-08-18 21:25:00;737020,22;4,42488
2026-08-18 21:30:00;737020,58;4,37847
2026-08-18 21:35:00;737020,94;3,96399
2026-08-18 21:40:00;737021,26;4,00117
2026-08-18 21:45:00;737021,6;4,3053
2026-08-18 21:50:00;737021,97;4,28689
2026-08-18 21:55:00;737022,32;3,96401
2026-08-18 22:00:00;737022,65;4,06068
2026-08-18 22:05:00;737023,01;4,50756
2026-08-18 22:10:00;737023,38;4,59468
2026-08-18 22:15:00;737023,74;4,01951
2026-08-18 22:20:00;737024,07;4,04357
2026-08-18 22:25:00;737024,42;4,44071
2026-08-18 22:30:00;737024,79;4,43592
2026-08-18 22:35:00;737025,14;3,96548
2026-08-18 22:40:00;737025,47;4,06802
2026-08-18 22:45:00;737025,82;4,45855
2026-08-18 22:50:00;737026,19;4,44396
2026-08-18 22:55:00;737026,54;3,98566
2026-08-18 23:00:00;737026,88;4,02524
2026-08-18 23:05:00;737027,23;4,47238
2026-08-18 23:10:00;737027,62;4,56773
2026-08-18 23:15:00;737027,98;4,23404
2026-08-18 23:20:00;737028,33;4,19693
2026-08-18 23:25:00;737028,68;4,16504
2026-08-18 23:30:00;737029,04;4,21657
2026-08-18 23:35:00;737029,39;4,22731
2026-08-18 23:40:00;737029,76;4,59313
2026-08-18 23:45:00;737030,14;4,54587
2026-08-18 23:50:00;737030,52;4,53242
2026-08-18 23:55:00;737030,89;4,5007
2026-08-19 00:00:00;737031,23;4,10655
2026-08-19 00:05:00;737031,58;4,43448
2026-08-19 00:10:00;737031,96;4,63457
2026-08-19 00:15:00;737032,34;4,29749
2026-08-19 00:20:00;737032,69;4,15129
2026-08-19 00:30:00;737033,42;4,3955
2026-08-19 00:35:00;737033,79;4,19838
2026-08-19 00:40:00;737034,14;4,24232
2026-08-19 00:45:00;737034,49;4,36319
2026-08-19 00:50:00;737034,87;4,57631
2026-08-19 00:55:00;737035,23;4,18161
2026-08-19 01:00:00;737035,58;4,15977
2026-08-19 01:05:00;737035,93;4,47994
2026-08-19 01:10:00;737036,31;4,50816
2026-08-19 01:15:00;737036,67;4,06976
2026-08-19 01:20:00;737037,02;4,22121
2026-08-19 01:25:00;737037,37;4,59172
2026-08-19 01:30:00;737037,76;4,54413
2026-08-19 01:35:00;737038,13;4,21438
2026-08-19 01:40:00;737038,48;4,15383
2026-08-19 01:45:00;737038,84;4,57495
2026-08-19 01:50:00;737039,22;4,4991
2026-08-19 01:55:00;737039,57;3,95318
2026-08-19 02:00:00;737039,91;3,99729
2026-08-19 02:05:00;737040,26;4,54387
2026-08-19 02:10:00;737040,62;4,39179
2026-08-19 02:15:00;737040,97;4,1326
2026-08-19 02:20:00;737041,31;4,11477
2026-08-19 02:25:00;737041,67;4,54608
2026-08-19 02:30:00;737042,04;4,39348
2026-08-19 02:35:00;737042,39;4,00883
2026-08-19 02:40:00;737042,72;3,995
2026-08-19 02:45:00;737043,08;4,43913
2026-08-19 02:50:00;737043,44;4,40557
2026-08-19 02:55:00;737043,78;3,88592
2026-08-19 03:00:00;737044,12;4,00289
2026-08-19 03:05:00;737044,48;4,45991
2026-08-19 03:10:00;737044,85;4,51005
2026-08-19 03:15:00;737045,2;4,02817
2026-08-19 03:20:00;737045,54;4,09745
2026-08-19 03:25:00;737045,9;4,49612
2026-08-19 03:30:00;737046,27;4,64179
2026-08-19 03:35:00;737046,62;4,05951
2026-08-19 03:40:00;737046,96;4,0906
2026-08-19 03:45:00;737047,33;4,54554
2026-08-19 03:50:00;737047,7;4,45026
2026-08-19 03:55:00;737048,05;4,04759
2026-08-19 04:00:00;737048,39;4,05539
2026-08-19 04:05:00;737048,75;4,45235
2026-08-19 04:10:00;737049,12;4,43634
2026-08-19 04:15:00;737049,46;4,15647
2026-08-19 04:20:00;737049,79;3,93903
2026-08-19 04:25:00;737050,16;4,46347
2026-08-19 04:30:00;737050,52;4,34323
2026-08-19 04:35:00;737050,87;4,08046
2026-08-19 04:40:00;737051,2;4,07827
2026-08-19 04:45:00;737051,58;4,59319
2026-08-19 04:50:00;737051,96;4,56812
2026-08-19 04:55:00;737052,31;4,18565
2026-08-19 05:00:00;737052,65;4,17405
2026-08-19 05:05:00;737053,07;5,64136
2026-08-19 05:10:00;737053,53;5,57995
2026-08-19 05:15:00;737053,96;5,2735
2026-08-19 05:20:00;737054,39;5,15367
2026-08-19 05:25:00;737054,81;5,10486
2026-08-19 05:30:00;737055,15;4,13191
2026-08-19 05:35:00;737055,49;4,11069
2026-08-19 05:40:00;737055,85;4,59302
2026-08-19 05:45:00;737056,24;4,5325
2026-08-19 05:50:00;737056,63;4,68696
2026-08-19 05:55:00;737057;4,45196
2026-08-19 06:05:00;737057,7;4,2906
2026-08-19 06:10:00;737058,07;4,35274
2026-08-19 06:15:00;737058,43;4,16474
2026-08-19 06:20:00;737058,78;4,12443
2026-08-19 06:25:00;737059,12;4,32251
2026-08-19 06:30:00;737059,5;4,49376
2026-08-19 06:35:00;737059,87;4,19258
2026-08-19 06:40:00;737060,22;4,19149
2026-08-19 06:45:00;737060,53;3,24331
2026-08-19 06:50:00;737060,79;3,12956
2026-08-19 06:55:00;737061,05;2,88271
2026-08-19 07:00:00;737061,34;4,38369
2026-08-19 07:05:00;737061,75;5,12208
2026-08-19 07:10:00;737062,15;4,7283
2026-08-19 07:15:00;737062,53;4,39125
2026-08-19 07:20:00;737062,91;4,92386
2026-08-19 07:25:00;737063,46;6,8222
2026-08-19 07:30:00;737064;6,42376
2026-08-19 07:35:00;737064,45;5,12928
2026-08-19 07:40:00;737064,89;5,20707
2026-08-19 07:45:00;737065,33;5,65876
2026-08-19 07:50:00;737065,8;5,6069
2026-08-19 07:55:00;737066,2;4,46951
2026-08-19 08:05:00;737067,11;6,11531
2026-08-19 08:10:00;737067,61;5,60791
2026-08-19 08:15:00;737068,04;5,05159
2026-08-19 08:20:00;737068,46;5,07577
2026-08-19 08:25:00;737068,82;4,56801
2026-08-19 08:30:00;737069,2;4,63912
2026-08-19 08:35:00;737069,63;5,60635
2026-08-19 08:40:00;737070,1;5,59387
2026-08-19 08:45:00;737070,45;4,29509
2026-08-19 08:50:00;737070,82;4,53843
2026-08-19 08:55:00;737071,27;5,402
2026-08-19 09:00:00;737071,69;3,98866
2026-08-19 09:05:00;737072,05;4,49815
2026-08-19 09:10:00;737072,41;4,42338
2026-08-19 09:15:00;737072,85;5,40701
2026-08-19 09:20:00;737073,26;3,99191
2026-08-19 09:25:00;737073,63;4,38063
2026-08-19 09:30:00;737073,99;4,41683
2026-08-19 09:35:00;737074,44;5,4108
2026-08-19 09:40:00;737074,83;3,96984
2026-08-19 09:45:00;737075,19;4,34249
2026-08-19 09:50:00;737075,57;5,03107
2026-08-19 09:55:00;737076,03;5,57561
2026-08-19 10:05:00;737076,78;4,54757
2026-08-19 10:10:00;737077,16;4,39557
2026-08-19 10:15:00;737077,63;5,62235
2026-08-19 10:20:00;737078,04;4,26041
2026-08-19 10:25:00;737078,42;4,59303
2026-08-19 10:30:00;737078,79;4,37694
2026-08-19 10:35:00;737079,26;5,59098
2026-08-19 10:40:00;737079,7;4,42563
2026-08-19 10:45:00;737080,08;4,55579
2026-08-19 10:50:00;737080,46;4,17057
2026-08-19 10:55:00;737080,88;5,7694
2026-08-19 11:00:00;737081,38;6,1656
2026-08-19 11:05:00;737081,8;4,67081
2026-08-19 11:10:00;737082,18;4,22235
2026-08-19 11:15:00;737082,54;4,34366
2026-08-19 11:20:00;737083,02;5,86824
2026-08-19 11:25:00;737083,51;5,9893
2026-08-19 11:30:00;737083,9;4,35796
2026-08-19 11:35:00;737084,26;4,31677
2026-08-19 11:40:00;737084,67;6,15022
2026-08-19 11:45:00;737085,19;6,28805
2026-08-19 11:50:00;737085,7;5,7274
2026-08-19 11:55:00;737086,1;4,66685
2026-08-19 12:05:00;737086,94;5,87213
2026-08-19 12:10:00;737087,47;6,38204
2026-08-19 12:15:00;737087,96;5,85237
2026-08-19 12:20:00;737088,31;4,15196
2026-08-19 12:25:00;737088,67;4,3042
2026-08-19 12:30:00;737089,11;5,93298
2026-08-19 12:35:00;737089,62;6,1128
2026-08-19 12:40:00;737090,06;4,98858
2026-08-19 12:45:00;737090,41;4,23745
2026-08-19 12:50:00;737090,8;4,59533
2026-08-19 12:55:00;737091,28;5,96283
2026-08-19 13:00:00;737091,77;5,80577
2026-08-19 13:05:00;737092,22;5,22231
2026-08-19 13:10:00;737092,65;4,73508
2026-08-19 13:15:00;737093,04;4,42974
2026-08-19 13:20:00;737093,46;5,92727
2026-08-19 13:25:00;737093,95;6,09969
2026-08-19 13:30:00;737094,46;5,92231
2026-08-19 13:35:00;737094,89;4,63396
2026-08-19 13:40:00;737095,28;5,16148
2026-08-19 13:45:00;737095,8;6,50379
2026-08-19 13:50:00;737096,34;6,30714
2026-08-19 13:55:00;737096,83;5,53507
2026-08-19 14:05:00;737097,77;5,99142
2026-08-19 14:10:00;737098,26;5,91516
2026-08-19 14:15:00;737098,75;5,79351
2026-08-19 14:20:00;737099,22;5,6798
2026-08-19 14:25:00;737099,7;6,05465
2026-08-19 14:30:00;737100,21;5,95355
2026-08-19 14:35:00;737100,69;5,54587
2026-08-19 14:40:00;737101,18;6,03126
2026-08-19 14:45:00;737101,65;6,00423
2026-08-19 14:50:00;737102,16;6,13924
2026-08-19 14:55:00;737102,65;5,82823
2026-08-19 15:00:00;737103,13;5,65973
2026-08-19 15:05:00;737103,61;5,92799
2026-08-19 15:10:00;737104,11;6,02946
2026-08-19 15:15:00;737104,59;5,51436
2026-08-19 15:20:00;737105,06;5,72348
2026-08-19 15:25:00;737105,55;6,10905
2026-08-19 15:30:00;737106,05;6,04086
2026-08-19 15:35:00;737106,54;5,73339
2026-08-19 15:40:00;737107,03;6,27085
2026-08-19 15:45:00;737107,54;6,15336
2026-08-19 15:50:00;737108,05;6,18112
2026-08-19 15:55:00;737108,54;5,62338
2026-08-19 16:00:00;737109,01;5,60739
2026-08-19 16:05:00;737109,52;7,11213
2026-08-19 16:10:00;737110,1;6,99461
2026-08-19 16:15:00;737110,67;6,68995
2026-08-19 16:20:00;737111,2;5,7369
2026-08-19 16:25:00;737111,69;6,22517
2026-08-19 16:30:00;737112,12;5,04439
2026-08-19 16:35:00;737112,54;4,6485
2026-08-19 16:40:00;737112,92;4,52117
2026-08-19 16:45:00;737113,33;5,04998
2026-08-19 16:50:00;737113,74;5,01527
2026-08-19 16:55:00;737114,14;4,57292
2026-08-19 17:00:00;737114,52;4,61531
2026-08-19 17:05:00;737114,92;4,86085
2026-08-19 17:10:00;737115,33;4,87189
2026-08-19 17:15:00;737115,72;4,46863
2026-08-19 17:20:00;737116,09;4,43701
2026-08-19 17:25:00;737116,45;4,37773
2026-08-19 17:30:00;737116,81;4,32914
2026-08-19 17:35:00;737117,18;4,33002
2026-08-19 17:40:00;737117,56;4,79246
2026-08-19 17:45:00;737117,97;4,94403
2026-08-19 17:50:00;737118,37;4,85092
2026-08-19 17:55:00;737118,78;4,79747
2026-08-19 18:00:00;737119,09;2,77811
2026-08-19 18:05:00;737119,31;2,59227
2026-08-19 18:10:00;737119,56;3,01015
2026-08-19 18:15:00;737119,81;3,00205
2026-08-19 18:20:00;737120,04;2,54551
2026-08-19 18:25:00;737120,25;2,51361
2026-08-19 18:30:00;737120,5;3,10883
2026-08-19 18:35:00;737120,74;2,97403
2026-08-19 18:40:00;737120,97;2,65321
2026-08-19 18:45:00;737121,19;2,77147
2026-08-19 18:50:00;737121,45;3,20057
2026-08-19 18:55:00;737121,72;3,22109
2026-08-19 19:00:00;737121,97;2,77761
2026-08-19 19:05:00;737122,21;2,81595
2026-08-19 19:10:00;737122,48;3,37116
2026-08-19 19:15:00;737122,75;3,36318
2026-08-19 19:20:00;737123;2,80046
2026-08-19 19:25:00;737123,23;2,89908
2026-08-19 19:30:00;737123,48;3,10541
2026-08-19 19:35:00;737123,75;3,16961
2026-08-19 19:40:00;737123,99;2,76745
2026-08-19 19:45:00;737124,22;2,68235
2026-08-19 19:50:00;737124,48;3,30739
2026-08-19 19:55:00;737124,75;3,33644
2026-08-19 20:00:00;737125,05;4,30558
2026-08-19 20:05:00;737125,39;4,12676
2026-08-19 20:10:00;737125,76;4,58447
2026-08-19 20:15:00;737126,13;4,551
2026-08-19 20:20:00;737126,49;4,15909
2026-08-19 20:25:00;737126,84;4,21449
2026-08-19 20:30:00;737127,2;4,50433
2026-08-19 20:35:00;737127,59;4,59924
2026-08-19 20:40:00;737127,95;4,22944
2026-08-19 20:45:00;737128,3;4,23355
2026-08-19 20:50:00;737128,67;4,54154
2026-08-19 20:55:00;737129,05;4,63727
2026-08-19 21:00:00;737129,41;4,12548
2026-08-19 21:05:00;737129,76;4,29597
2026-08-19 21:10:00;737130,14;4,70645
2026-08-19 21:15:00;737130,52;4,71396
2026-08-19 21:20:00;737130,9;4,25765
2026-08-19 21:25:00;737131,25;4,34246
2026-08-19 21:30:00;737131,62;4,60489
2026-08-19 21:35:00;737132,01;4,49039
2026-08-19 21:40:00;737132,37;4,24294
2026-08-19 21:45:00;737132,72;4,08712
2026-08-19 21:50:00;737133,08;4,50193
2026-08-19 21:55:00;737133,45;4,5262
2026-08-19 22:00:00;737133,81;4,12067
2026-08-19 22:05:00;737134,15;4,05813
2026-08-19 22:10:00;737134,52;4,67427
2026-08-19 22:15:00;737134,89;4,52419
2026-08-19 22:20:00;737135,26;4,11816
2026-08-19 22:25:00;737135,6;4,21263
2026-08-19 22:30:00;737135,96;4,58883
2026-08-19 22:35:00;737136,34;4,61008
2026-08-19 22:40:00;737136,72;4,23614
2026-08-19 22:45:00;737137,07;4,18769
2026-08-19 22:50:00;737137,42;4,52225
2026-08-19 22:55:00;737137,81;4,57556
2026-08-19 23:00:00;737138,17;4,04727
2026-08-19 23:05:00;737138,52;4,14945
2026-08-19 23:10:00;737138,88;4,65264
2026-08-19 23:15:00;737139,27;4,68766
2026-08-19 23:20:00;737139,64;4,39561
2026-08-19 23:25:00;737140;4,406
2026-08-19 23:30:00;737140,36;4,41691
2026-08-19 23:35:00;737140,72;4,31789
2026-08-19 23:40:00;737141,09;4,84871
2026-08-19 23:45:00;737141,48;4,67667
2026-08-19 23:50:00;737141,87;4,6291
2026-08-19 23:55:00;737142,26;4,61122
2026-08-20 00:00:00;737142,61;4,13622
2026-08-20 00:05:00;737142,96;4,18051
2026-08-20 00:10:00;737143,35;4,64399
2026-08-20 00:15:00;737143,74;4,66351
2026-08-20 00:20:00;737144,09;4,18499
2026-08-20 00:25:00;737144,44;4,38778
2026-08-20 00:35:00;737145,2;4,63218
2026-08-20 00:40:00;737145,55;4,13917
2026-08-20 00:45:00;737145,9;4,22776
2026-08-20 00:50:00;737146,29;4,66603
2026-08-20 00:55:00;737146,69;4,70879
2026-08-20 01:00:00;737147,04;4,13279
2026-08-20 01:05:00;737147,39;4,18552
2026-08-20 01:10:00;737147,77;4,66093
2026-08-20 01:15:00;737148,16;4,58328
2026-08-20 01:20:00;737148,51;4,22766
2026-08-20 01:25:00;737148,85;4,26632
2026-08-20 01:30:00;737149,24;4,70144
2026-08-20 01:35:00;737149,63;4,62492
2026-08-20 01:40:00;737149,99;4,31456
2026-08-20 01:45:00;737150,34;4,16247
2026-08-20 01:50:00;737150,72;4,56089
2026-08-20 01:55:00;737151,11;4,66498
2026-08-20 02:00:00;737151,46;4,14946
2026-08-20 02:05:00;737151,8;4,0931
2026-08-20 02:10:00;737152,18;4,59209
2026-08-20 02:15:00;737152,55;4,60112
2026-08-20 02:20:00;737152,91;4,09355
2026-08-20 02:25:00;737153,24;4,01428
2026-08-20 02:30:00;737153,6;4,34653
2026-08-20 02:35:00;737153,97;4,48884
2026-08-20 02:40:00;737154,31;4,02602
2026-08-20 02:45:00;737154,65;4,02903
2026-08-20 02:50:00;737155,02;4,54769
2026-08-20 02:55:00;737155,4;4,54938
2026-08-20 03:00:00;737155,75;4,12423
2026-08-20 03:05:00;737156,09;4,07959
2026-08-20 03:10:00;737156,45;4,59691
2026-08-20 03:15:00;737156,82;4,42718
2026-08-20 03:20:00;737157,18;4,13601
2026-08-20 03:25:00;737157,51;4,02841
2026-08-20 03:30:00;737157,88;4,58564
2026-08-20 03:35:00;737158,27;4,58875
2026-08-20 03:40:00;737158,63;4,22791
2026-08-20 03:45:00;737158,99;4,27868
2026-08-20 03:50:00;737159,36;4,68228
2026-08-20 03:55:00;737159,75;4,64704
2026-08-20 04:00:00;737160,11;4,20638
2026-08-20 04:05:00;737160,46;4,34172
2026-08-20 04:10:00;737160,84;4,64334
2026-08-20 04:15:00;737161,22;4,62141
2026-08-20 04:20:00;737161,58;4,21422
2026-08-20 04:25:00;737161,93;4,17046
2026-08-20 04:30:00;737162,3;4,41295
2026-08-20 04:35:00;737162,67;4,35879
2026-08-20 04:40:00;737163;3,8742
2026-08-20 04:45:00;737163,33;3,92749
2026-08-20 04:50:00;737163,69;4,48013
2026-08-20 04:55:00;737164,06;4,47829
2026-08-20 05:00:00;737164,41;4,08561
2026-08-20 05:05:00;737164,77;5,07051
2026-08-20 05:10:00;737165,21;5,50438
2026-08-20 05:15:00;737165,67;5,50898
2026-08-20 05:20:00;737166,09;4,93276
2026-08-20 05:25:00;737166,49;4,74754
2026-08-20 05:30:00;737166,82;3,87582
2026-08-20 05:35:00;737167,15;3,9897
2026-08-20 05:40:00;737167,49;4,39405
2026-08-20 05:45:00;737167,86;4,44745
2026-08-20 05:50:00;737168,22;4,41851
2026-08-20 05:55:00;737168,58;4,11123
2026-08-20 06:00:00;737168,92;3,95495
2026-08-20 06:05:00;737169,27;4,52341
2026-08-20 06:10:00;737169,63;4,40056
2026-08-20 06:15:00;737169,99;3,96628
2026-08-20 06:20:00;737170,33;4,13443
2026-08-20 06:25:00;737170,67;4,4334
2026-08-20 06:30:00;737171,04;4,31112
2026-08-20 06:35:00;737171,39;3,97728
2026-08-20 06:40:00;737171,72;3,9711
2026-08-20 06:45:00;737172,05;4,26667
2026-08-20 06:50:00;737172,41;4,36798
2026-08-20 06:55:00;737172,76;3,88165
2026-08-20 07:00:00;737173,13;5,28546
2026-08-20 07:05:00;737173,6;6,0338
2026-08-20 07:10:00;737174,1;5,94763
2026-08-20 07:15:00;737174,58;5,54039
2026-08-20 07:20:00;737175,07;6,59166
2026-08-20 07:25:00;737175,68;7,66327
2026-08-20 07:30:00;737176,32;7,36179
2026-08-20 07:35:00;737176,88;6,49352
2026-08-20 07:40:00;737177,41;6,01465
2026-08-20 07:45:00;737177,91;5,49971
2026-08-20 07:50:00;737178,37;5,45997
2026-08-20 07:55:00;737178,78;4,39322
2026-08-20 08:00:00;737179,21;5,86734
2026-08-20 08:05:00;737179,69;6,09084
2026-08-20 08:10:00;737180,18;5,56469
2026-08-20 08:15:00;737180,64;5,23317
2026-08-20 08:20:00;737181,07;5,08786
2026-08-20 08:25:00;737181,51;5,44661
2026-08-20 08:30:00;737181,94;4,72209
2026-08-20 08:35:00;737182,33;4,85504
2026-08-20 08:40:00;737182,8;5,62234
2026-08-20 08:45:00;737183,27;5,65546
2026-08-20 08:50:00;737183,72;5,29188
2026-08-20 08:55:00;737184,16;4,98543
2026-08-20 09:00:00;737184,56;4,84707
2026-08-20 09:05:00;737184,91;4,32007
2026-08-20 09:10:00;737185,29;4,48386
2026-08-20 09:15:00;737185,68;5,3492
2026-08-20 09:20:00;737186,14;5,56706
2026-08-20 09:25:00;737186,54;4,39113
2026-08-20 09:30:00;737186,91;4,66119
2026-08-20 09:35:00;737187,33;6,01734
2026-08-20 09:40:00;737187,86;6,28141
2026-08-20 09:45:00;737188,35;5,48095
2026-08-20 09:50:00;737188,84;5,43241
2026-08-20 09:55:00;737189,35;6,94676
2026-08-20 10:00:00;737189,93;7,07982
2026-08-20 10:05:00;737190,46;5,49042
2026-08-20 10:10:00;737190,98;6,14493
2026-08-20 10:15:00;737191,51;6,8395
2026-08-20 10:20:00;737192,12;7,4695
2026-08-20 10:25:00;737192,69;6,84396
2026-08-20 10:30:00;737193,24;5,94805
2026-08-20 10:35:00;737193,74;5,89865
2026-08-20 10:40:00;737194,26;6,80854
2026-08-20 10:45:00;737194,86;7,17214
2026-08-20 10:50:00;737195,45;7,12906
2026-08-20 10:55:00;737195,96;5,85412
2026-08-20 11:00:00;737196,42;5,71689
2026-08-20 11:05:00;737196,97;6,91329
2026-08-20 11:10:00;737197,59;7,32107
2026-08-20 11:15:00;737198,12;5,7474
2026-08-20 11:20:00;737198,59;5,77602
2026-08-20 11:25:00;737199,13;7,12616
2026-08-20 11:30:00;737199,72;6,93992
2026-08-20 11:35:00;737200,23;5,3187
2026-08-20 11:40:00;737200,7;6,01838
2026-08-20 11:45:00;737201,21;6,94773
2026-08-20 11:50:00;737201,81;7,32811
2026-08-20 11:55:00;737202,41;6,60721
2026-08-20 12:00:00;737202,88;5,25412
2026-08-20 12:05:00;737203,34;5,54286
2026-08-20 12:10:00;737203,88;7,5234
2026-08-20 12:15:00;737204,48;7,44479
2026-08-20 12:20:00;737205,01;5,31008
2026-08-20 12:25:00;737205,48;5,45775
2026-08-20 12:30:00;737205,98;6,21492
2026-08-20 12:35:00;737206,57;7,58762
2026-08-20 12:40:00;737207,18;7,48403
2026-08-20 12:45:00;737207,69;5,46504
2026-08-20 12:50:00;737208,19;5,90815
2026-08-20 12:55:00;737208,7;6,46765
2026-08-20 13:00:00;737209,28;7,09266
2026-08-20 13:05:00;737209,85;6,66898
2026-08-20 13:10:00;737210,34;5,75058
2026-08-20 13:15:00;737210,83;5,8507
2026-08-20 13:20:00;737211,34;7,20503
2026-08-20 13:25:00;737211,91;6,97773
2026-08-20 13:30:00;737212,46;5,72193
2026-08-20 13:35:00;737212,94;6,09439
2026-08-20 13:40:00;737213,4;5,24796
2026-08-20 13:45:00;737213,93;6,57727
2026-08-20 13:50:00;737214,52;7,64109
2026-08-20 13:55:00;737215,03;5,76505
2026-08-20 14:00:00;737215,51;5,53546
2026-08-20 14:05:00;737216,03;6,95342
2026-08-20 14:10:00;737216,65;7,83944
2026-08-20 14:15:00;737217,27;7,38497
2026-08-20 14:20:00;737217,81;5,68005
2026-08-20 14:25:00;737218,32;6,09243
2026-08-20 14:30:00;737218,9;7,49343
2026-08-20 14:35:00;737219,58;8,11496
2026-08-20 14:40:00;737220,21;7,10684
2026-08-20 14:45:00;737220,83;7,63893
2026-08-20 14:50:00;737221,44;7,47705
2026-08-20 14:55:00;737222,01;6,41996
2026-08-20 15:00:00;737222,54;6,26453
2026-08-20 15:05:00;737223,05;6,56197
2026-08-20 15:10:00;737223,69;8,06817
2026-08-20 15:15:00;737224,35;7,69072
2026-08-20 15:20:00;737224,89;5,67528
2026-08-20 15:25:00;737225,39;6,11123
2026-08-20 15:30:00;737225,91;6,7133
2026-08-20 15:35:00;737226,54;7,63413
2026-08-20 15:40:00;737227,19;7,38797
2026-08-20 15:45:00;737227,7;5,73747
2026-08-20 15:50:00;737228,19;6,5255
2026-08-20 15:55:00;737228,69;5,90661
2026-08-20 16:00:00;737229,28;6,73765
2026-08-20 16:05:00;737229,88;7,94294
2026-08-20 16:10:00;737230,39;5,84596
2026-08-20 16:15:00;737230,89;5,98356
2026-08-20 16:20:00;737231,34;5,19903
2026-08-20 16:25:00;737231,77;5,00549
2026-08-20 16:30:00;737232,13;4,61433
2026-08-20 16:35:00;737232,51;4,48953
2026-08-20 16:40:00;737232,88;4,07185
2026-08-20 16:45:00;737233,22;4,23854
2026-08-20 16:50:00;737233,57;4,59566
2026-08-20 16:55:00;737233,95;4,50368
2026-08-20 17:00:00;737234,32;4,13081
2026-08-20 17:05:00;737234,66;4,09963
2026-08-20 17:10:00;737235,01;4,52239
2026-08-20 17:15:00;737235,37;4,47067
2026-08-20 17:20:00;737235,72;3,95144
2026-08-20 17:25:00;737236,05;3,91826
2026-08-20 17:30:00;737236,38;4,00957
2026-08-20 17:35:00;737236,71;3,95083
2026-08-20 17:40:00;737237,05;4,28411
2026-08-20 17:45:00;737237,41;4,35156
2026-08-20 17:50:00;737237,76;4,23004
2026-08-20 17:55:00;737238,12;4,24636
2026-08-20 18:00:00;737238,38;2,37573
2026-08-20 18:05:00;737238,6;3,59189
2026-08-20 18:10:00;737238,88;2,80329
2026-08-20 18:15:00;737239,11;2,91027
2026-08-20 18:20:00;737239,31;2,47224
2026-08-20 18:25:00;737239,52;2,48511
2026-08-20 18:30:00;737239,75;2,73836
2026-08-20 18:35:00;737239,98;2,65299
2026-08-20 18:40:00;737240,18;2,42896
2026-08-20 18:45:00;737240,38;2,51029
2026-08-20 18:50:00;737240,63;2,90134
2026-08-20 18:55:00;737240,87;2,88294
2026-08-20 19:00:00;737241,09;2,63817
2026-08-20 19:05:00;737241,31;2,64072
2026-08-20 19:10:00;737241,57;3,1109
2026-08-20 19:15:00;737241,84;3,98319
2026-08-20 19:20:00;737242,14;3,08288
2026-08-20 19:25:00;737242,36;2,78798
2026-08-20 19:30:00;737242,7;4,18261
2026-08-20 19:35:00;737243,04;3,83708
2026-08-20 19:40:00;737243,35;3,80616
2026-08-20 19:45:00;737243,68;4,22182
2026-08-20 19:50:00;737244,04;4,25034
2026-08-20 19:55:00;737244,38;3,81996
2026-08-20 20:00:00;737244,7;3,83092
2026-08-20 20:05:00;737245,03;4,43871
2026-08-20 20:10:00;737245,39;4,30047
2026-08-20 20:15:00;737245,74;4,07342
2026-08-20 20:20:00;737246,08;4,07111
2026-08-20 20:25:00;737246,44;4,5786
2026-08-20 20:30:00;737246,81;4,5312
2026-08-20 20:35:00;737247,18;4,24928
2026-08-20 20:40:00;737247,52;4,0741
2026-08-20 20:45:00;737247,88;4,47904
2026-08-20 20:50:00;737248,26;4,51923
2026-08-20 20:55:00;737248,62;4,13635
2026-08-20 21:00:00;737248,97;4,21187
2026-08-20 21:05:00;737249,34;4,76107
2026-08-20 21:10:00;737249,73;4,70204
2026-08-20 21:15:00;737250,1;4,33057
2026-08-20 21:20:00;737250,46;4,33703
2026-08-20 21:25:00;737250,84;4,67391
2026-08-20 21:30:00;737251,23;4,75841
2026-08-20 21:35:00;737251,58;4,22924
2026-08-20 21:40:00;737251,93;4,17589
2026-08-20 21:45:00;737252,31;4,54006
2026-08-20 21:50:00;737252,68;4,4307
2026-08-20 21:55:00;737253,03;4,09679
2026-08-20 22:00:00;737253,37;4,13073
2026-08-20 22:05:00;737253,75;4,4886
2026-08-20 22:10:00;737254,11;4,06112
2026-08-20 22:15:00;737254,45;4,00166
2026-08-20 22:20:00;737254,79;4,28132
2026-08-20 22:25:00;737255,17;4,49913
2026-08-20 22:30:00;737255,52;3,99724
2026-08-20 22:35:00;737255,86;4,07357
2026-08-20 22:40:00;737256,21;4,54884
2026-08-20 22:45:00;737256,57;4,41533
2026-08-20 22:50:00;737256,92;3,86647
2026-08-20 22:55:00;737257,25;3,95996
2026-08-20 23:00:00;737257,59;4,34729
2026-08-20 23:05:00;737257,96;4,43948
2026-08-20 23:10:00;737258,3;3,97485
2026-08-20 23:15:00;737258,63;4,17469
2026-08-20 23:20:00;737258,98;4,18269
2026-08-20 23:25:00;737259,32;4,08753
2026-08-20 23:30:00;737259,66;4,03352
2026-08-20 23:35:00;737260;4,0241
2026-08-20 23:40:00;737260,34;4,30313
2026-08-20 23:45:00;737260,71;4,44087
2026-08-20 23:50:00;737261,08;4,36616
2026-08-20 23:55:00;737261,44;4,32257
2026-08-21 00:05:00;737262,12;3,98698
2026-08-21 00:10:00;737262,49;4,40071
2026-08-21 00:15:00;737262,86;4,37888
2026-08-21 00:20:00;737263,21;4,1309
2026-08-21 00:25:00;737263,55;4,22427
2026-08-21 00:30:00;737263,93;4,55959
2026-08-21 00:35:00;737264,31;4,46933
2026-08-21 00:40:00;737264,66;4,17082
2026-08-21 00:45:00;737265,01;4,3545
2026-08-21 00:50:00;737265,39;4,57623
2026-08-21 00:55:00;737265,76;4,08965
2026-08-21 01:00:00;737266,1;4,09189
2026-08-21 01:05:00;737266,45;4,60128
2026-08-21 01:10:00;737266,83;4,52559
2026-08-21 01:15:00;737267,18;4,06757
2026-08-21 01:20:00;737267,52;4,21631
2026-08-21 01:25:00;737267,89;4,73061
2026-08-21 01:30:00;737268,28;4,71899
2026-08-21 01:35:00;737268,65;4,17582
2026-08-21 01:40:00;737268,99;4,06099
2026-08-21 01:45:00;737269,36;4,47755
2026-08-21 01:50:00;737269,73;4,43449
2026-08-21 01:55:00;737270,07;3,98226
2026-08-21 02:05:00;737270,76;4,34398
2026-08-21 02:10:00;737271,13;4,2941
2026-08-21 02:15:00;737271,47;4,05745
2026-08-21 02:20:00;737271,81;4,14831
2026-08-21 02:25:00;737272,18;4,48992
2026-08-21 02:30:00;737272,54;4,0632
2026-08-21 02:35:00;737272,89;4,07979
2026-08-21 02:40:00;737273,23;4,45125
2026-08-21 02:45:00;737273,61;4,33489
2026-08-21 02:50:00;737273,95;3,99409
2026-08-21 02:55:00;737274,29;3,90383
2026-08-21 03:00:00;737274,63;4,38599
2026-08-21 03:05:00;737274,99;4,36693
2026-08-21 03:10:00;737275,33;3,88064
2026-08-21 03:15:00;737275,65;4,00869
2026-08-21 03:20:00;737276;4,24398
2026-08-21 03:25:00;737276,36;4,38388
2026-08-21 03:30:00;737276,69;3,91116
2026-08-21 03:35:00;737277,03;4,04235
2026-08-21 03:40:00;737277,39;4,4405
2026-08-21 03:45:00;737277,76;4,40834
2026-08-21 03:50:00;737278,09;4,09293
2026-08-21 03:55:00;737278,42;4,02293
2026-08-21 04:05:00;737279,13;3,91495
2026-08-21 04:10:00;737279,46;3,84312
2026-08-21 04:15:00;737279,79;4,14924
2026-08-21 04:20:00;737280,15;4,31485
2026-08-21 04:25:00;737280,5;3,95664
2026-08-21 04:30:00;737280,83;4,102
2026-08-21 04:35:00;737281,17;4,52145
2026-08-21 04:40:00;737281,55;4,41465
2026-08-21 04:45:00;737281,9;4,07041
2026-08-21 04:50:00;737282,24;4,00631
2026-08-21 04:55:00;737282,6;4,46845
2026-08-21 05:00:00;737282,97;4,51481
2026-08-21 05:05:00;737283,36;5,14144
2026-08-21 05:10:00;737283,8;5,2259
2026-08-21 05:15:00;737284,24;5,55992
2026-08-21 05:20:00;737284,69;5,12569
2026-08-21 05:25:00;737285,1;4,6806
2026-08-21 05:30:00;737285,43;4,00577
2026-08-21 05:35:00;737285,77;4,05772
2026-08-21 05:40:00;737286,11;4,31545
2026-08-21 05:45:00;737286,49;4,53952
2026-08-21 05:50:00;737286,87;4,66104
2026-08-21 05:55:00;737287,25;4,41186
2026-08-21 06:00:00;737287,6;4,22816
2026-08-21 06:05:00;737287,94;4,12737
2026-08-21 06:10:00;737288,31;4,34952
2026-08-21 06:15:00;737288,66;3,98422
2026-08-21 06:20:00;737288,99;3,99265
2026-08-21 06:25:00;737289,34;4,4213
2026-08-21 06:30:00;737289,7;4,42962
2026-08-21 06:35:00;737290,06;4,05213
2026-08-21 06:40:00;737290,4;4,02318
2026-08-21 06:45:00;737290,75;4,42217
2026-08-21 06:50:00;737291,11;4,37782
2026-08-21 06:55:00;737291,44;2,87898
2026-08-21 07:00:00;737291,74;5,27086
2026-08-21 07:05:00;737292,26;6,25139
2026-08-21 07:10:00;737292,76;5,90388
2026-08-21 07:15:00;737293,23;5,62374
2026-08-21 07:20:00;737293,72;6,86974
2026-08-21 07:25:00;737294,28;6,6727
2026-08-21 07:30:00;737294,83;6,59361
2026-08-21 07:35:00;737295,35;6,21989
2026-08-21 07:40:00;737295,84;5,47889
2026-08-21 07:45:00;737296,32;5,97657
2026-08-21 07:50:00;737296,81;5,86228
2026-08-21 07:55:00;737297,32;6,87978
2026-08-21 08:00:00;737297,89;5,47003
2026-08-21 08:05:00;737298,37;5,88733
2026-08-21 08:10:00;737298,85;5,67884
2026-08-21 08:15:00;737299,3;5,29466
2026-08-21 08:20:00;737299,74;5,24443
2026-08-21 08:25:00;737300,21;5,64574
2026-08-21 08:30:00;737300,67;5,2522
2026-08-21 08:35:00;737301,11;5,33021
2026-08-21 08:40:00;737301,55;5,33287
2026-08-21 08:45:00;737302,02;5,57825
2026-08-21 08:50:00;737302,46;5,13551
2026-08-21 08:55:00;737302,88;5,07881
2026-08-21 09:00:00;737303,3;5,09753
2026-08-21 09:05:00;737303,75;5,41513
2026-08-21 09:10:00;737304,18;4,89568
2026-08-21 09:15:00;737304,59;4,85527
2026-08-21 09:20:00;737304,94;3,76996
2026-08-21 09:25:00;737305,37;5,38577
2026-08-21 09:30:00;737305,74;3,6643
2026-08-21 09:35:00;737306,04;3,62476
2026-08-21 09:40:00;737306,36;3,91271
2026-08-21 09:45:00;737306,71;4,13106
2026-08-21 09:50:00;737307,04;3,82194
2026-08-21 09:55:00;737307,36;3,80423
2026-08-21 10:00:00;737307,7;4,12537
2026-08-21 10:05:00;737308,05;4,27871
2026-08-21 10:10:00;737308,39;3,85514
2026-08-21 10:15:00;737308,7;3,8026
2026-08-21 10:20:00;737309,03;4,18326
2026-08-21 10:25:00;737309,44;5,36867
2026-08-21 10:30:00;737309,82;3,77928
2026-08-21 10:35:00;737310,13;3,69152
2026-08-21 10:40:00;737310,45;4,11869
2026-08-21 10:45:00;737310,79;4,24099
2026-08-21 10:50:00;737311,12;3,75865
2026-08-21 10:55:00;737311,44;3,83615
2026-08-21 11:00:00;737311,77;4,18429
2026-08-21 11:05:00;737312,12;4,14743
2026-08-21 11:10:00;737312,44;3,76866
2026-08-21 11:15:00;737312,75;3,74995
2026-08-21 11:20:00;737313,07;3,72238
2026-08-21 11:25:00;737313,38;3,72924
2026-08-21 11:30:00;737313,7;3,75912
2026-08-21 11:35:00;737314,01;3,82711
2026-08-21 11:40:00;737314,33;3,70168
2026-08-21 11:45:00;737314,68;4,24432
2026-08-21 11:50:00;737315,03;4,18704
2026-08-21 11:55:00;737315,38;4,17792
2026-08-21 12:05:00;737316,03;3,85102
2026-08-21 12:10:00;737316,38;4,33373
2026-08-21 12:15:00;737316,73;4,17248
2026-08-21 12:20:00;737317,04;3,72545
2026-08-21 12:25:00;737317,34;3,54713
2026-08-21 12:30:00;737317,67;3,94769
2026-08-21 12:35:00;737318;4,05137
2026-08-21 12:40:00;737318,3;3,6541
2026-08-21 12:45:00;737318,61;3,59159
2026-08-21 12:50:00;737318,94;4,04955
2026-08-21 12:55:00;737319,28;3,88158
2026-08-21 13:00:00;737319,58;3,73661
2026-08-21 13:05:00;737319,89;3,74646
2026-08-21 13:10:00;737320,22;3,94743
2026-08-21 13:15:00;737320,54;3,6126
2026-08-21 13:25:00;737321,14;3,63562
2026-08-21 13:30:00;737321,48;4,00401
2026-08-21 13:35:00;737321,81;3,68385
2026-08-21 13:40:00;737322,11;3,73097
2026-08-21 13:45:00;737322,43;3,74319
2026-08-21 13:50:00;737322,77;4,19673
2026-08-21 13:55:00;737323,1;3,75274
2026-08-21 14:05:00;737323,73;3,87499
2026-08-21 14:10:00;737324,07;4,04112
2026-08-21 14:15:00;737324,4;3,69303
2026-08-21 14:20:00;737324,7;3,61265
2026-08-21 14:25:00;737325,02;4,07448
2026-08-21 14:30:00;737325,36;3,90227
2026-08-21 14:35:00;737325,66;3,43591
2026-08-21 14:40:00;737325,96;3,65998
2026-08-21 14:45:00;737326,27;4,055
2026-08-21 14:50:00;737326,61;4,02786
2026-08-21 14:55:00;737326,92;3,62048
2026-08-21 15:00:00;737327,22;3,53316
2026-08-21 15:05:00;737327,53;4,00692
2026-08-21 15:10:00;737327,87;4,03809
2026-08-21 15:15:00;737328,18;3,58889
2026-08-21 15:20:00;737328,48;3,55339
2026-08-21 15:25:00;737328,79;3,93605
2026-08-21 15:30:00;737329,12;3,87421
2026-08-21 15:35:00;737329,43;3,72117
2026-08-21 15:40:00;737329,74;3,77987
2026-08-21 15:45:00;737330,07;4,19867
2026-08-21 15:50:00;737330,42;4,11245
2026-08-21 15:55:00;737330,74;3,82916
2026-08-21 16:05:00;737331,6;5,53212
2026-08-21 16:10:00;737332,04;5,31582
2026-08-21 16:15:00;737332,46;5,3495
2026-08-21 16:20:00;737332,89;4,9895
2026-08-21 16:25:00;737333,33;5,37369
2026-08-21 16:30:00;737333,7;4,42461
2026-08-21 16:35:00;737334,04;4,12957
2026-08-21 16:40:00;737334,37;4,09398
2026-08-21 16:45:00;737334,74;4,36121
2026-08-21 16:50:00;737335,09;4,25454
2026-08-21 16:55:00;737335,43;4,00286
2026-08-21 17:00:00;737335,77;3,99838
2026-08-21 17:05:00;737336,14;4,59723
2026-08-21 17:10:00;737336,51;4,35162
2026-08-21 17:15:00;737336,86;4,23848
2026-08-21 17:20:00;737337,21;4,19483
2026-08-21 17:25:00;737337,56;4,14154
2026-08-21 17:30:00;737337,91;4,12933
2026-08-21 17:35:00;737338,24;4,00485
2026-08-21 17:40:00;737338,58;4,01578
2026-08-21 17:45:00;737338,95;4,43938
2026-08-21 17:50:00;737339,3;4,14508
2026-08-21 17:55:00;737339,66;4,35304
2026-08-21 18:05:00;737340,15;2,61901
2026-08-21 18:10:00;737340,39;2,93788
2026-08-21 18:15:00;737340,63;2,88721
2026-08-21 18:20:00;737340,85;2,58397
2026-08-21 18:25:00;737341,06;2,55096
2026-08-21 18:30:00;737341,3;2,9555
2026-08-21 18:35:00;737341,53;2,82111
2026-08-21 18:40:00;737341,74;2,49549
2026-08-21 18:45:00;737341,96;2,58685
2026-08-21 18:50:00;737342,2;2,95589
2026-08-21 18:55:00;737342,44;2,8538
2026-08-21 19:00:00;737342,65;2,51077
2026-08-21 19:05:00;737342,87;2,62987
2026-08-21 19:10:00;737343,13;3,05321
2026-08-21 19:15:00;737343,37;2,82639
2026-08-21 19:20:00;737343,6;2,72116
2026-08-21 19:25:00;737343,83;2,7874
2026-08-21 19:30:00;737344,09;3,02846
2026-08-21 19:35:00;737344,33;2,64969
2026-08-21 19:40:00;737344,54;2,5699
2026-08-21 19:45:00;737344,76;2,83903
2026-08-21 19:50:00;737345,01;2,89503
2026-08-21 19:55:00;737345,24;2,52811
2026-08-21 20:05:00;737345,69;3,10901
2026-08-21 20:10:00;737345,95;3,12036
2026-08-21 20:15:00;737346,18;2,69846
2026-08-21 20:20:00;737346,5;3,94077
2026-08-21 20:25:00;737346,85;4,3773
2026-08-21 20:30:00;737347,21;4,42581
2026-08-21 20:35:00;737347,55;3,98608
2026-08-21 20:40:00;737347,87;3,93467
2026-08-21 20:45:00;737348,22;4,29107
2026-08-21 20:50:00;737348,58;4,34274
2026-08-21 20:55:00;737348,91;3,91554
2026-08-21 21:00:00;737349,24;4,00432
2026-08-21 21:05:00;737349,58;4,28347
2026-08-21 21:10:00;737349,95;4,34527
2026-08-21 21:15:00;737350,29;3,99593
2026-08-21 21:20:00;737350,62;3,9823
2026-08-21 21:25:00;737350,99;4,51986
2026-08-21 21:30:00;737351,35;4,4236
2026-08-21 21:35:00;737351,69;4,08115
2026-08-21 21:40:00;737352,02;3,88743
2026-08-21 21:45:00;737352,38;4,30234
2026-08-21 21:50:00;737352,73;4,11845
2026-08-21 21:55:00;737353,06;4,08856
2026-08-21 22:05:00;737353,76;4,42733
2026-08-21 22:10:00;737354,12;3,94433
2026-08-21 22:15:00;737354,46;4,05358
2026-08-21 22:20:00;737354,8;4,14496
2026-08-21 22:25:00;737355,18;4,56134
2026-08-21 22:30:00;737355,53;4,03153
2026-08-21 22:35:00;737355,87;4,02836
2026-08-21 22:40:00;737356,21;4,20489
2026-08-21 22:45:00;737356,57;4,2965
2026-08-21 22:50:00;737356,91;3,91895
2026-08-21 22:55:00;737357,24;3,98907
2026-08-21 23:00:00;737357,59;4,4371
2026-08-21 23:05:00;737357,95;4,32938
2026-08-21 23:10:00;737358,29;3,96464
2026-08-21 23:15:00;737358,62;4,00749
2026-08-21 23:20:00;737358,95;3,95923
2026-08-21 23:25:00;737359,27;3,96539
2026-08-21 23:30:00;737359,6;3,91185
2026-08-21 23:35:00;737359,92;3,88126
2026-08-21 23:40:00;737360,25;3,86764
2026-08-21 23:45:00;737360,61;4,23413
2026-08-21 23:50:00;737360,96;4,21403
2026-08-21 23:55:00;737361,31;4,16217
2026-08-22 00:05:00;737361,95;3,73227
2026-08-22 00:10:00;737362,29;4,17389
2026-08-22 00:15:00;737362,64;4,21125
2026-08-22 00:20:00;737362,97;3,90017
2026-08-22 00:25:00;737363,3;4,03622
2026-08-22 00:30:00;737363,66;4,33483
2026-08-22 00:35:00;737364,01;4,2623
2026-08-22 00:40:00;737364,33;3,7891
2026-08-22 00:45:00;737364,65;3,8155
2026-08-22 00:50:00;737365,01;4,17606
2026-08-22 00:55:00;737365,35;3,83205
2026-08-22 01:00:00;737365,67;3,90808
2026-08-22 01:05:00;737365,99;4,1643
2026-08-22 01:10:00;737366,35;4,3116
2026-08-22 01:15:00;737366,68;3,88312
2026-08-22 01:20:00;737367,01;3,83389
2026-08-22 01:25:00;737367,35;4,2338
2026-08-22 01:30:00;737367,71;4,25409
2026-08-22 01:35:00;737368,04;3,9528
2026-08-22 01:40:00;737368,36;3,89694
2026-08-22 01:45:00;737368,7;4,26488
2026-08-22 01:50:00;737369,06;4,34087
2026-08-22 01:55:00;737369,38;3,7799
2026-08-22 02:05:00;737370,06;4,21367
2026-08-22 02:10:00;737370,4;4,21159
2026-08-22 02:15:00;737370,72;3,80339
2026-08-22 02:20:00;737371,04;3,99557
2026-08-22 02:25:00;737371,41;4,45675
2026-08-22 02:30:00;737371,78;4,34723
2026-08-22 02:35:00;737372,13;4,19779
2026-08-22 02:40:00;737372,48;4,17046
2026-08-22 02:45:00;737372,86;4,58501
2026-08-22 02:50:00;737373,21;3,99903
2026-08-22 02:55:00;737373,55;4,07921
2026-08-22 03:00:00;737373,89;4,03638
2026-08-22 03:05:00;737374,26;4,4191
2026-08-22 03:10:00;737374,6;4,0043
2026-08-22 03:15:00;737374,94;4,02149
2026-08-22 03:20:00;737375,3;4,5256
2026-08-22 03:25:00;737375,68;4,55057
2026-08-22 03:30:00;737376,03;4,12455
2026-08-22 03:35:00;737376,37;4,12459
2026-08-22 03:40:00;737376,74;4,53999
2026-08-22 03:45:00;737377,11;4,45808
2026-08-22 03:50:00;737377,45;3,93616
2026-08-22 03:55:00;737377,77;3,86945
2026-08-22 04:05:00;737378,47;4,16916
2026-08-22 04:10:00;737378,79;3,75114
2026-08-22 04:15:00;737379,11;3,73671
2026-08-22 04:20:00;737379,45;4,32696
2026-08-22 04:25:00;737379,8;4,19693
2026-08-22 04:30:00;737380,12;3,92688
2026-08-22 04:35:00;737380,45;3,82706
2026-08-22 04:40:00;737380,81;4,29317
2026-08-22 04:45:00;737381,16;4,05703
2026-08-22 04:50:00;737381,48;3,86823
2026-08-22 04:55:00;737381,81;3,8351
2026-08-22 05:00:00;737382,15;4,14713
2026-08-22 05:05:00;737382,48;3,7386
2026-08-22 05:10:00;737382,79;3,77229
2026-08-22 05:15:00;737383,11;4,12437
2026-08-22 05:20:00;737383,44;3,68626
2026-08-22 05:25:00;737383,76;3,78296
2026-08-22 05:30:00;737384,08;3,81945
2026-08-22 05:35:00;737384,4;3,86186
2026-08-22 05:40:00;737384,72;3,88158
2026-08-22 05:45:00;737385,07;4,17942
2026-08-22 05:50:00;737385,42;4,21144
2026-08-22 05:55:00;737385,76;3,85608
2026-08-22 06:05:00;737386,39;3,9623
2026-08-22 06:10:00;737386,74;4,08144
2026-08-22 06:15:00;737387,06;3,81748
2026-08-22 06:20:00;737387,38;3,73594
2026-08-22 06:25:00;737387,71;4,23442
2026-08-22 06:30:00;737388,06;4,13402
2026-08-22 06:35:00;737388,38;3,79648
2026-08-22 06:40:00;737388,69;3,72123
2026-08-22 06:45:00;737388,96;2,91351
2026-08-22 06:50:00;737389,2;2,92586
2026-08-22 06:55:00;737389,42;2,57241
2026-08-22 07:00:00;737389,64;2,71011
2026-08-22 07:05:00;737389,88;2,98553
2026-08-22 07:10:00;737390,12;2,54647
2026-08-22 07:15:00;737390,34;2,55227
2026-08-22 07:20:00;737390,57;2,84156
2026-08-22 07:25:00;737390,82;3,20908
2026-08-22 07:30:00;737391,07;2,79925
2026-08-22 07:35:00;737391,3;2,8499
2026-08-22 07:40:00;737391,56;3,25775
2026-08-22 07:45:00;737391,82;3,1853
2026-08-22 07:50:00;737392,05;2,6784
2026-08-22 07:55:00;737392,27;2,62294
2026-08-22 08:05:00;737392,77;2,99776
2026-08-22 08:10:00;737393;2,77648
2026-08-22 08:15:00;737393,22;2,70447
2026-08-22 08:20:00;737393,48;3,11445
2026-08-22 08:25:00;737393,73;2,81794
2026-08-22 08:30:00;737393,96;2,74472
2026-08-22 08:35:00;737394,2;3,02976
2026-08-22 08:40:00;737394,46;3,08097
2026-08-22 08:45:00;737394,7;2,60936
2026-08-22 08:50:00;737394,91;2,59618
2026-08-22 08:55:00;737395,14;2,99934
2026-08-22 09:00:00;737395,38;2,89182
2026-08-22 09:05:00;737395,59;2,45788
2026-08-22 09:10:00;737395,8;2,53785
2026-08-22 09:15:00;737396,04;2,82578
2026-08-22 09:20:00;737396,27;2,89691
2026-08-22 09:25:00;737396,47;2,42034
2026-08-22 09:30:00;737396,68;2,52227
2026-08-22 09:35:00;737396,92;2,85687
2026-08-22 09:40:00;737397,15;2,53159
2026-08-22 09:45:00;737397,36;2,58235
2026-08-22 09:50:00;737397,58;2,66488
2026-08-22 09:55:00;737397,83;2,85746
2026-08-22 10:00:00;737398,05;2,40819
2026-08-22 10:05:00;737398,25;2,53915
2026-08-22 10:10:00;737398,46;2,82283
2026-08-22 10:15:00;737398,7;2,88664
2026-08-22 10:20:00;737398,9;2,40029
2026-08-22 10:25:00;737399,11;2,38522
2026-08-22 10:30:00;737399,34;2,93115
2026-08-22 10:35:00;737399,58;2,90326
2026-08-22 10:40:00;737399,79;2,48718
2026-08-22 10:45:00;737400;2,41789
2026-08-22 10:50:00;737400,24;2,97443
2026-08-22 10:55:00;737400,46;2,42394
2026-08-22 11:00:00;737400,67;2,60984
2026-08-22 11:05:00;737400,88;2,65088
2026-08-22 11:10:00;737401,13;2,98314
2026-08-22 11:15:00;737401,35;2,53635
2026-08-22 11:20:00;737401,56;2,50021
2026-08-22 11:25:00;737401,77;2,50469
2026-08-22 11:30:00;737401,97;2,44254
2026-08-22 11:35:00;737402,18;2,48778
2026-08-22 11:40:00;737402,39;2,45171
2026-08-22 11:45:00;737402,64;2,89305
2026-08-22 11:50:00;737402,87;2,89901
2026-08-22 11:55:00;737403,1;2,56185
2026-08-22 12:00:00;737403,31;2,42703
2026-08-22 12:05:00;737403,53;2,86048
2026-08-22 12:10:00;737403,76;2,73656
2026-08-22 12:15:00;737403,96;2,4059
2026-08-22 12:20:00;737404,16;2,36244
2026-08-22 12:25:00;737404,38;2,7278
2026-08-22 12:30:00;737404,62;2,79661
2026-08-22 12:35:00;737404,83;2,58616
2026-08-22 12:40:00;737405,05;2,58187
2026-08-22 12:45:00;737405,3;2,97839
2026-08-22 12:50:00;737405,54;2,64196
2026-08-22 12:55:00;737405,76;2,51058
2026-08-22 13:00:00;737405,98;3,04065
2026-08-22 13:05:00;737406,22;2,84422
2026-08-22 13:10:00;737406,44;2,58297
2026-08-22 13:15:00;737406,65;2,46536
2026-08-22 13:20:00;737406,88;2,9423
2026-08-22 13:30:00;737407,35;2,66659
2026-08-22 13:35:00;737407,57;2,54136
2026-08-22 13:40:00;737407,81;2,95273
2026-08-22 13:45:00;737408,05;2,60679
2026-08-22 13:50:00;737408,27;2,59085
2026-08-22 13:55:00;737408,5;3,055
2026-08-22 14:00:00;737408,74;2,91353
2026-08-22 14:05:00;737408,97;2,61211
2026-08-22 14:10:00;737409,19;2,63674
2026-08-22 14:15:00;737409,43;3,04235
2026-08-22 14:20:00;737409,68;2,91748
2026-08-22 14:25:00;737409,89;2,66794
2026-08-22 14:30:00;737410,11;2,52687
2026-08-22 14:35:00;737410,36;3,14524
2026-08-22 14:40:00;737410,59;2,53235
2026-08-22 14:45:00;737410,8;2,52694
2026-08-22 14:50:00;737411,03;2,93228
2026-08-22 14:55:00;737411,27;3,00652
2026-08-22 15:00:00;737411,49;2,60701
2026-08-22 15:05:00;737411,7;2,46912
2026-08-22 15:10:00;737411,93;2,90028
2026-08-22 15:15:00;737412,17;2,83086
2026-08-22 15:20:00;737412,38;2,43632
2026-08-22 15:25:00;737412,59;2,49933
2026-08-22 15:30:00;737412,83;2,88545
2026-08-22 15:35:00;737413,07;2,70867
2026-08-22 15:40:00;737413,29;2,66352
2026-08-22 15:45:00;737413,52;2,86989
2026-08-22 15:50:00;737413,78;3,02498
2026-08-22 15:55:00;737414,01;2,62673
2026-08-22 16:00:00;737414,23;2,69496
2026-08-22 16:05:00;737414,47;3,05666
2026-08-22 16:10:00;737414,73;3,04387
2026-08-22 16:15:00;737414,96;2,84757
2026-08-22 16:20:00;737415,19;2,70151
2026-08-22 16:25:00;737415,45;3,19007
2026-08-22 16:30:00;737415,7;2,89259
2026-08-22 16:35:00;737415,93;2,78047
2026-08-22 16:40:00;737416,17;2,8596
2026-08-22 16:45:00;737416,43;3,17145
2026-08-22 16:50:00;737416,67;2,70847
2026-08-22 16:55:00;737416,9;2,73189
2026-08-22 17:00:00;737417,15;3,08531
2026-08-22 17:05:00;737417,41;3,16791
2026-08-22 17:10:00;737417,63;2,53267
2026-08-22 17:15:00;737417,84;2,44656
2026-08-22 17:20:00;737418,05;2,46268
2026-08-22 17:25:00;737418,26;2,42655
2026-08-22 17:30:00;737418,47;2,56893
2026-08-22 17:35:00;737418,68;2,50328
2026-08-22 17:40:00;737418,9;2,72105
2026-08-22 17:45:00;737419,15;3,02033
2026-08-22 17:50:00;737419,41;2,96428
2026-08-22 17:55:00;737419,66;3,00064
2026-08-22 18:00:00;737419,87;2,52025
2026-08-22 18:05:00;737420,08;2,42104
2026-08-22 18:10:00;737420,32;2,88594
2026-08-22 18:15:00;737420,8;5,71445
2026-08-22 18:20:00;737421,27;5,68633
2026-08-22 18:25:00;737421,73;5,57238
2026-08-22 18:30:00;737422,21;5,65253
2026-08-22 18:35:00;737422,66;5,22488
2026-08-22 18:40:00;737423,09;5,1624
2026-08-22 18:45:00;737423,56;6,03694
2026-08-22 18:50:00;737424,06;5,9748
2026-08-22 18:55:00;737424,53;5,47444
2026-08-22 19:00:00;737424,98;5,40617
2026-08-22 19:05:00;737425,45;5,75554
2026-08-22 19:10:00;737425,93;5,71482
2026-08-23 03:10:00;737461,98;3,9816
2026-08-23 03:15:00;737462,33;4,43767
2026-08-23 03:20:00;737462,69;4,31348
2026-08-23 03:25:00;737463,04;4,09821
2026-08-23 03:30:00;737463,38;4,08875
2026-08-23 03:35:00;737463,73;4,39556
2026-08-23 03:40:00;737464,1;4,43074
2026-08-23 03:45:00;737464,45;4,14007
2026-08-23 03:50:00;737464,79;4,09386
2026-08-23 03:55:00;737465,16;4,63358
2026-08-23 04:00:00;737465,54;4,53792
2026-08-23 04:05:00;737465,89;4,25256
2026-08-23 04:10:00;737466,23;4,14493
2026-08-23 04:15:00;737466,62;4,60191
2026-08-23 04:20:00;737466,98;4,03602
2026-08-23 04:25:00;737467,33;4,25321
2026-08-23 04:30:00;737467,67;4,19084
2026-08-23 04:35:00;737468,05;4,52242
2026-08-23 04:40:00;737468,41;4,04816
2026-08-23 04:45:00;737468,75;4,07055
2026-08-23 04:55:00;737469,48;4,5737
2026-08-23 05:00:00;737469,95;6,20512
2026-08-23 05:05:00;737470,45;6,10397
2026-08-23 05:10:00;737470,81;4,50106
2026-08-23 05:15:00;737471,19;4,47076
2026-08-23 05:20:00;737471,54;4,07539
2026-08-23 05:25:00;737471,88;4,07762
2026-08-23 05:30:00;737472,22;4,06261
2026-08-23 05:35:00;737472,55;4,01038
2026-08-23 05:40:00;737472,87;3,90145
2026-08-23 05:45:00;737473,23;4,27098
2026-08-23 05:50:00;737473,59;4,30873
2026-08-23 05:55:00;737473,96;4,26772
2026-08-23 06:00:00;737474,3;4,02185
2026-08-23 06:05:00;737474,64;4,27178
2026-08-23 06:10:00;737475,02;4,49002
2026-08-23 06:15:00;737475,39;4,09744
2026-08-23 06:20:00;737475,73;4,16913
2026-08-23 06:25:00;737476,09;4,50713
2026-08-23 06:30:00;737476,46;4,481
2026-08-23 06:35:00;737476,81;4,03062
2026-08-23 06:40:00;737477,16;4,12203
2026-08-23 06:45:00;737477,51;4,51782
2026-08-23 06:50:00;737477,81;3,05659
2026-08-23 06:55:00;737478,04;2,70134
2026-08-23 07:00:00;737478,26;2,67251
2026-08-23 07:05:00;737478,51;3,05554
2026-08-23 07:10:00;737478,76;3,02238
2026-08-23 07:15:00;737478,98;2,65094
2026-08-23 07:20:00;737479,21;2,86242
2026-08-23 07:25:00;737479,48;3,19924
2026-08-23 07:30:00;737479,75;3,05027
2026-08-23 07:35:00;737479,98;2,84893
2026-08-23 07:40:00;737480,22;2,95971
2026-08-23 07:45:00;737480,49;3,24071
2026-08-23 07:50:00;737480,74;2,75847
2026-08-23 07:55:00;737480,97;2,64207
2026-08-23 08:00:00;737481,2;3,1982
2026-08-23 08:05:00;737481,46;3,16573
2026-08-23 08:10:00;737481,71;2,84737
2026-08-23 08:15:00;737481,94;2,7492
2026-08-23 08:20:00;737482,19;3,26587
2026-08-23 08:25:00;737482,45;3,10292
2026-08-23 08:30:00;737482,69;2,82798
2026-08-23 08:35:00;737482,91;2,64055
2026-08-23 08:40:00;737483,16;3,12412
2026-08-23 08:45:00;737483,41;3,02146
2026-08-23 08:50:00;737483,63;2,62173
2026-08-23 08:55:00;737483,85;2,64128
2026-08-23 09:00:00;737484,09;3,02435
2026-08-23 09:05:00;737484,32;2,43681
2026-08-23 09:10:00;737484,54;2,59138
2026-08-23 09:15:00;737484,75;2,46575
2026-08-23 09:20:00;737484,99;3,00877
2026-08-23 09:25:00;737485,22;2,48942
2026-08-23 09:30:00;737485,43;2,62763
2026-08-23 09:35:00;737485,65;2,79651
2026-08-23 09:40:00;737485,89;2,89204
2026-08-23 09:45:00;737486,1;2,4787
2026-08-23 09:50:00;737486,3;2,51413
2026-08-23 09:55:00;737486,52;2,77277
2026-08-23 10:05:00;737486,97;2,50118
2026-08-23 10:10:00;737487,19;2,81141
2026-08-23 10:15:00;737487,43;2,9823
2026-08-23 10:20:00;737487,68;3,05991
2026-08-23 10:25:00;737487,9;2,58227
2026-08-23 10:30:00;737488,12;2,65542
2026-08-23 10:35:00;737488,36;2,8823
2026-08-23 10:40:00;737488,59;2,54394
2026-08-23 10:45:00;737488,8;2,59776
2026-08-23 10:50:00;737489,01;2,59344
2026-08-23 10:55:00;737489,26;2,96984
2026-08-23 11:00:00;737489,5;2,67542
2026-08-23 11:05:00;737489,73;2,67177
2026-08-23 11:10:00;737489,96;3,24671
2026-08-23 11:15:00;737490,21;2,99499
2026-08-23 11:20:00;737490,45;2,6593
2026-08-23 11:25:00;737490,67;2,60694
2026-08-23 11:30:00;737490,89;2,71585
2026-08-23 11:35:00;737491,11;2,75744
2026-08-23 11:40:00;737491,33;2,64943
2026-08-23 11:45:00;737491,57;3,0198
2026-08-23 11:50:00;737491,83;2,9946
2026-08-23 11:55:00;737492,07;2,99454
2026-08-23 12:05:00;737492,5;2,44579
2026-08-23 12:10:00;737492,75;3,00188
2026-08-23 12:15:00;737492,98;2,5278
2026-08-23 12:20:00;737493,18;2,55499
2026-08-23 12:25:00;737493,4;2,90917
2026-08-23 12:30:00;737493,64;2,87891
2026-08-23 12:35:00;737493,85;2,41303
2026-08-23 12:40:00;737494,05;2,43129
2026-08-23 12:45:00;737494,27;2,78366
2026-08-23 12:50:00;737494,5;2,79417
2026-08-23 12:55:00;737494,71;2,36142
2026-08-23 13:00:00;737494,91;2,4135
2026-08-23 13:05:00;737495,17;3,7128
2026-08-23 13:10:00;737495,58;4,49559
2026-08-23 13:15:00;737495,87;2,55073
2026-08-23 13:20:00;737496,08;2,4554
2026-08-23 13:25:00;737496,32;2,90868
2026-08-23 13:35:00;737496,76;2,43612
2026-08-23 13:40:00;737496,98;2,89273
2026-08-23 13:45:00;737497,21;2,86292
2026-08-23 13:50:00;737497,43;2,5179
2026-08-23 13:55:00;737497,64;2,53895
2026-08-23 14:05:00;737498,11;2,92543
2026-08-23 14:10:00;737498,31;2,44366
2026-08-23 14:15:00;737498,53;2,74381
2026-08-23 14:20:00;737498,79;3,2203
2026-08-23 14:25:00;737499,05;2,85661
2026-08-23 14:30:00;737499,28;2,78515
2026-08-23 14:35:00;737499,52;2,90298
2026-08-23 14:40:00;737499,79;3,19252
2026-08-23 14:45:00;737500,03;2,72957
2026-08-23 14:50:00;737500,25;2,64433
2026-08-23 14:55:00;737500,5;3,10231
2026-08-23 15:00:00;737500,75;3,07572
2026-08-23 15:05:00;737500,99;2,68498
2026-08-23 15:10:00;737501,21;2,75171
2026-08-23 15:15:00;737501,45;3,03323
2026-08-23 15:20:00;737501,71;3,13948
2026-08-23 15:25:00;737501,95;2,73649
2026-08-23 15:30:00;737502,18;2,83613
2026-08-23 15:35:00;737502,44;3,20746
2026-08-23 15:40:00;737502,69;2,82009
2026-08-23 15:45:00;737502,91;2,63971
2026-08-23 15:50:00;737503,14;2,74324
2026-08-23 15:55:00;737503,4;3,04216
2026-08-23 16:05:00;737503,86;2,71871
2026-08-23 16:10:00;737504,09;3,0151
2026-08-23 16:15:00;737504,34;2,99353
2026-08-23 16:20:00;737504,56;2,68459
2026-08-23 16:25:00;737504,79;2,68141
2026-08-23 16:30:00;737505,04;3,11113
2026-08-23 16:35:00;737505,29;3,14508
2026-08-23 16:40:00;737505,52;2,74492
2026-08-23 16:45:00;737505,75;2,72687
2026-08-23 16:50:00;737506;3,01133
2026-08-23 16:55:00;737506,25;2,6129
2026-08-23 17:00:00;737506,46;2,70598
2026-08-23 17:05:00;737506,68;2,75714
2026-08-23 17:10:00;737506,93;2,95865
2026-08-23 17:15:00;737507,15;2,5172
2026-08-23 17:20:00;737507,37;2,61168
2026-08-23 17:25:00;737507,59;2,69419
2026-08-23 17:30:00;737507,82;2,65524
2026-08-23 17:35:00;737508,04;2,63017
2026-08-23 17:40:00;737508,25;2,60246
2026-08-23 17:45:00;737508,49;2,9602
2026-08-23 17:50:00;737508,74;2,84343
2026-08-23 17:55:00;737508,97;2,98359
2026-08-23 18:05:00;737509,41;2,47568
2026-08-23 18:10:00;737509,63;2,89063
2026-08-23 18:15:00;737509,87;2,79395
2026-08-23 18:20:00;737510,08;2,4731
2026-08-23 18:25:00;737510,29;2,51343
2026-08-23 18:30:00;737510,52;2,9593
2026-08-23 18:35:00;737510,77;2,96555
2026-08-23 18:40:00;737510,99;2,66038
2026-08-23 18:45:00;737511,23;2,84935
2026-08-23 18:50:00;737511,5;3,33287
2026-08-23 18:55:00;737511,76;2,80579
2026-08-23 19:00:00;737511,99;2,77733
2026-08-23 19:05:00;737512,24;3,31661
2026-08-23 19:10:00;737512,51;3,21385
2026-08-23 19:15:00;737512,76;2,86279
2026-08-23 19:20:00;737512,99;2,78911
2026-08-23 19:25:00;737513,25;3,23875
2026-08-23 19:30:00;737513,53;3,3698
2026-08-23 19:35:00;737513,78;2,93536
2026-08-23 19:40:00;737514,03;2,95335
2026-08-23 19:45:00;737514,29;3,29105
2026-08-23 19:50:00;737514,57;3,21721
2026-08-23 19:55:00;737514,8;2,82479
2026-08-23 20:00:00;737515,05;2,87129
2026-08-23 20:05:00;737515,31;3,11554
2026-08-23 20:10:00;737515,56;2,66533
2026-08-23 20:15:00;737515,82;4,06413
2026-08-23 20:20:00;737516,16;4,44155
2026-08-23 20:25:00;737516,54;4,4758
2026-08-23 20:30:00;737516,88;3,94407
2026-08-23 20:35:00;737517,22;4,02301
2026-08-23 20:40:00;737517,57;4,46409
2026-08-23 20:45:00;737517,94;4,3326
2026-08-23 20:50:00;737518,28;4,07799
2026-08-23 20:55:00;737518,62;4,13986
2026-08-23 21:00:00;737518,98;4,53894
2026-08-23 21:05:00;737519,35;4,33398
2026-08-23 21:10:00;737519,68;3,97737
2026-08-23 21:15:00;737520,12;5,97775
2026-08-23 21:20:00;737520,64;6,20874
2026-08-23 21:25:00;737521;4,36611
2026-08-23 21:30:00;737521,33;3,94431
2026-08-23 21:35:00;737521,67;4,15849
2026-08-23 21:40:00;737522,04;4,43864
2026-08-23 21:45:00;737522,41;4,17809
2026-08-23 21:50:00;737522,74;4,04679
2026-08-23 21:55:00;737523,07;4,09584
2026-08-23 22:05:00;737523,79;3,85683
2026-08-23 22:10:00;737524,12;4,02042
2026-08-23 22:15:00;737524,46;4,48181
2026-08-23 22:20:00;737524,83;4,45348
2026-08-23 22:25:00;737525,17;3,93111
2026-08-23 22:30:00;737525,51;3,99621
2026-08-23 22:35:00;737525,85;4,3067
2026-08-23 22:40:00;737526,22;4,43347
2026-08-23 22:45:00;737526,56;4,09565
2026-08-23 22:50:00;737526,9;4,04464
2026-08-23 22:55:00;737527,26;4,57598
2026-08-23 23:00:00;737527,64;4,46281
2026-08-23 23:05:00;737527,99;4,19473
2026-08-23 23:10:00;737528,34;4,19884
2026-08-23 23:15:00;737528,76;4,58182
2026-08-23 23:20:00;737529,13;4,29369
2026-08-23 23:25:00;737529,47;4,1
2026-08-23 23:30:00;737529,82;4,16375
2026-08-23 23:35:00;737530,17;4,18018
2026-08-23 23:40:00;737530,53;4,33668
2026-08-23 23:45:00;737530,91;4,64806
2026-08-23 23:50:00;737531,32;5,00008
2026-08-23 23:55:00;737531,72;4,74199
2026-08-24 00:00:00;737532,1;4,38568
2026-08-24 00:05:00;737532,47;4,36912
2026-08-24 00:10:00;737532,85;4,67631
2026-08-24 00:15:00;737533,24;4,74927
2026-08-24 00:20:00;737533,61;4,3974
2026-08-24 00:25:00;737533,98;4,37481
2026-08-24 00:30:00;737534,36;4,75691
2026-08-24 00:35:00;737534,75;4,70146
2026-08-24 00:40:00;737535,11;4,23741
2026-08-24 00:45:00;737535,47;4,35296
2026-08-24 00:50:00;737535,85;4,70274
2026-08-24 00:55:00;737536,24;4,7389
2026-08-24 01:00:00;737536,6;4,23954
2026-08-24 01:05:00;737536,97;4,31382
2026-08-24 01:10:00;737537,35;4,72559
2026-08-24 01:15:00;737537,73;4,53033
2026-08-24 01:20:00;737538,08;4,23919
2026-08-24 01:25:00;737538,42;4,0699
2026-08-24 01:30:00;737538,8;4,48514
2026-08-24 01:35:00;737539,16;4,07803
2026-08-24 01:40:00;737539,5;4,01725
2026-08-24 01:45:00;737539,85;4,31453
2026-08-24 01:50:00;737540,23;4,58924
2026-08-24 01:55:00;737540,6;4,23057
2026-08-24 02:00:00;737540,94;4,20339
2026-08-24 02:05:00;737541,3;4,58429
2026-08-24 02:10:00;737541,68;4,47177
2026-08-24 02:15:00;737542,03;4,17786
2026-08-24 02:20:00;737542,37;4,06856
2026-08-24 02:25:00;737542,73;4,5196
2026-08-24 02:30:00;737543,1;4,45827
2026-08-24 02:35:00;737543,46;4,06065
2026-08-24 02:40:00;737543,8;4,1348
2026-08-24 02:45:00;737544,16;4,44121
2026-08-24 02:50:00;737544,54;4,59868
2026-08-24 02:55:00;737544,88;4,14567
2026-08-24 03:00:00;737545,23;4,20109
2026-08-24 03:05:00;737545,6;4,548
2026-08-24 03:10:00;737545,98;4,57495
2026-08-24 03:15:00;737546,32;4,10498
2026-08-24 03:20:00;737546,67;4,08332
2026-08-24 03:25:00;737547,04;4,46128
2026-08-24 03:30:00;737547,4;4,19607
2026-08-24 03:35:00;737547,75;4,13651
2026-08-24 03:40:00;737548,09;4,0564
2026-08-24 03:45:00;737548,47;4,55909
2026-08-24 03:50:00;737548,83;4,13144
2026-08-24 03:55:00;737549,19;4,34656
2026-08-24 04:00:00;737549,55;4,32669
2026-08-24 04:05:00;737549,93;4,69664
2026-08-24 04:10:00;737550,3;4,16718
2026-08-24 04:15:00;737550,65;4,28031
2026-08-24 04:20:00;737551,01;4,50199
2026-08-24 04:25:00;737551,4;4,60556
2026-08-24 04:35:00;737552,12;4,30008
2026-08-24 04:40:00;737552,49;4,72932
2026-08-24 04:45:00;737552,88;4,62122
2026-08-24 04:50:00;737553,24;4,2819
2026-08-24 04:55:00;737553,6;4,27194
2026-08-24 05:00:00;737553,97;4,72049
2026-08-24 05:05:00;737554,4;5,49842
2026-08-24 05:10:00;737554,84;5,16121
2026-08-24 05:20:00;737555,76;5,97566
2026-08-24 05:25:00;737556,36;6,77259
2026-08-24 05:30:00;737556,77;3,98342
2026-08-24 05:35:00;737557,1;3,99384
2026-08-24 05:40:00;737557,43;3,98926
2026-08-24 05:45:00;737557,78;4,26404
2026-08-24 05:50:00;737558,14;4,45792
2026-08-24 05:55:00;737561,16;74,58791
2026-08-24 06:05:00;737568,65;40,44245
2026-08-24 06:10:00;737573,57;74,05947
2026-08-24 06:15:00;737579,42;78,45221
2026-08-24 06:20:00;737584,71;58,72694
2026-08-24 06:25:00;737589,21;43,15502
2026-08-24 06:30:00;737594,45;61,26387
2026-08-24 06:35:00;737599,3;43,58137
2026-08-24 06:40:00;737604,64;60,12166
2026-08-24 06:45:00;737609,28;42,95769
2026-08-24 06:50:00;737614,64;63,40047
2026-08-24 06:55:00;737619,36;43,152
2026-08-24 07:05:00;737628,44;38,86481
2026-08-24 07:10:00;737633,77;57,8685
2026-08-24 07:15:00;737638,7;45,27723
2026-08-24 07:20:00;737644,09;66,94309
2026-08-24 07:25:00;737648,88;68,32429
2026-08-24 07:30:00;737654,34;79,68372
2026-08-24 07:35:00;737659,29;81,79727
2026-08-24 07:40:00;737664,76;78,7438
2026-08-24 07:45:00;737669,61;74,46034
2026-08-24 07:50:00;737675,05;64,5467
2026-08-24 07:55:00;737679,97;64,50376
2026-08-24 08:05:00;737690,44;61,50258
2026-08-24 08:10:00;737695,77;61,45912
2026-08-24 08:20:00;737706,16;61,93167
2026-08-24 08:25:00;737710,72;52,65956
2026-08-24 08:30:00;737715,55;58,26099
2026-08-24 08:35:00;737720,4;61,38193
2026-08-24 08:40:00;737725,74;63,49477
2026-08-24 08:45:00;737731,05;63,57999
2026-08-24 08:50:00;737736,01;42,87843
2026-08-24 08:55:00;737740,61;53,45379
2026-08-24 09:05:00;737749,91;54,84028
2026-08-24 09:10:00;737753,94;27,62115
2026-08-24 09:15:00;737757,29;40,36052
2026-08-24 09:20:00;737759,7;17,97876
2026-08-24 09:25:00;737763,08;46,53249
2026-08-24 09:30:00;737765,95;49,32819
2026-08-24 09:35:00;737769,39;55,52325
2026-08-24 09:40:00;737772,34;56,66644
2026-08-24 09:45:00;737775,85;49,08368
2026-08-24 09:50:00;737778,74;43,26055
2026-08-24 09:55:00;737782,22;39,79294
2026-08-24 10:05:00;737788,69;38,40763
2026-08-24 10:10:00;737791,68;39,09228
2026-08-24 10:20:00;737798,02;37,50388
2026-08-24 10:25:00;737801,18;32,43645
2026-08-24 10:35:00;737807,3;22,2647
2026-08-24 10:40:00;737810,59;37,62605
2026-08-24 10:45:00;737813,45;20,09171
2026-08-24 10:50:00;737816,84;37,29526
2026-08-24 10:55:00;737819,68;20,2033
2026-08-24 11:00:00;737823,33;37,22356
2026-08-24 11:05:00;737826,28;23,91375
2026-08-24 11:10:00;737829,73;52,14519
2026-08-24 11:20:00;737835,99;52,45038
2026-08-24 11:25:00;737838,58;45,4808
2026-08-24 11:30:00;737841,89;50,54753
2026-08-24 11:35:00;737844,51;40,75171
2026-08-24 11:40:00;737847,92;52,66091
2026-08-24 11:45:00;737850,71;49,53091
2026-08-24 11:50:00;737854,16;55,57256
2026-08-24 11:55:00;737857,07;55,96859
2026-08-24 12:00:00;737860,48;43,1523
2026-08-24 12:05:00;737863,32;39,54807
2026-08-24 12:10:00;737866,73;38,11944
2026-08-24 12:15:00;737869,67;37,41117
2026-08-24 12:20:00;737872,96;37,05451
2026-08-24 12:25:00;737876,04;37,54444
2026-08-24 12:35:00;737882,39;37,94191
2026-08-24 12:40:00;737885,38;20,61333
2026-08-24 12:45:00;737888,74;37,60926
2026-08-24 12:50:00;737891,69;20,35626
2026-08-24 12:55:00;737895,38;37,80869
2026-08-24 13:05:00;737901,86;53,04688
2026-08-24 13:10:00;737904,85;54,05491
2026-08-24 13:15:00;737908,35;55,99789
2026-08-24 13:20:00;737911,29;48,1157
2026-08-24 13:25:00;737914,74;39,709
2026-08-24 13:30:00;737917,69;38,63183
2026-08-24 13:35:00;737921,13;37,71578
2026-08-24 13:40:00;737924,03;37,78361
2026-08-24 13:50:00;737930,49;39,19107
2026-08-24 13:55:00;737933,79;32,91917
2026-08-24 14:00:00;737937,06;38,87239
2026-08-24 14:05:00;737940,21;26,16667
2026-08-24 14:10:00;737943,57;38,66051
2026-08-24 14:15:00;737946,58;21,25658
2026-08-24 14:20:00;737950,09;39,38382
2026-08-24 14:25:00;737953,18;23,29684
2026-08-24 14:30:00;737956,94;39,22668
2026-08-24 14:35:00;737960,11;23,32963
2026-08-24 14:40:00;737963,74;40,53253
2026-08-24 14:45:00;737966,82;46,37409
2026-08-24 14:50:00;737970,44;56,73616
2026-08-24 14:55:00;737973,47;56,18461
2026-08-24 15:00:00;737977,13;58,78532
2026-08-24 15:05:00;737980,18;53,3126
2026-08-24 15:10:00;737983,8;43,13221
2026-08-24 15:15:00;737986,84;41,53276
2026-08-24 15:20:00;737990,44;41,79998
2026-08-24 15:25:00;737993,38;39,39487
2026-08-24 15:30:00;737996,92;39,80124
2026-08-24 15:35:00;737999,97;39,77627
2026-08-24 15:40:00;738003,46;40,07224
2026-08-24 15:45:00;738006,58;39,6228
2026-08-24 15:50:00;738010,03;38,86316
2026-08-24 15:55:00;738013,21;39,6043
2026-08-24 16:00:00;738016,53;32,74052
2026-08-24 16:05:00;738019,83;40,38682
2026-08-24 16:10:00;738023,08;26,85691
2026-08-24 16:15:00;738026,56;41,43172
2026-08-24 16:20:00;738029,74;22,95952
2026-08-24 16:25:00;738033,25;39,91381
2026-08-24 16:30:00;738036,43;24,37854
2026-08-24 16:35:00;738040,18;41,34577
2026-08-24 16:40:00;738043,28;22,94169
2026-08-24 16:45:00;738046,97;38,65519
2026-08-24 16:50:00;738049,96;20,25853
2026-08-24 16:55:00;738053,42;40,08237
2026-08-24 17:00:00;738056,38;39,20364
2026-08-24 17:05:00;738059,85;52,88168
2026-08-24 17:10:00;738062,68;51,20828
2026-08-24 17:15:00;738066,11;55,2956
2026-08-24 17:20:00;738069,02;56,85336
2026-08-24 17:25:00;738072,53;48,4251
2026-08-24 17:30:00;738075,45;41,78749
2026-08-24 17:35:00;738078,89;39,20871
2026-08-24 17:40:00;738081,67;38,15124
2026-08-24 17:45:00;738085,1;38,11899
2026-08-24 17:50:00;738087,88;36,62313
2026-08-24 17:55:00;738091,18;36,90921
2026-08-24 18:05:00;738096,91;30,60482
2026-08-24 18:10:00;738099,59;33,62949
2026-08-24 18:15:00;738102,36;24,62022
2026-08-24 18:20:00;738105,07;32,49246
2026-08-24 18:25:00;738107,84;20,21957
2026-08-24 18:30:00;738110,75;32,87817
2026-08-24 18:35:00;738113,38;16,73667
2026-08-24 18:40:00;738116,35;32,25667
2026-08-24 18:45:00;738118,85;17,11479
2026-08-24 18:50:00;738121,98;32,95687
2026-08-24 18:55:00;738124,91;24,29159
2026-08-24 19:00:00;738129,17;50,05799
2026-08-24 19:05:00;738134,1;49,24769
2026-08-24 19:10:00;738140,4;81,45529
2026-08-24 19:15:00;738146,17;78,98954
2026-08-24 19:20:00;738152,49;89,13052
2026-08-24 19:25:00;738158,2;90,88442
2026-08-24 19:30:00;738164,39;85,53431
2026-08-24 19:35:00;738169,99;73,65707
2026-08-24 19:40:00;738176,16;71,61093
2026-08-24 19:45:00;738181,72;69,47917
2026-08-24 19:50:00;738187,66;68,10088
2026-08-24 19:55:00;738193,16;68,19567
2026-08-24 20:05:00;738204,82;69,39082
2026-08-24 20:10:00;738210,44;53,53615
2026-08-24 20:15:00;738216,64;68,81114
2026-08-24 20:20:00;738222,35;62,16059
2026-08-24 20:25:00;738228,37;85,33168
2026-08-24 20:30:00;738233,91;87,48121
2026-08-24 20:35:00;738239,95;78,31389
2026-08-24 20:40:00;738245,42;69,53478
2026-08-24 20:45:00;738251,43;69,68501
2026-08-24 20:50:00;738256,9;68,62286
2026-08-24 20:55:00;738262,29;61,27152
2026-08-24 21:00:00;738266,71;40,75628
2026-08-24 21:05:00;738269,45;23,94096
2026-08-24 21:10:00;738272,34;35,37385
2026-08-24 21:15:00;738275,12;17,93674
2026-08-24 21:20:00;738278,28;35,39099
2026-08-24 21:25:00;738281,01;18,5048
2026-08-24 21:30:00;738284,44;35,01212
2026-08-24 21:35:00;738286,79;15,18797
2026-08-24 21:40:00;738288,8;13,36106
2026-08-24 21:45:00;738289,9;13,11096
2026-08-24 21:50:00;738290,97;12,83511
2026-08-24 21:55:00;738291,84;9,69719
2026-08-24 22:00:00;738292,4;5,46509
2026-08-24 22:05:00;738292,81;4,8209
2026-08-24 22:10:00;738293,21;4,75717
2026-08-24 22:15:00;738293,63;5,17028
2026-08-24 22:20:00;738294,06;5,16013
2026-08-24 22:25:00;738294,46;4,81474
2026-08-24 22:30:00;738294,85;4,64661
2026-08-24 22:35:00;738295,28;5,12398
2026-08-24 22:40:00;738295,68;4,62516
2026-08-24 22:45:00;738296,06;4,60759
2026-08-24 22:50:00;738296,47;5,0781
2026-08-24 22:55:00;738296,89;5,07494
2026-08-24 23:00:00;738297,27;4,62365
2026-08-24 23:05:00;738297,67;4,61043
2026-08-24 23:10:00;738298,09;5,03593
2026-08-24 23:15:00;738298,49;4,65
2026-08-24 23:20:00;738298,87;4,52777
2026-08-24 23:25:00;738299,24;4,46918
2026-08-24 23:30:00;738299,62;4,5139
2026-08-24 23:35:00;738300;4,49571
2026-08-24 23:40:00;738300,37;4,50125
2026-08-24 23:45:00;738300,76;4,74922
2026-08-24 23:50:00;738301,18;5,03634
2026-08-24 23:55:00;738301,59;4,97833
2026-08-25 00:00:00;738302;4,63098
2026-08-25 00:05:00;738302,39;4,77291
2026-08-25 00:10:00;738302,79;4,97915
2026-08-25 00:15:00;738303,21;5,01348
2026-08-25 00:20:00;738303,59;4,56642
2026-08-25 00:25:00;738303,97;4,6524
2026-08-25 00:30:00;738304,39;5,04881
2026-08-25 00:35:00;738304,81;4,6623
2026-08-25 00:40:00;738305,2;4,76837
2026-08-25 00:45:00;738305,61;5,06715
2026-08-25 00:50:00;738306,03;5,02968
2026-08-25 00:55:00;738306,43;4,71513
2026-08-25 01:00:00;738306,82;4,833
2026-08-25 01:05:00;738307,26;5,17136
2026-08-25 01:10:00;738307,67;4,84098
2026-08-25 01:15:00;738308,07;4,71589
2026-08-25 01:25:00;738308,91;5,0949
2026-08-25 01:30:00;738309,31;4,75322
2026-08-25 01:35:00;738309,7;4,67896
2026-08-25 01:40:00;738310,13;5,03099
2026-08-25 01:45:00;738310,53;4,69893
2026-08-25 01:50:00;738310,92;4,59661
2026-08-25 01:55:00;738311,33;5,14888
2026-08-25 02:00:00;738311,75;5,01859
2026-08-25 02:05:00;738312,14;4,67525
2026-08-25 02:10:00;738312,53;4,56678
2026-08-25 02:15:00;738312,95;5,06915
2026-08-25 02:20:00;738313,34;4,5985
2026-08-25 02:25:00;738313,73;4,61211
2026-08-25 02:30:00;738314,13;5,00302
2026-08-25 02:35:00;738314,54;4,89933
2026-08-25 02:40:00;738314,93;4,6982
2026-08-25 02:45:00;738315,33;4,87502
2026-08-25 02:50:00;738315,75;5,04619
2026-08-25 02:55:00;738316,16;4,68782
2026-08-25 03:00:00;738316,55;4,70097
2026-08-25 03:05:00;738316,97;5,18153
2026-08-25 03:10:00;738317,38;4,8722
2026-08-25 03:15:00;738317,77;4,60615
2026-08-25 03:20:00;738318,16;4,66087
2026-08-25 03:25:00;738318,59;5,20101
2026-08-25 03:30:00;738318,99;4,57937
2026-08-25 03:35:00;738319,38;4,55061
2026-08-25 03:40:00;738319,78;5,10469
2026-08-25 03:45:00;738320,19;5,00207
2026-08-25 03:50:00;738320,58;4,59055
2026-08-25 03:55:00;738320,97;4,70197
2026-08-25 04:00:00;738321,39;5,03981
2026-08-25 04:05:00;738321,79;4,5854
2026-08-25 04:10:00;738322,18;4,66692
2026-08-25 04:15:00;738322,58;5,02354
2026-08-25 04:20:00;738322,99;5,01709
2026-08-25 04:25:00;738323,37;4,55324
2026-08-25 04:30:00;738323,75;4,55841
2026-08-25 04:35:00;738324,16;4,95163
2026-08-25 04:40:00;738324,57;4,72164
2026-08-25 04:45:00;738324,95;4,55576
2026-08-25 04:50:00;738325,36;5,15384
2026-08-25 04:55:00;738325,78;5,06278
2026-08-25 05:00:00;738326,18;4,79879
2026-08-25 05:05:00;738326,56;4,69282
2026-08-25 05:10:00;738326,98;5,00698
2026-08-25 05:15:00;738327,38;4,54683
2026-08-25 05:20:00;738327,77;4,70823
2026-08-25 05:25:00;738328,15;4,63425
2026-08-25 05:30:00;738328,54;4,59558
2026-08-25 05:35:00;738328,93;4,68338
2026-08-25 05:40:00;738329,33;4,74943
2026-08-25 05:45:00;738329,73;4,90115
2026-08-25 05:50:00;738330,15;5,03122
2026-08-25 05:55:00;738330,57;5,06072
2026-08-25 06:05:00;738335,61;25,77827
2026-08-25 06:10:00;738339,45;43,1547
2026-08-25 06:15:00;738342,7;25,60907
2026-08-25 06:20:00;738345,73;31,55884
2026-08-25 06:25:00;738348,06;13,16836
2026-08-25 06:30:00;738350,37;30,93226
2026-08-25 06:35:00;738353,1;29,02485
2026-08-25 06:40:00;738355,24;30,41186
2026-08-25 06:45:00;738358,12;31,94241
2026-08-25 06:50:00;738360,21;33,72076
2026-08-25 06:55:00;738363,18;34,72064
2026-08-25 07:00:00;738365,57;37,82229
2026-08-25 07:05:00;738369,15;39,57576
2026-08-25 07:10:00;738372,04;37,56115
2026-08-25 07:15:00;738375,41;36,86731
2026-08-25 07:20:00;738378,28;38,53131
2026-08-25 07:25:00;738381,68;35,66457
2026-08-25 07:30:00;738384,8;38,04143
2026-08-25 07:35:00;738387,94;26,16296
2026-08-25 07:40:00;738391,11;37,29049
2026-08-25 07:50:00;738397,32;36,40355
2026-08-25 07:55:00;738399,97;18,00426
2026-08-25 08:05:00;738406,42;23,32201
2026-08-25 08:10:00;738409,89;51,01615
2026-08-25 08:15:00;738412,76;49,85892
2026-08-25 08:20:00;738416,17;48,2108
2026-08-25 08:25:00;738419,1;38,07268
2026-08-25 08:30:00;738422,42;36,76686
2026-08-25 08:35:00;738425,17;36,4682
2026-08-25 08:40:00;738428,54;36,95103
2026-08-25 08:50:00;738434,55;34,49951
2026-08-25 08:55:00;738437,42;36,20344
2026-08-25 09:05:00;738443,63;35,36708
2026-08-25 09:10:00;738446,5;18,50355
2026-08-25 09:15:00;738449,84;35,94907
2026-08-25 09:20:00;738452,92;34,407
2026-08-25 09:25:00;738456,24;53,86706
2026-08-25 09:35:00;738462,42;38,32948
2026-08-25 09:40:00;738465,4;36,7567
2026-08-25 09:45:00;738468,72;36,15797
2026-08-25 09:50:00;738471,64;36,99299
2026-08-25 09:55:00;738474,77;28,22123
2026-08-25 10:05:00;738481,58;57,05663
2026-08-25 10:10:00;738484,95;38,24926
2026-08-25 10:15:00;738487,96;36,72354
2026-08-25 10:20:00;738491,34;36,74392
2026-08-25 10:25:00;738494,23;36,23812
2026-08-25 10:30:00;738497,29;27,14525
2026-08-25 10:35:00;738500,37;35,76499
2026-08-25 10:40:00;738503,22;19,85318
2026-08-25 10:45:00;738506,65;37,71175
2026-08-25 10:50:00;738509,85;26,70187
2026-08-25 10:55:00;738513,27;51,50055
2026-08-25 11:05:00;738519,45;54,43394
2026-08-25 11:10:00;738522,31;41,56689
2026-08-25 11:20:00;738528,56;36,58204
2026-08-25 11:25:00;738531,86;35,5444
2026-08-25 11:30:00;738534,66;35,67869
2026-08-25 11:35:00;738537,74;29,07667
2026-08-25 11:40:00;738540,85;36,8047
2026-08-25 11:45:00;738543,7;17,96445
2026-08-25 11:50:00;738546,76;36,18884
2026-08-25 11:55:00;738549,65;19,34643
2026-08-25 12:05:00;738556,04;24,20076
2026-08-25 12:10:00;738559,61;53,17884
2026-08-25 12:15:00;738562,6;53,97861
2026-08-25 12:20:00;738565,91;36,96862
2026-08-25 12:25:00;738568,87;36,2943
2026-08-25 12:35:00;738575,28;35,96162
2026-08-25 12:40:00;738578,64;37,92681
2026-08-25 12:45:00;738582,11;54,76485
2026-08-25 12:50:00;738585,15;39,24933
2026-08-25 12:55:00;738588,5;36,65872
2026-08-25 13:05:00;738596,63;51,80652
2026-08-25 13:10:00;738601,51;69,06376
2026-08-25 13:20:00;738609,85;44,96867
2026-08-25 13:25:00;738613,93;47,11294
2026-08-25 13:30:00;738618,2;64,2628
2026-08-25 13:35:00;738622,31;44,86879
2026-08-25 13:40:00;738626,2;44,66125
2026-08-25 13:45:00;738630,21;43,57906
2026-08-25 13:50:00;738634,65;62,03179
2026-08-25 13:55:00;738638,68;52,30845
2026-08-25 14:05:00;738647,62;65,54429
2026-08-25 14:10:00;738652,19;48,68796
2026-08-25 14:20:00;738661,04;62,74065
2026-08-25 14:25:00;738665,63;50,79411
2026-08-25 14:30:00;738670,32;50,86423
2026-08-25 14:35:00;738675,13;68,85907
2026-08-25 14:40:00;738679,58;50,36885
2026-08-25 14:50:00;738689,05;65,93959
2026-08-25 14:55:00;738693,63;53,97175
2026-08-25 15:00:00;738698,29;51,35613
2026-08-25 15:05:00;738703,11;47,83812
2026-08-25 15:10:00;738707,86;67,5728
2026-08-25 15:15:00;738712,29;52,26479
2026-08-25 15:20:00;738717,16;49,14132
2026-08-25 15:25:00;738721,75;66,1218
2026-08-25 15:30:00;738726,4;60,46448
2026-08-25 15:35:00;738731,03;50,86935
2026-08-25 15:40:00;738735,73;42,24101
2026-08-25 15:50:00;738744,84;49,15788
2026-08-25 15:55:00;738749,79;56,70514
2026-08-25 16:05:00;738758,7;42,48103
2026-08-25 16:10:00;738763,44;47,84338
2026-08-25 16:20:00;738772,81;56,20706
2026-08-25 16:25:00;738777,31;49,51864
2026-08-25 16:30:00;738782,34;59,1411
2026-08-25 16:35:00;738787,04;71,06112
2026-08-25 16:40:00;738791,96;52,9098
2026-08-25 16:45:00;738796,96;53,8278
2026-08-25 16:50:00;738801,94;54,9841
2026-08-25 16:55:00;738806,94;72,95706
2026-08-25 17:05:00;738816,94;57,73575
2026-08-25 17:10:00;738821,71;70,49853
2026-08-25 17:15:00;738826,38;42,52739
2026-08-25 17:20:00;738831,48;52,33126
2026-08-25 17:25:00;738836,31;62,6966
2026-08-25 17:30:00;738841,36;69,6961
2026-08-25 17:35:00;738845,9;51,85998
2026-08-25 17:40:00;738851,04;52,53684
2026-08-25 17:45:00;738855,84;67,54969
2026-08-25 17:50:00;738860,66;65,39072
2026-08-25 17:55:00;738865,38;53,02252
2026-08-25 18:05:00;738874,78;65,01732
2026-08-25 18:10:00;738879,03;50,58483
2026-08-25 18:15:00;738883,57;45,4002
2026-08-25 18:20:00;738887,96;62,47178
2026-08-25 18:25:00;738892,27;53,95471
2026-08-25 18:30:00;738896,51;43,96631
2026-08-25 18:35:00;738900,7;35,54308
2026-08-25 18:40:00;738905,04;61,18696
2026-08-25 18:45:00;738908,97;52,63824
2026-08-25 18:50:00;738913,24;43,40537
2026-08-25 18:55:00;738917,93;62,36191
2026-08-25 19:00:00;738923,21;83,37397
2026-08-25 19:05:00;738929,59;75,03193
2026-08-25 19:10:00;738936,65;67,78727
2026-08-25 19:15:00;738944,28;99,20089
2026-08-25 19:20:00;738951,32;85,28936
2026-08-25 19:25:00;738958,73;79,78856
2026-08-25 19:30:00;738965,95;98,75507
2026-08-25 19:35:00;738973,08;77,48266
2026-08-25 19:40:00;738980,48;81,01015
2026-08-25 19:45:00;738987,72;94,1131
2026-08-25 19:50:00;738995,05;85,16921
2026-08-25 19:55:00;739002,04;79,14363
2026-08-25 20:00:00;739009,63;97,66982
2026-08-25 20:05:00;739016,65;89,33765
2026-08-25 20:10:00;739023,31;61,70583
2026-08-25 20:15:00;739030,51;77,16287
2026-08-25 20:20:00;739037,4;87,69291
2026-08-25 20:25:00;739044,37;94,56295
2026-08-25 20:30:00;739051,06;79,52293
2026-08-25 20:35:00;739057,92;74,75074
2026-08-25 20:40:00;739064,73;85,17709
2026-08-25 20:45:00;739071,65;92,51085
2026-08-25 20:50:00;739078,1;79,53412
2026-08-25 20:55:00;739084,01;50,16243
2026-08-25 21:00:00;739089,85;51,01568
2026-08-25 21:05:00;739093,54;57,26852
2026-08-25 21:10:00;739097,55;53,05133
2026-08-25 21:15:00;739101,22;40,17132
2026-08-25 21:20:00;739105,15;39,21549
2026-08-25 21:25:00;739109,01;50,85197
2026-08-25 21:30:00;739113;59,03557
2026-08-25 21:35:00;739115,88;30,22158
2026-08-25 21:40:00;739118,16;11,76467
2026-08-25 21:45:00;739118,98;9,00205
2026-08-25 21:50:00;739119,71;8,31748
2026-08-25 21:55:00;739120,31;5,50101
2026-08-25 22:00:00;739120,77;5,76823
2026-08-25 22:05:00;739121,24;5,69645
2026-08-25 22:10:00;739121,68;5,30372
2026-08-25 22:15:00;739122,13;5,32825
2026-08-25 22:20:00;739122,59;5,56172
2026-08-25 22:25:00;739123,04;5,19276
2026-08-25 22:30:00;739123,47;5,17348
2026-08-25 22:35:00;739123,89;5,41771
2026-08-25 22:40:00;739124,36;5,5868
2026-08-25 22:45:00;739124,79;5,16407
2026-08-25 22:50:00;739125,23;5,24779
2026-08-25 22:55:00;739125,7;5,85408
2026-08-25 23:00:00;739126,16;5,15778
2026-08-25 23:05:00;739126,6;5,47013
2026-08-25 23:10:00;739127,06;5,75194
2026-08-25 23:15:00;739127,52;5,44218
2026-08-25 23:20:00;739127,97;5,25938
2026-08-25 23:25:00;739128,41;5,27208
2026-08-25 23:30:00;739128,84;5,32825
2026-08-25 23:35:00;739129,29;5,31893
2026-08-25 23:40:00;739129,72;5,0668
2026-08-25 23:45:00;739130,17;5,395
2026-08-25 23:50:00;739130,65;5,80493
2026-08-25 23:55:00;739131,12;5,44701
2026-08-26 00:00:00;739131,57;5,45978
2026-08-26 00:05:00;739132,02;5,20985
2026-08-26 00:10:00;739132,48;5,90434
2026-08-26 00:15:00;739132,95;5,4513
2026-08-26 00:20:00;739133,38;5,08267
2026-08-26 00:25:00;739133,83;5,69547
2026-08-26 00:30:00;739134,3;5,53129
2026-08-26 00:35:00;739134,73;5,41628
2026-08-26 00:40:00;739135,18;5,39298
2026-08-26 00:45:00;739135,64;5,5547
2026-08-26 00:50:00;739136,12;5,43957
2026-08-26 00:55:00;739136,56;5,18381
2026-08-26 01:00:00;739137,03;5,89957
2026-08-26 01:05:00;739137,51;5,80941
2026-08-26 01:10:00;739137,97;5,46984
2026-08-26 01:15:00;739138,4;5,17248
2026-08-26 01:20:00;739138,88;5,7598
2026-08-26 01:25:00;739139,34;5,19047
2026-08-26 01:30:00;739139,78;5,36252
2026-08-26 01:35:00;739140,23;5,50146
2026-08-26 01:40:00;739140,7;5,99156
2026-08-26 01:45:00;739141,16;5,20758
2026-08-26 01:50:00;739141,6;5,54659
2026-08-26 01:55:00;739142,1;5,92465
2026-08-26 02:00:00;739142,54;5,13292
2026-08-26 02:05:00;739142,99;5,25334
2026-08-26 02:10:00;739143,42;5,30366
2026-08-26 02:15:00;739143,88;5,58101
2026-08-26 02:20:00;739144,3;4,94242
2026-08-26 02:25:00;739144,74;5,33603
2026-08-26 02:30:00;739145,2;5,35004
2026-08-26 02:35:00;739145,64;5,32589
2026-08-26 02:40:00;739146,07;5,0637
2026-08-26 02:45:00;739146,52;5,67347
2026-08-26 02:50:00;739146,98;5,17028
2026-08-26 02:55:00;739147,42;5,32673
2026-08-26 03:00:00;739147,85;5,37528
2026-08-26 03:05:00;739148,32;5,62696
2026-08-26 03:10:00;739148,75;5,04569
2026-08-26 03:15:00;739149,19;5,38498
2026-08-26 03:20:00;739149,64;5,49338
2026-08-26 03:25:00;739150,1;5,26287
2026-08-26 03:30:00;739150,51;4,97882
2026-08-26 03:35:00;739150,95;5,42662
2026-08-26 03:40:00;739151,4;5,54686
2026-08-26 03:45:00;739151,84;4,97513
2026-08-26 03:50:00;739152,27;5,30227
2026-08-26 03:55:00;739152,74;5,47667
2026-08-26 04:00:00;739153,18;5,31509
2026-08-26 04:05:00;739153,62;4,96671
2026-08-26 04:10:00;739154,05;5,77202
2026-08-26 04:15:00;739154,51;5,33958
2026-08-26 04:20:00;739154,94;5,23622
2026-08-26 04:25:00;739155,36;4,97714
2026-08-26 04:30:00;739155,82;5,60275
2026-08-26 04:35:00;739156,25;4,96791
2026-08-26 04:40:00;739156,7;5,37194
2026-08-26 04:45:00;739157,14;5,44031
2026-08-26 04:50:00;739157,61;5,41976
2026-08-26 04:55:00;739158,49;13,38978
2026-08-26 05:00:00;739159,91;25,88102
2026-08-26 05:05:00;739162,79;36,71539
2026-08-26 05:10:00;739166,18;41,72568
2026-08-26 05:15:00;739169,65;41,22789
2026-08-26 05:20:00;739172,95;38,33325
2026-08-26 05:25:00;739176,09;37,50108
2026-08-26 05:30:00;739179,18;36,66312
2026-08-26 05:35:00;739182,21;36,12508
2026-08-26 05:40:00;739185,22;35,9719
2026-08-26 05:45:00;739188,21;35,90386
2026-08-26 05:50:00;739191,17;35,3335
2026-08-26 05:55:00;739194,09;35,40267
2026-08-26 06:05:00;739205,91;75,01831
2026-08-26 06:10:00;739212,28;69,87713
2026-08-26 06:15:00;739218,04;68,28446
2026-08-26 06:20:00;739223,29;45,89357
2026-08-26 06:25:00;739228,71;64,31972
2026-08-26 06:30:00;739233,85;45,71514
2026-08-26 06:35:00;739239,2;63,22346
2026-08-26 06:40:00;739244,26;44,95268
2026-08-26 06:45:00;739249,58;62,98947
2026-08-26 06:50:00;739254,66;45,68797
2026-08-26 06:55:00;739260,49;84,09476
2026-08-26 07:00:00;739266,68;75,60584
2026-08-26 07:05:00;739273,16;70,27193
2026-08-26 07:10:00;739279,2;68,13912
2026-08-26 07:15:00;739285,88;83,89929
2026-08-26 07:20:00;739292,06;89,23606
2026-08-26 07:25:00;739298,55;80,92829
2026-08-26 07:30:00;739304,8;72,47469
2026-08-26 07:35:00;739310,99;53,80184
2026-08-26 07:40:00;739317,43;70,8438
2026-08-26 07:45:00;739323,48;80,35906
2026-08-26 07:50:00;739330,21;74,40312
2026-08-26 07:55:00;739338,01;105,94636
2026-08-26 08:00:00;739345,89;92,94656
2026-08-26 08:05:00;739353,52;84,20361
2026-08-26 08:10:00;739361,29;100,0343
2026-08-26 08:15:00;739368,79;85,2149
2026-08-26 08:20:00;739376,5;85,72568
2026-08-26 08:25:00;739384,26;98,81808
2026-08-26 08:30:00;739391,54;77,3712
2026-08-26 08:35:00;739399,09;94,93252
2026-08-26 08:40:00;739406,45;90,97668
2026-08-26 08:45:00;739413,62;78,68139
2026-08-26 08:50:00;739421,08;98,02027
2026-08-26 08:55:00;739428,3;80,94028
2026-08-26 09:00:00;739435,49;81,42457
2026-08-26 09:05:00;739442,64;92,16568
2026-08-26 09:10:00;739449,48;75,14719
2026-08-26 09:15:00;739456,86;94,73985
2026-08-26 09:20:00;739464,03;89,85895
2026-08-26 09:25:00;739471,04;77,96453
2026-08-26 09:30:00;739478,22;93,99024
2026-08-26 09:35:00;739485,18;76,86413
2026-08-26 09:40:00;739492,5;86,9247
2026-08-26 09:45:00;739499,74;93,06711
2026-08-26 09:50:00;739506,67;76,22323
2026-08-26 09:55:00;739513,92;94,58779
2026-08-26 10:00:00;739521,76;103,1297
2026-08-26 10:05:00;739530,04;93,59762
2026-08-26 10:10:00;739538,57;111,02342
2026-08-26 10:15:00;739546,77;96,30787
2026-08-26 10:20:00;739554,04;81,03074
2026-08-26 10:25:00;739559,97;64,86865
2026-08-26 10:30:00;739564,58;55,90959
2026-08-26 10:35:00;739569,2;61,61702
2026-08-26 10:40:00;739573,9;46,33869
2026-08-26 10:45:00;739578,49;64,81931
2026-08-26 10:50:00;739582,96;64,07207
2026-08-26 10:55:00;739587,71;46,14609
2026-08-26 11:00:00;739592,3;68,43721
2026-08-26 11:05:00;739597,24;62,93647
2026-08-26 11:10:00;739602,29;51,09134
2026-08-26 11:15:00;739606,77;64,96455
2026-08-26 11:20:00;739611,61;55,1498
2026-08-26 11:25:00;739616,37;49,35308
2026-08-26 11:30:00;739620,83;65,0374
2026-08-26 11:35:00;739625,78;53,67931
2026-08-26 11:40:00;739630,53;51,66518
2026-08-26 11:45:00;739635,3;68,00129
2026-08-26 11:50:00;739639,9;56,87756
2026-08-26 11:55:00;739644,74;46,92059
2026-08-26 12:00:00;739649,19;65,73076
2026-08-26 12:05:00;739653,68;63,14837
2026-08-26 12:10:00;739658,52;47,45558
2026-08-26 12:15:00;739663,18;48,73962
2026-08-26 12:20:00;739667,87;67,07941
2026-08-26 12:25:00;739672,63;43,98741
2026-08-26 12:30:00;739677,58;48,85993
2026-08-26 12:35:00;739682,19;56,19677
2026-08-26 12:40:00;739686,76;65,31979
2026-08-26 12:45:00;739691,38;51,65837
2026-08-26 12:50:00;739696,13;47,32813
2026-08-26 12:55:00;739700,44;65,03961
2026-08-26 13:00:00;739705,1;62,59029
2026-08-26 13:05:00;739709,84;47,98194
2026-08-26 13:10:00;739714,49;66,81504
2026-08-26 13:15:00;739719,22;64,82745
2026-08-26 13:20:00;739723,98;53,67784
2026-08-26 13:25:00;739728,86;50,74726
2026-08-26 13:30:00;739733,55;66,14449
2026-08-26 13:35:00;739738,14;60,62317
2026-08-26 13:40:00;739742,93;46,26757
2026-08-26 13:45:00;739747,6;53,30606
2026-08-26 13:50:00;739752,28;64,53723
2026-08-26 13:55:00;739756,67;54,04901
2026-08-26 14:00:00;739760,97;65,23892
2026-08-26 14:05:00;739765,34;52,31307
2026-08-26 14:10:00;739769,66;30,61163
2026-08-26 14:15:00;739774,16;46,90662
2026-08-26 14:20:00;739778,36;49,3968
2026-08-26 14:25:00;739782,88;66,16849
2026-08-26 14:30:00;739787,25;57,43279
2026-08-26 14:35:00;739792,16;48,59744
2026-08-26 14:40:00;739796,53;50,15033
2026-08-26 14:45:00;739801,15;67,07896
2026-08-26 14:50:00;739805,73;68,65105
2026-08-26 14:55:00;739810,34;40,76315
2026-08-26 15:00:00;739815,11;47,331
2026-08-26 15:05:00;739819,52;61,24055
2026-08-26 15:10:00;739824,15;64,974
2026-08-26 15:15:00;739828,68;50,86748
2026-08-26 15:20:00;739833,49;47,53814
2026-08-26 15:25:00;739837,91;63,97254
2026-08-26 15:30:00;739842,28;67,02592
2026-08-26 15:35:00;739846,93;49,53706
2026-08-26 15:40:00;739851,4;29,29833
2026-08-26 15:45:00;739856;62,8089
2026-08-26 15:50:00;739860,33;67,96895
2026-08-26 16:00:00;739869,46;46,67374
2026-08-26 16:05:00;739873,97;62,54354
2026-08-26 16:10:00;739878,35;66,78633
2026-08-26 16:15:00;739882,72;42,98949
2026-08-26 16:20:00;739887,44;46,41179
2026-08-26 16:25:00;739891,64;55,02304
2026-08-26 16:30:00;739896,2;66,30907
2026-08-26 16:35:00;739900,29;54,30002
2026-08-26 16:40:00;739904,98;46,44455
2026-08-26 16:45:00;739909,32;47,5403
2026-08-26 16:50:00;739913,76;54,19312
2026-08-26 16:55:00;739917,86;62,60807
2026-08-26 17:00:00;739922,13;61,48235
2026-08-26 17:05:00;739926,94;48,66843
2026-08-26 17:10:00;739931,22;28,33313
2026-08-26 17:15:00;739935,67;60,32045
2026-08-26 17:20:00;739939,73;64,04878
2026-08-26 17:25:00;739944,31;51,79716
2026-08-26 17:30:00;739948,74;45,20836
2026-08-26 17:35:00;739953,14;61,67393
2026-08-26 17:45:00;739961,81;37,74182
2026-08-26 17:50:00;739966,48;45,8872
2026-08-26 17:55:00;739970,8;60,70614
2026-08-26 18:05:00;739979,44;45,66156
2026-08-26 18:15:00;739987,91;61,70442
2026-08-26 18:20:00;739991,88;44,25091
2026-08-26 18:25:00;739996,26;42,5568
2026-08-26 18:30:00;740000,18;28,36303
2026-08-26 18:35:00;740004,26;60,08617
2026-08-26 18:40:00;740008,13;56,33565
2026-08-26 18:45:00;740012,57;43,60367
2026-08-26 18:50:00;740016,5;50,75461
2026-08-26 18:55:00;740020,4;60,0219
2026-08-26 19:00:00;740024,27;48,87812
2026-08-26 19:05:00;740027,86;27,59598
2026-08-26 19:10:00;740031,86;38,27139
2026-08-26 19:15:00;740035,41;28,34544
2026-08-26 19:20:00;740039,28;54,58224
2026-08-26 19:30:00;740046,53;55,86245
2026-08-26 19:35:00;740049,98;44,50067
2026-08-26 19:45:00;740057,6;37,65096
2026-08-26 19:50:00;740061,4;42,56234
2026-08-26 19:55:00;740063,92;35,92577
2026-08-26 20:05:00;740068,38;37,41657
2026-08-26 20:15:00;740070,06;10,30218
2026-08-26 20:20:00;740070,89;9,94012
2026-08-26 20:25:00;740071,72;10,00033
2026-08-26 20:30:00;740072,6;10,58882
2026-08-26 20:35:00;740073,45;10,02246
2026-08-26 20:40:00;740074,3;10,2561
2026-08-26 20:45:00;740075,18;10,7866
2026-08-26 20:50:00;740076,08;10,6846
2026-08-26 20:55:00;740076,96;10,49521
2026-08-26 21:00:00;740077,84;10,70177
2026-08-26 21:05:00;740078,74;10,78321
2026-08-26 21:10:00;740079,61;10,32995
2026-08-26 21:15:00;740080,47;10,32744
2026-08-26 21:20:00;740081,37;10,83464
2026-08-26 21:25:00;740082,19;9,36407
2026-08-26 21:30:00;740082,99;9,48002
2026-08-26 21:35:00;740083,79;9,97305
2026-08-26 21:40:00;740084,61;9,87261
2026-08-26 21:45:00;740085,4;9,40045
2026-08-26 21:50:00;740086,19;9,5303
2026-08-26 21:55:00;740086,94;8,14519
2026-08-26 22:00:00;740087,37;4,52727
2026-08-26 22:05:00;740087,76;4,68475
2026-08-26 22:10:00;740088,15;5,00951
2026-08-26 22:15:00;740088,57;5,10472
2026-08-26 22:20:00;740088,96;4,67425
2026-08-26 22:25:00;740089,35;4,73572
2026-08-26 22:30:00;740089,77;5,0054
2026-08-26 22:35:00;740090,18;4,76912
2026-08-26 22:40:00;740090,56;4,65998
2026-08-26 22:45:00;740090,97;5,04551
2026-08-26 22:50:00;740091,39;5,01855
2026-08-26 22:55:00;740091,77;4,52951
2026-08-26 23:00:00;740092,16;4,561
2026-08-26 23:05:00;740092,57;4,94164
2026-08-26 23:10:00;740092,96;4,54331
2026-08-26 23:15:00;740093,34;4,49646
2026-08-26 23:20:00;740093,73;4,97476
2026-08-26 23:25:00;740094,13;4,77969
2026-08-26 23:35:00;740094,9;4,62254
2026-08-26 23:40:00;740095,27;4,5863
2026-08-26 23:45:00;740095,66;4,56821
2026-08-26 23:50:00;740096,05;4,7594
2026-08-26 23:55:00;740096,47;4,93525
2026-08-27 00:05:00;740097,26;4,45439
2026-08-27 00:10:00;740097,64;4,52161
2026-08-27 00:15:00;740098,04;4,90726
2026-08-27 00:20:00;740098,44;4,4516
2026-08-27 00:25:00;740098,82;4,54939
2026-08-27 00:35:00;740099,64;4,95506
2026-08-27 00:40:00;740100,03;4,57761
2026-08-27 00:45:00;740100,41;4,59397
2026-08-27 00:50:00;740100,82;4,9357
2026-08-27 00:55:00;740101,22;4,56482
2026-08-27 01:00:00;740101,6;4,62343
2026-08-27 01:05:00;740101,99;4,88123
2026-08-27 01:10:00;740102,4;4,9239
2026-08-27 01:15:00;740102,78;4,58103
2026-08-27 01:20:00;740103,16;4,62697
2026-08-27 01:25:00;740103,58;4,93629
2026-08-27 01:30:00;740103,97;4,56068
2026-08-27 01:35:00;740104,35;4,52309
2026-08-27 01:40:00;740104,75;5,03082
2026-08-27 01:45:00;740105,16;4,85232
2026-08-27 01:50:00;740105,54;4,56342
2026-08-27 01:55:00;740105,94;4,78268
2026-08-27 02:05:00;740106,74;4,55559
2026-08-27 02:10:00;740107,11;4,57763
2026-08-27 02:15:00;740107,51;4,83494
2026-08-27 02:20:00;740107,91;4,63041
2026-08-27 02:25:00;740108,29;4,58934
2026-08-27 02:30:00;740108,69;4,88111
2026-08-27 02:35:00;740109,11;5,03597
2026-08-27 02:40:00;740109,5;4,75954
2026-08-27 02:45:00;740109,89;4,64648
2026-08-27 02:50:00;740110,31;5,04567
2026-08-27 02:55:00;740110,72;4,6847
2026-08-27 03:00:00;740111,11;4,70668
2026-08-27 03:05:00;740111,52;5,04113
2026-08-27 03:10:00;740111,94;4,98018
2026-08-27 03:15:00;740112,33;4,58836
2026-08-27 03:20:00;740112,71;4,61774
2026-08-27 03:25:00;740113,13;4,99712
2026-08-27 03:30:00;740113,54;4,6757
2026-08-27 03:35:00;740113,93;4,68493
2026-08-27 03:40:00;740114,34;5,17722
2026-08-27 03:45:00;740114,76;5,08408
2026-08-27 03:50:00;740115,16;4,71934
2026-08-27 03:55:00;740115,55;4,65815
2026-08-27 04:00:00;740115,97;5,10367
2026-08-27 04:05:00;740116,38;4,63234
2026-08-27 04:10:00;740116,76;4,59222
2026-08-27 04:15:00;740117,17;5,08386
2026-08-27 04:20:00;740117,59;5,10486
2026-08-27 04:25:00;740117,98;4,60609
2026-08-27 04:30:00;740118,36;4,5519
2026-08-27 04:35:00;740118,78;5,05636
2026-08-27 04:40:00;740119,18;4,64492
2026-08-27 04:45:00;740119,58;4,69468
2026-08-27 04:50:00;740119,98;5,05272
2026-08-27 04:55:00;740120,41;5,1733
2026-08-27 05:00:00;740120,8;4,74407
2026-08-27 05:05:00;740121,2;4,67197
2026-08-27 05:10:00;740121,62;5,03837
2026-08-27 05:15:00;740122,02;4,75368
2026-08-27 05:20:00;740122,4;4,57367
2026-08-27 05:25:00;740122,81;5,05043
2026-08-27 05:30:00;740123,2;4,68685
2026-08-27 05:35:00;740123,59;4,62283
2026-08-27 05:40:00;740123,97;4,61206
2026-08-27 05:45:00;740124,37;4,73521
2026-08-27 05:50:00;740124,77;4,81679
2026-08-27 05:55:00;740125,19;5,16641
2026-08-27 06:00:00;740128,36;73,70563
2026-08-27 06:05:00;740131,74;58,29264
2026-08-27 06:10:00;740135,7;51,90276
2026-08-27 06:15:00;740139,03;65,02423
2026-08-27 06:20:00;740142,44;50,48978
2026-08-27 06:25:00;740144,62;23,6667
2026-08-27 06:30:00;740147,6;33,64212
2026-08-27 06:35:00;740149,59;16,70045
2026-08-27 06:40:00;740152,67;33,52234
2026-08-27 06:45:00;740155,1;16,02283
2026-08-27 06:50:00;740157,89;34,0336
2026-08-27 06:55:00;740160,68;25,46637
2026-08-27 07:00:00;740163,33;37,09346
2026-08-27 07:05:00;740166,49;41,58272
2026-08-27 07:10:00;740168,72;50,59652
2026-08-27 07:15:00;740171,92;52,86546
2026-08-27 07:20:00;740174,96;36,69114
2026-08-27 07:25:00;740178,3;37,58631
2026-08-27 07:30:00;740181,53;36,83744
2026-08-27 07:35:00;740184,34;18,72595
2026-08-27 07:40:00;740187,75;36,11048
2026-08-27 07:45:00;740190,68;19,08163
2026-08-27 07:50:00;740193,77;35,1665
2026-08-27 07:55:00;740196,59;17,90886
2026-08-27 08:00:00;740199,88;44,06159
2026-08-27 08:05:00;740202,96;55,23943
2026-08-27 08:10:00;740206,25;35,57651
2026-08-27 08:15:00;740209,22;37,46647
2026-08-27 08:20:00;740212,53;37,51445
2026-08-27 08:25:00;740215,73;37,28077
2026-08-27 08:30:00;740219,23;28,81866
2026-08-27 08:35:00;740222,49;35,33105
2026-08-27 08:40:00;740224,61;18,26399
2026-08-27 08:45:00;740228,04;39,66066
2026-08-27 08:50:00;740230,67;19,04651
2026-08-27 08:55:00;740233,8;35,78643
2026-08-27 09:00:00;740236,6;19,48971
2026-08-27 09:05:00;740239,81;37,40459
2026-08-27 09:10:00;740243,31;23,94273
2026-08-27 09:15:00;740246,83;56,85874
2026-08-27 09:20:00;740250,25;38,9231
2026-08-27 09:25:00;740253,78;39,09048
2026-08-27 09:30:00;740258,16;74,87518
2026-08-27 09:35:00;740262,49;38,54483
2026-08-27 09:40:00;740267,41;52,58733
2026-08-27 09:45:00;740271,76;39,15859
2026-08-27 09:50:00;740275,97;64,43368
2026-08-27 09:55:00;740279,85;55,68777
2026-08-27 10:05:00;740287,96;47,26702
2026-08-27 10:10:00;740292,47;47,26805
2026-08-27 10:15:00;740295,76;61,84687
2026-08-27 10:20:00;740299,9;46,07876
2026-08-27 10:25:00;740303,85;45,79172
2026-08-27 10:30:00;740307,78;45,67367
2026-08-27 10:35:00;740311,94;45,32373
2026-08-27 10:40:00;740315,86;33,04548
2026-08-27 10:45:00;740319,96;47,37825
2026-08-27 10:50:00;740323,65;32,2092
2026-08-27 10:55:00;740328,32;65,7605
2026-08-27 11:05:00;740335,42;43,91126
2026-08-27 11:10:00;740339,13;38,98757
2026-08-27 11:15:00;740343,8;60,54233
2026-08-27 11:20:00;740347,75;44,71262
2026-08-27 11:25:00;740351,74;44,83966
2026-08-27 11:30:00;740355,31;63,35026
2026-08-27 11:35:00;740359,28;43,22971
2026-08-27 11:40:00;740363,01;43,95262
2026-08-27 11:45:00;740366,83;40,44598
2026-08-27 11:50:00;740370,97;60,83499
2026-08-27 11:55:00;740374,56;27,13668
2026-08-27 12:05:00;740382,36;53,2313
2026-08-27 12:10:00;740386,3;61,86943
2026-08-27 12:15:00;740389,94;49,72169
2026-08-27 12:20:00;740393,89;43,20386
2026-08-27 12:25:00;740397,27;41,53574
2026-08-27 12:30:00;740401,02;41,91179
2026-08-27 12:35:00;740404,63;41,37317
2026-08-27 12:40:00;740408,07;25,49044
2026-08-27 12:45:00;740412,2;52,18796
2026-08-27 12:50:00;740415,55;26,55471
2026-08-27 12:55:00;740419,54;55,19684
2026-08-27 13:00:00;740423,44;44,97791
2026-08-27 13:05:00;740427,27;43,45367
2026-08-27 13:15:00;740435,04;30,59505
2026-08-27 13:20:00;740438,32;42,61992
2026-08-27 13:25:00;740441,97;34,87399
2026-08-27 13:30:00;740445,9;42,47093
2026-08-27 13:35:00;740449,66;51,24643
2026-08-27 13:45:00;740456,89;56,19877
2026-08-27 13:50:00;740460,71;42,81879
2026-08-27 14:00:00;740467,47;41,69065
2026-08-27 14:05:00;740471,08;29,0911
2026-08-27 14:10:00;740475,07;48,97092
2026-08-27 14:15:00;740478,14;42,11048
2026-08-27 14:20:00;740481,71;44,06236
2026-08-27 14:25:00;740484,18;22,26119
2026-08-27 14:30:00;740487,28;33,95632
2026-08-27 14:35:00;740489,63;18,06229
2026-08-27 14:40:00;740492,96;35,11417
2026-08-27 14:45:00;740495,38;18,19435
2026-08-27 14:50:00;740498,64;34,24337
2026-08-27 14:55:00;740501,18;18,76815
2026-08-27 15:00:00;740504,35;34,20052
2026-08-27 15:05:00;740506,97;18,27967
2026-08-27 15:10:00;740510,05;36,61937
2026-08-27 15:15:00;740512,83;17,51827
2026-08-27 15:20:00;740515,78;35,76455
2026-08-27 15:25:00;740518,69;19,16975
2026-08-27 15:30:00;740521,71;37,81538
2026-08-27 15:35:00;740524,79;21,84077
2026-08-27 15:40:00;740527,82;35,84249
2026-08-27 15:45:00;740531,32;43,59439
2026-08-27 15:50:00;740534,65;54,02689
2026-08-27 15:55:00;740537,75;36,53162
2026-08-27 16:05:00;740544,19;36,26921
2026-08-27 16:10:00;740547,07;17,9631
2026-08-27 16:15:00;740550,28;36,11759
2026-08-27 16:20:00;740552,97;17,8098
2026-08-27 16:25:00;740556,21;35,77534
2026-08-27 16:30:00;740559,38;47,00588
2026-08-27 16:35:00;740562,77;52,97215
2026-08-27 16:40:00;740565,52;51,14975
2026-08-27 16:45:00;740568,84;54,06125
2026-08-27 16:50:00;740571,74;37,31395
2026-08-27 16:55:00;740575,08;36,69101
2026-08-27 17:00:00;740578,28;35,44083
2026-08-27 17:05:00;740581,18;19,48063
2026-08-27 17:10:00;740584,77;52,68483
2026-08-27 17:15:00;740588,03;36,32643
2026-08-27 17:20:00;740591,28;35,42814
2026-08-27 17:25:00;740594,34;35,62479
2026-08-27 17:30:00;740597,85;52,18261
2026-08-27 17:35:00;740601,16;35,96129
2026-08-27 17:40:00;740604,32;35,25965
2026-08-27 17:45:00;740607,34;27,1673
2026-08-27 17:50:00;740610,82;52,24135
2026-08-27 17:55:00;740613,66;50,82727
2026-08-27 18:05:00;740618,97;43,74906
2026-08-27 18:10:00;740621,94;40,69299
2026-08-27 18:15:00;740624,33;32,24388
2026-08-27 18:20:00;740627,27;31,32593
2026-08-27 18:25:00;740630,32;46,05051
2026-08-27 18:30:00;740633,24;33,42365
2026-08-27 18:35:00;740636,06;29,72667
2026-08-27 18:40:00;740638,68;32,12488
2026-08-27 18:45:00;740641,77;41,06335
2026-08-27 18:50:00;740644,57;31,32232
2026-08-27 18:55:00;740647,22;29,00415
2026-08-27 19:00:00;740649,94;27,65416
2026-08-27 19:05:00;740652,92;40,48464
2026-08-27 19:10:00;740655,19;42,32931
2026-08-27 19:15:00;740657,91;29,38652
2026-08-27 19:20:00;740660,6;29,15348
2026-08-27 19:25:00;740663,54;33,85821
2026-08-27 19:30:00;740666,44;49,02991
2026-08-27 19:35:00;740668,88;49,66564
2026-08-27 19:40:00;740671,86;50,0919
2026-08-27 19:45:00;740674,13;50,26452
2026-08-27 19:50:00;740677,12;51,0854
2026-08-27 19:55:00;740679,58;51,55649
2026-08-27 20:00:00;740682,64;46,61208
2026-08-27 20:05:00;740685,06;42,76706
2026-08-27 20:10:00;740688,15;37,25484
2026-08-27 20:15:00;740690,63;35,79438
2026-08-27 20:20:00;740693,69;32,98353
2026-08-27 20:25:00;740696,63;33,4542
2026-08-27 20:30:00;740699,7;26,7355
2026-08-27 20:35:00;740702,89;39,01456
2026-08-27 20:40:00;740705,94;33,53952
2026-08-27 20:45:00;740708,98;31,80664
2026-08-27 20:50:00;740711,97;32,97899
2026-08-27 20:55:00;740714,44;16,14762
2026-08-27 21:00:00;740717,54;33,50596
2026-08-27 21:05:00;740719,94;15,9184
2026-08-27 21:10:00;740723,33;50,4961
2026-08-27 21:15:00;740726,34;34,29232
2026-08-27 21:20:00;740729,41;33,06577
2026-08-27 21:25:00;740732,08;33,18099
2026-08-27 21:30:00;740735;25,90341
2026-08-27 21:35:00;740737,39;29,48872
2026-08-27 21:40:00;740739,51;10,72063
2026-08-27 21:45:00;740740,44;11,76954
2026-08-27 21:50:00;740741,43;11,8733
2026-08-27 21:55:00;740742,38;11,17374
2026-08-27 22:00:00;740742,8;4,56444
2026-08-27 22:05:00;740743,22;5,03494
2026-08-27 22:10:00;740743,62;4,64181
2026-08-27 22:15:00;740744,01;4,59636
2026-08-27 22:20:00;740744,41;4,91826
2026-08-27 22:25:00;740744,81;4,51853
2026-08-27 22:30:00;740745,19;4,5618
2026-08-27 22:35:00;740745,58;4,92616
2026-08-27 22:40:00;740746;4,97405
2026-08-27 22:45:00;740746,38;4,62557
2026-08-27 22:50:00;740746,77;4,82027
2026-08-27 22:55:00;740747,19;4,99268
2026-08-27 23:00:00;740747,58;4,62314
2026-08-27 23:05:00;740747,97;4,69392
2026-08-27 23:10:00;740748,38;4,95603
2026-08-27 23:15:00;740748,79;4,65724
2026-08-27 23:20:00;740749,18;4,67332
2026-08-27 23:25:00;740749,59;5,06839
2026-08-27 23:30:00;740749,99;4,69828
2026-08-27 23:35:00;740750,38;4,59663
2026-08-27 23:40:00;740750,77;4,68312
2026-08-27 23:45:00;740751,15;4,59915
2026-08-27 23:50:00;740751,54;5,02511
2026-08-27 23:55:00;740751,96;5,05653
2026-08-28 00:00:00;740752,39;5,14316
2026-08-28 00:05:00;740752,79;4,73592
2026-08-28 00:10:00;740753,18;4,73881
2026-08-28 00:15:00;740753,61;5,1125
2026-08-28 00:20:00;740754,01;4,63021
2026-08-28 00:25:00;740754,4;4,54954
2026-08-28 00:30:00;740754,81;5,12543
2026-08-28 00:35:00;740755,22;4,61927
2026-08-28 00:40:00;740755,6;4,67114
2026-08-28 00:45:00;740756;5,02966
2026-08-28 00:50:00;740756,43;5,12397
2026-08-28 00:55:00;740756,82;4,74709
2026-08-28 01:00:00;740757,22;5,079
2026-08-28 01:05:00;740757,65;5,11553
2026-08-28 01:10:00;740758,05;4,82275
2026-08-28 01:15:00;740758,45;4,75412
2026-08-28 01:20:00;740758,87;5,08476
2026-08-28 01:25:00;740759,28;4,66763
2026-08-28 01:30:00;740759,68;4,87073
2026-08-28 01:35:00;740760,09;5,13087
2026-08-28 01:40:00;740760,51;4,74519
2026-08-28 01:45:00;740760,9;4,61154
2026-08-28 01:50:00;740761,3;5,15228
2026-08-28 01:55:00;740761,72;5,14821
2026-08-28 02:00:00;740762,12;4,76086
2026-08-28 02:05:00;740762,52;4,77178
2026-08-28 02:10:00;740762,95;5,24131
2026-08-28 02:15:00;740763,37;4,73341
2026-08-28 02:20:00;740763,76;4,71482
2026-08-28 02:25:00;740764,18;5,06482
2026-08-28 02:30:00;740764,59;4,79116
2026-08-28 02:35:00;740764,98;4,61912
2026-08-28 02:40:00;740765,39;5,07981
2026-08-28 02:45:00;740765,81;4,9577
2026-08-28 02:50:00;740766,2;4,78096
2026-08-28 02:55:00;740766,61;5,24496
2026-08-28 03:00:00;740767,04;5,08235
2026-08-28 03:05:00;740767,43;4,67703
2026-08-28 03:10:00;740767,82;4,71646
2026-08-28 03:15:00;740768,24;4,9533
2026-08-28 03:20:00;740768,64;4,66748
2026-08-28 03:25:00;740769,02;4,62521
2026-08-28 03:30:00;740769,43;5,03407
2026-08-28 03:35:00;740769,83;4,45565
2026-08-28 03:40:00;740770,21;4,42002
2026-08-28 03:45:00;740770,6;4,94919
2026-08-28 03:50:00;740771;4,76358
2026-08-28 03:55:00;740771,38;4,55213
2026-08-28 04:00:00;740771,76;4,90785
2026-08-28 04:05:00;740772,19;5,14037
2026-08-28 04:10:00;740772,6;4,75027
2026-08-28 04:15:00;740772,99;4,6762
2026-08-28 04:20:00;740773,41;5,08232
2026-08-28 04:25:00;740773,82;4,60912
2026-08-28 04:30:00;740774,2;4,55992
2026-08-28 04:35:00;740774,6;5,02787
2026-08-28 04:40:00;740775,01;4,6145
2026-08-28 04:45:00;740775,39;4,51263
2026-08-28 04:50:00;740775,78;4,92406
2026-08-28 04:55:00;740776,19;4,91427
2026-08-28 05:00:00;740776,58;4,57809
2026-08-28 05:05:00;740776,96;4,48013
2026-08-28 05:10:00;740777,37;4,96482
2026-08-28 05:15:00;740777,76;4,55973
2026-08-28 05:20:00;740778,14;4,50459
2026-08-28 05:25:00;740778,54;4,90072
2026-08-28 05:30:00;740778,95;4,70971
2026-08-28 05:35:00;740779,34;4,75485
2026-08-28 05:40:00;740779,73;4,68004
2026-08-28 05:45:00;740780,11;4,56291
2026-08-28 05:50:00;740780,51;5,00683
2026-08-28 05:55:00;740780,93;5,01804
2026-08-28 06:05:00;740786,91;61,50014
2026-08-28 06:10:00;740791,01;60,28074
2026-08-28 06:15:00;740794,48;62,75227
2026-08-28 06:20:00;740797,79;50,9149
2026-08-28 06:25:00;740800;44,34822
2026-08-28 06:30:00;740802,95;40,22525
2026-08-28 06:35:00;740805,66;52,93441
2026-08-28 06:40:00;740808,77;33,50389
2026-08-28 06:45:00;740811,38;16,84777
2026-08-28 06:50:00;740814,67;52,74845
2026-08-28 06:55:00;740817,94;35,96703
2026-08-28 07:00:00;740821,62;37,15361
2026-08-28 07:05:00;740824,43;56,68667
2026-08-28 07:10:00;740827,86;37,27821
2026-08-28 07:15:00;740831,13;37,29985
2026-08-28 07:20:00;740834,22;30,92994
2026-08-28 07:25:00;740837,73;39,32248
2026-08-28 07:30:00;740840,83;19,56848
2026-08-28 07:35:00;740844,32;36,57852
2026-08-28 07:40:00;740847,51;55,38038
2026-08-28 07:45:00;740850,88;36,97133
2026-08-28 07:50:00;740853,66;18,59997
2026-08-28 07:55:00;740856,96;47,25577
2026-08-28 08:05:00;740863,22;46,93671
2026-08-28 08:10:00;740866,28;38,33343
2026-08-28 08:15:00;740869,61;37,25058
2026-08-28 08:20:00;740872,73;37,83869
2026-08-28 08:25:00;740875,82;31,87805
2026-08-28 08:30:00;740879,47;52,164
2026-08-28 08:35:00;740882,79;42,191
2026-08-28 08:40:00;740886,21;37,90182
2026-08-28 08:45:00;740889,9;38,98478
2026-08-28 08:50:00;740893,25;45,72988
2026-08-28 08:55:00;740896,64;36,73886
2026-08-28 09:00:00;740899,16;19,9711
2026-08-28 09:05:00;740902,84;37,29133
2026-08-28 09:10:00;740905,84;33,42903
2026-08-28 09:15:00;740908,88;36,2884
2026-08-28 09:20:00;740912,36;29,61851
2026-08-28 09:25:00;740915,75;55,27992
2026-08-28 09:30:00;740918,46;19,53556
2026-08-28 09:35:00;740921,61;36,64383
2026-08-28 09:40:00;740925,11;24,53284
2026-08-28 09:45:00;740928,47;54,96429
2026-08-28 09:50:00;740931,58;41,71641
2026-08-28 09:55:00;740934,94;37,83814
2026-08-28 10:05:00;740941,23;39,34105
2026-08-28 10:10:00;740944,96;38,44722
2026-08-28 10:15:00;740948,11;39,57808
2026-08-28 10:20:00;740951,25;39,16326
2026-08-28 10:25:00;740954,7;38,92181
2026-08-28 10:30:00;740958,45;55,62655
2026-08-28 10:35:00;740961,89;45,42516
2026-08-28 10:40:00;740965,43;39,09295
2026-08-28 10:45:00;740968,59;45,40259
2026-08-28 10:50:00;740972,12;39,09568
2026-08-28 10:55:00;740975,27;22,27512
2026-08-28 11:00:00;740978,87;38,62941
2026-08-28 11:05:00;740982,23;59,08074
2026-08-28 11:10:00;740985,82;39,41836
2026-08-28 11:15:00;740988,8;21,59692
2026-08-28 11:20:00;740992,37;38,83184
2026-08-28 11:25:00;740995,46;37,34911
2026-08-28 11:30:00;740999,03;56,9055
2026-08-28 11:35:00;741002,3;41,31058
2026-08-28 11:40:00;741006,13;39,85219
2026-08-28 11:45:00;741009,12;57,73913
2026-08-28 11:50:00;741012,73;39,53484
2026-08-28 11:55:00;741015,96;25,48452
2026-08-28 12:05:00;741023,16;40,74172
2026-08-28 12:10:00;741026,75;41,56783
2026-08-28 12:15:00;741030,26;40,31761
2026-08-28 12:20:00;741033,5;27,58978
2026-08-28 12:25:00;741037,46;40,69041
2026-08-28 12:30:00;741040,77;25,65881
2026-08-28 12:35:00;741044,42;55,16142
2026-08-28 12:40:00;741047,71;61,11817
2026-08-28 12:45:00;741051,39;40,5011
2026-08-28 12:50:00;741054,69;26,15433
2026-08-28 12:55:00;741058,45;46,84472
2026-08-28 13:00:00;741061,4;23,15339
2026-08-28 13:05:00;741064,97;42,12079
2026-08-28 13:10:00;741068,77;29,90793
2026-08-28 13:15:00;741072,43;44,44839
2026-08-28 13:25:00;741079,32;46,95775
2026-08-28 13:30:00;741082,6;31,32465
2026-08-28 13:35:00;741086,19;40,35752
2026-08-28 13:40:00;741089,81;57,82236
2026-08-28 13:45:00;741092,96;40,987
2026-08-28 13:50:00;741096,61;39,97988
2026-08-28 13:55:00;741100,55;40,9884
2026-08-28 14:05:00;741107,57;58,63379
2026-08-28 14:10:00;741110,87;59,76823
2026-08-28 14:15:00;741114,54;42,21585
2026-08-28 14:20:00;741117,81;41,4928
2026-08-28 14:25:00;741121,38;41,79804
2026-08-28 14:30:00;741124,33;35,50202
2026-08-28 14:35:00;741127,4;31,72508
2026-08-28 14:40:00;741130,68;37,12173
2026-08-28 14:45:00;741133,74;21,61292
2026-08-28 14:50:00;741137,62;39,75365
2026-08-28 14:55:00;741140,62;23,74573
2026-08-28 15:00:00;741144,01;53,26396
2026-08-28 15:05:00;741146,86;53,63607
2026-08-28 15:10:00;741150,24;45,66871
2026-08-28 15:15:00;741153,15;38,54704
2026-08-28 15:20:00;741156,62;37,83462
2026-08-28 15:25:00;741159,66;37,80138
2026-08-28 15:30:00;741163,01;38,45603
2026-08-28 15:35:00;741166,23;37,73632
2026-08-28 15:40:00;741169,29;27,49588
2026-08-28 15:45:00;741172,78;37,94887
2026-08-28 15:50:00;741176,05;21,61817
2026-08-28 15:55:00;741179,54;37,79836
2026-08-28 16:05:00;741186,31;36,89244
2026-08-28 16:10:00;741189,7;38,85898
2026-08-28 16:15:00;741192,84;27,4034
2026-08-28 16:20:00;741196,51;38,59667
2026-08-28 16:30:00;741203,74;39,57683
2026-08-28 16:35:00;741207,57;38,49931
2026-08-28 16:40:00;741210,97;57,05152
2026-08-28 16:45:00;741213,71;51,03518
2026-08-28 16:50:00;741217,2;38,0426
2026-08-28 16:55:00;741220,45;38,99507
2026-08-28 17:00:00;741224,15;53,45881
2026-08-28 17:05:00;741226,86;41,57193
2026-08-28 17:10:00;741230,24;37,40622
2026-08-28 17:15:00;741233,52;37,33378
2026-08-28 17:20:00;741236,95;54,57918
2026-08-28 17:25:00;741239,62;41,35693
2026-08-28 17:30:00;741242,95;37,1439
2026-08-28 17:35:00;741245,78;37,28132
2026-08-28 17:45:00;741251,89;33,53005
2026-08-28 17:50:00;741255,02;20,96866
2026-08-28 18:00:00;741260,91;31,59467
2026-08-28 18:05:00;741263,97;30,52449
2026-08-28 18:15:00;741268,78;48,11143
2026-08-28 18:20:00;741271,67;30,43878
2026-08-28 18:30:00;741277,56;48,23172
2026-08-28 18:35:00;741280,2;33,19469
2026-08-28 18:40:00;741283,07;30,51355
2026-08-28 18:45:00;741286,08;30,60843
2026-08-28 18:50:00;741288,68;47,63655
2026-08-28 19:00:00;741293,49;29,51023
2026-08-28 19:05:00;741296,28;30,42772
2026-08-28 19:15:00;741302,02;34,54378
2026-08-28 19:20:00;741304,56;31,22941
2026-08-28 19:25:00;741307,58;30,15015
2026-08-28 19:30:00;741309,83;47,91924
2026-08-28 19:35:00;741312,65;44,11882
2026-08-28 19:40:00;741314,98;34,09821
2026-08-28 19:45:00;741317,77;30,29668
2026-08-28 19:50:00;741320,1;29,85137
2026-08-28 19:55:00;741322,73;30,04101
2026-08-28 20:05:00;741327,78;20,46424
2026-08-28 20:15:00;741334,26;50,64657
2026-08-28 20:20:00;741337,4;33,88744
2026-08-28 20:25:00;741339,99;16,95579
2026-08-28 20:30:00;741343,19;52,30512
2026-08-28 20:35:00;741345,7;16,73569
2026-08-28 20:45:00;741352,22;54,50558
2026-08-28 20:50:00;741355,36;34,27034
2026-08-28 20:55:00;741358,31;34,58615
2026-08-28 21:00:00;741361,23;32,60957
2026-08-28 21:05:00;741364,3;34,12688
2026-08-28 21:15:00;741370,47;33,83482
2026-08-28 21:20:00;741373,11;39,93993
2026-08-28 21:30:00;741379,33;33,66195
2026-08-28 21:35:00;741381,98;24,36853
2026-08-28 21:45:00;741383,86;11,63186
2026-08-28 21:50:00;741384,85;11,81719
2026-08-28 21:55:00;741385,82;11,58847
2026-08-28 22:05:00;741386,8;5,01047
2026-08-28 22:15:00;741387,61;5,19901
2026-08-28 22:20:00;741388,04;5,044
2026-08-28 22:30:00;741388,82;4,6633
2026-08-28 22:35:00;741389,24;5,04824
2026-08-28 22:40:00;741389,63;4,47919
2026-08-28 22:45:00;741390;4,49068
2026-08-28 22:50:00;741390,42;4,99249
2026-08-28 23:00:00;741391,2;4,62764
2026-08-28 23:05:00;741391,61;5,02799
2026-08-28 23:15:00;741392,42;4,69242
2026-08-28 23:20:00;741392,83;5,0883
2026-08-28 23:30:00;741393,66;4,79301
2026-08-28 23:35:00;741394,06;4,80176
2026-08-28 23:45:00;741394,85;4,73452
2026-08-28 23:50:00;741395,24;4,66601
2026-08-28 23:55:00;741395,67;5,09971
2026-08-29 00:05:00;741396,53;5,27532
2026-08-29 00:15:00;741397,36;5,05155
2026-08-29 00:20:00;741397,8;5,1882
2026-08-29 00:30:00;741398,61;4,67937
2026-08-29 00:35:00;741399,04;5,12486
2026-08-29 00:40:00;741399,44;4,62936
2026-08-29 00:45:00;741399,84;4,81396
2026-08-29 00:50:00;741400,25;5,09971
2026-08-29 00:55:00;741400,67;5,11398
2026-08-29 01:00:00;741401,07;4,80447
2026-08-29 01:05:00;741401,48;5,1085
2026-08-29 01:15:00;741402,32;4,74805
2026-08-29 01:20:00;741402,71;4,75383
2026-08-29 01:30:00;741403,54;4,61022
2026-08-29 01:35:00;741403,93;4,67262
2026-08-29 01:40:00;741404,34;5,10231
2026-08-29 01:45:00;741404,9;6,84283
2026-08-29 01:50:00;741405,43;6,58629
2026-08-29 01:55:00;741405,84;5,07316
2026-08-29 02:05:00;741406,65;4,70574
2026-08-29 02:10:00;741407,05;4,9167
2026-08-29 02:15:00;741407,48;5,11184
2026-08-29 02:20:00;741407,88;4,67445
2026-08-29 02:25:00;741408,28;4,75756
2026-08-29 02:30:00;741408,71;5,17018
2026-08-29 02:35:00;741409,12;4,8581
2026-08-29 02:40:00;741409,51;4,64745
2026-08-29 02:45:00;741409,93;5,11154
2026-08-29 02:50:00;741410,35;5,01866
2026-08-29 02:55:00;741410,74;4,73391
2026-08-29 03:00:00;741411,15;5,01862
2026-08-29 03:05:00;741411,57;5,08276
2026-08-29 03:10:00;741411,97;4,86998
2026-08-29 03:15:00;741412,37;4,73574
2026-08-29 03:20:00;741412,8;5,04365
2026-08-29 03:25:00;741413,21;4,65878
2026-08-29 03:30:00;741413,6;4,78163
2026-08-29 03:35:00;741414,03;5,18945
2026-08-29 03:40:00;741414,44;4,65478
2026-08-29 03:45:00;741414,84;4,73877
2026-08-29 03:50:00;741415,25;5,17789
2026-08-29 03:55:00;741415,67;5,1141
2026-08-29 04:05:00;741416,45;4,69555
2026-08-29 04:10:00;741416,87;5,03521
2026-08-29 04:15:00;741417,26;4,66378
2026-08-29 04:20:00;741417,65;4,69303
2026-08-29 04:25:00;741418,08;5,09881
2026-08-29 04:30:00;741418,49;4,78174
2026-08-29 04:35:00;741418,89;4,80987
2026-08-29 04:40:00;741419,3;5,0551
2026-08-29 04:45:00;741419,72;4,83087
2026-08-29 04:50:00;741420,1;4,59778
2026-08-29 04:55:00;741420,5;5,05066
2026-08-29 05:00:00;741420,91;4,91554
2026-08-29 05:05:00;741421,29;4,53974
2026-08-29 05:10:00;741421,68;4,65829
2026-08-29 05:15:00;741422,11;5,13051
2026-08-29 05:20:00;741422,52;4,77745
2026-08-29 05:25:00;741422,91;4,66243
2026-08-29 05:30:00;741423,32;4,72836
2026-08-29 05:35:00;741423,71;4,70277
2026-08-29 05:40:00;741424,1;4,5615
2026-08-29 05:45:00;741424,48;4,6359
2026-08-29 05:50:00;741424,86;4,58274
2026-08-29 05:55:00;741425,28;5,06948
2026-08-29 06:05:00;741426,12;5,11016
2026-08-29 06:10:00;741426,51;4,67837
2026-08-29 06:15:00;741426,91;5,18045
2026-08-29 06:20:00;741427,34;5,1105
2026-08-29 06:25:00;741427,74;4,74036
2026-08-29 06:30:00;741428,14;4,76684
2026-08-29 06:35:00;741428,56;5,08203
2026-08-29 06:40:00;741428,97;4,72544
2026-08-29 06:45:00;741429,36;4,65364
2026-08-29 06:50:00;741429,76;4,93829
2026-08-29 06:55:00;741430,12;3,24389
2026-08-29 07:00:00;741430,39;3,25492
2026-08-29 07:05:00;741430,69;3,79478
2026-08-29 07:10:00;741430,99;3,67153
2026-08-29 07:15:00;741431,27;3,25918
2026-08-29 07:20:00;741431,56;3,47722
2026-08-29 07:25:00;741431,88;3,75728
2026-08-29 07:30:00;741432,16;3,38618
2026-08-29 07:35:00;741432,44;3,30442
2026-08-29 07:40:00;741432,75;3,7591
2026-08-29 07:45:00;741433,03;3,19449
2026-08-29 07:50:00;741433,31;3,25246
2026-08-29 07:55:00;741433,6;3,64232
2026-08-29 08:05:00;741434,17;3,2903
2026-08-29 08:10:00;741434,45;3,56719
2026-08-29 08:15:00;741434,76;3,59464
2026-08-29 08:20:00;741435,03;3,1747
2026-08-29 08:25:00;741435,3;3,17157
2026-08-29 08:30:00;741435,6;3,61636
2026-08-29 08:35:00;741435,88;3,18202
2026-08-29 08:40:00;741436,16;3,36435
2026-08-29 08:45:00;741436,45;3,52671
2026-08-29 08:50:00;741436,73;3,10665
2026-08-29 08:55:00;741436,99;3,04447
2026-08-29 09:00:00;741437,26;3,47353
2026-08-29 09:05:00;741437,54;3,32263
2026-08-29 09:10:00;741437,79;2,95045
2026-08-29 09:15:00;741438,05;3,10654
2026-08-29 09:20:00;741438,35;4,18864
2026-08-29 09:25:00;741438,68;3,81855
2026-08-29 09:30:00;741438,98;3,36891
2026-08-29 09:35:00;741439,28;3,57084
2026-08-29 09:40:00;741439,55;3,08391
2026-08-29 09:45:00;741439,81;3,02194
2026-08-29 09:50:00;741440,13;4,34919
2026-08-29 09:55:00;741440,57;5,05664
2026-08-29 10:05:00;741441,16;3,54487
2026-08-29 10:10:00;741441,45;3,4478
2026-08-29 10:15:00;741441,71;3,04395
2026-08-29 10:20:00;741441,99;3,46048
2026-08-29 10:25:00;741442,34;4,17134
2026-08-29 10:30:00;741442,65;3,53624
2026-08-29 10:35:00;741442,9;3,02158
2026-08-29 10:40:00;741443,18;3,42718
2026-08-29 10:45:00;741443,45;2,94444
2026-08-29 10:50:00;741443,7;2,92804
2026-08-29 10:55:00;741443,97;3,40515
2026-08-29 11:00:00;741444,24;3,33189
2026-08-29 11:05:00;741444,49;2,87879
2026-08-29 11:10:00;741444,74;3,23362
2026-08-29 11:15:00;741445,03;3,40511
2026-08-29 11:20:00;741445,29;3,17271
2026-08-29 11:25:00;741445,61;3,71678
2026-08-29 11:30:00;741445,95;3,78435
2026-08-29 11:35:00;741446,21;3,13319
2026-08-29 11:40:00;741446,47;3,12572
2026-08-29 11:45:00;741446,72;3,05628
2026-08-29 11:50:00;741446,97;2,96968
2026-08-29 11:55:00;741447,25;3,4178
2026-08-29 12:05:00;741447,81;3,17502
2026-08-29 12:10:00;741448,06;3,03461
2026-08-29 12:15:00;741448,33;3,46226
2026-08-29 12:20:00;741448,62;3,50461
2026-08-29 12:25:00;741448,95;3,85431
2026-08-29 12:30:00;741449,27;4,13736
2026-08-29 12:35:00;741449,57;3,41657
2026-08-29 12:40:00;741449,83;3,02584
2026-08-29 12:45:00;741450,09;3,10585
2026-08-29 12:50:00;741450,38;3,37635
2026-08-29 12:55:00;741450,65;3,13012
2026-08-29 13:00:00;741450,91;3,17294
2026-08-29 13:05:00;741451,21;3,62401
2026-08-29 13:10:00;741451,49;3,20468
2026-08-29 13:15:00;741451,76;3,18339
2026-08-29 13:20:00;741452,04;3,5615
2026-08-29 13:30:00;741452,72;3,93755
2026-08-29 13:35:00;741453;3,57129
2026-08-29 13:40:00;741453,31;3,70111
2026-08-29 13:45:00;741453,58;3,19389
2026-08-29 13:50:00;741453,85;3,27031
2026-08-29 13:55:00;741454,15;3,60943
2026-08-29 14:05:00;741454,7;3,19178
2026-08-29 14:10:00;741454,99;3,68284
2026-08-29 14:15:00;741455,28;3,36816
2026-08-29 14:20:00;741455,55;3,21909
2026-08-29 14:25:00;741455,88;4,21152
2026-08-29 14:30:00;741456,24;4,32539
2026-08-29 14:35:00;741456,52;3,31556
2026-08-29 14:40:00;741456,79;3,53479
2026-08-29 14:45:00;741457,1;3,59097
2026-08-29 14:50:00;741457,37;3,3188
2026-08-29 14:55:00;741457,63;3,12372
2026-08-29 15:00:00;741457,93;3,59913
2026-08-29 15:05:00;741458,21;3,12152
2026-08-29 15:10:00;741458,48;3,17953
2026-08-29 15:15:00;741458,76;3,58973
2026-08-29 15:20:00;741459,05;3,25695
2026-08-29 15:25:00;741459,34;3,69279
2026-08-29 15:30:00;741459,67;4,31933
2026-08-29 15:35:00;741459,99;3,52853
2026-08-29 15:40:00;741460,25;3,20425
2026-08-29 15:45:00;741460,53;3,42497
2026-08-29 15:50:00;741460,84;3,69065
2026-08-29 15:55:00;741461,12;3,21004
2026-08-29 16:05:00;741461,68;3,55745
2026-08-29 16:10:00;741461,96;3,14463
2026-08-29 16:15:00;741462,23;3,26238
2026-08-29 16:20:00;741462,51;3,55523
2026-08-29 16:25:00;741462,84;4,02807
2026-08-29 16:30:00;741463,16;3,73178
2026-08-29 16:35:00;741463,46;3,60812
2026-08-29 16:40:00;741463,76;3,66941
2026-08-29 16:45:00;741464,03;3,28608
2026-08-29 16:50:00;741464,31;3,26755
2026-08-29 16:55:00;741464,61;3,73454
2026-08-29 17:00:00;741464,92;3,74647
2026-08-29 17:05:00;741465,23;3,81882
2026-08-29 17:10:00;741465,54;3,77127
2026-08-29 17:15:00;741465,8;3,22079
2026-08-29 17:20:00;741466,06;3,11716
2026-08-29 17:25:00;741466,35;3,70937
2026-08-29 17:30:00;741466,66;3,7052
2026-08-29 17:35:00;741466,94;3,09393
2026-08-29 17:40:00;741467,21;3,23887
2026-08-29 17:45:00;741467,48;3,13979
2026-08-29 17:50:00;741467,75;3,19109
2026-08-29 17:55:00;741468,03;3,28589
2026-08-29 18:05:00;741468,88;5,34726
2026-08-29 18:10:00;741469,17;3,59293
2026-08-29 18:15:00;741469,47;3,46775
2026-08-29 18:20:00;741469,76;3,57457
2026-08-29 18:25:00;741470,08;4,18562
2026-08-29 18:30:00;741470,4;3,86513
2026-08-29 18:35:00;741470,71;3,59996
2026-08-29 18:40:00;741471,03;3,84195
2026-08-29 18:45:00;741471,37;4,19238
2026-08-29 18:50:00;741471,69;3,36551
2026-08-29 18:55:00;741471,97;3,37708
2026-08-29 19:00:00;741472,26;3,40512
2026-08-29 19:05:00;741472,54;3,36491
2026-08-29 19:10:00;741472,82;3,36849
2026-08-29 19:15:00;741473,1;3,4297
2026-08-29 19:20:00;741473,38;3,32669
2026-08-29 19:25:00;741473,67;4,02772
2026-08-29 19:30:00;741474;3,78369
2026-08-29 19:35:00;741474,31;3,59603
2026-08-29 19:40:00;741474,58;3,23167
2026-08-29 19:45:00;741474,86;3,30495
2026-08-29 19:50:00;741475,13;3,27124
2026-08-29 19:55:00;741475,41;3,34555
2026-08-29 20:05:00;741476,08;4,64928
2026-08-29 20:10:00;741476,46;4,5946
2026-08-29 20:15:00;741476,83;4,48155
2026-08-29 20:20:00;741477,2;4,52603
2026-08-29 20:25:00;741477,59;4,8812
2026-08-29 20:30:00;741478,03;5,23447
2026-08-29 20:35:00;741478,45;4,93625
2026-08-29 20:40:00;741478,83;4,61683
2026-08-29 20:45:00;741479,21;4,50123
2026-08-29 20:50:00;741479,6;4,8012
2026-08-29 20:55:00;741479,99;4,58461
2026-08-29 21:00:00;741480,37;4,52996
2026-08-29 21:05:00;741480,74;4,47981
2026-08-29 21:10:00;741481,15;5,02979
2026-08-29 21:15:00;741481,57;4,55873
2026-08-29 21:20:00;741481,94;4,49637
2026-08-29 21:25:00;741482,32;4,54575
2026-08-29 21:30:00;741482,7;4,59976
2026-08-29 21:35:00;741483,08;4,5762
2026-08-29 21:40:00;741483,46;4,58429
2026-08-29 21:45:00;741483,84;4,58147
2026-08-29 21:50:00;741484,22;4,49425
2026-08-29 21:55:00;741484,6;4,62978
2026-08-29 22:05:00;741485,37;4,57531
2026-08-29 22:10:00;741485,75;4,51838
2026-08-29 22:15:00;741486,13;4,49185
2026-08-29 22:20:00;741486,5;4,60302
2026-08-29 22:25:00;741486,88;4,44157
2026-08-29 22:30:00;741487,27;4,66407
2026-08-29 22:35:00;741487,65;4,57358
2026-08-29 22:40:00;741488,03;4,62962
2026-08-29 22:45:00;741488,42;4,63934
2026-08-29 22:50:00;741488,8;4,66737
2026-08-29 22:55:00;741489,19;4,65457
2026-08-29 23:00:00;741489,58;4,49907
2026-08-29 23:05:00;741489,95;4,5135
2026-08-29 23:10:00;741490,33;4,58437
2026-08-29 23:15:00;741490,71;4,58866
2026-08-29 23:20:00;741491,12;5,06558
2026-08-29 23:25:00;741491,54;4,90519
2026-08-29 23:30:00;741491,92;4,56013
2026-08-29 23:35:00;741492,3;4,62844
2026-08-29 23:40:00;741492,68;4,56771
2026-08-29 23:45:00;741493,07;4,61728
2026-08-29 23:50:00;741493,44;4,55252
2026-08-29 23:55:00;741493,83;4,69211
2026-08-30 00:00:00;741494,22;4,6942
2026-08-30 00:05:00;741494,61;4,64179
2026-08-30 00:10:00;741495;4,74718
2026-08-30 00:15:00;741495,4;4,72742
2026-08-30 00:20:00;741495,79;4,67851
2026-08-30 00:25:00;741496,19;4,64822
2026-08-30 00:30:00;741496,57;4,6978
2026-08-30 00:35:00;741496,96;4,60839
2026-08-30 00:40:00;741497,35;4,68878
2026-08-30 00:45:00;741497,73;4,61994
2026-08-30 00:50:00;741498,13;4,71866
2026-08-30 00:55:00;741498,52;4,74237
2026-08-30 01:00:00;741498,92;4,8617
2026-08-30 01:05:00;741499,32;4,77232
2026-08-30 01:10:00;741499,72;4,77827
2026-08-30 01:15:00;741500,12;4,67129
2026-08-30 01:20:00;741500,51;4,67441
2026-08-30 01:25:00;741500,89;4,57844
2026-08-30 01:30:00;741501,34;5,5111
2026-08-30 01:35:00;741501,74;4,71328
2026-08-30 01:40:00;741502,12;4,56716
2026-08-30 01:45:00;741502,51;4,71756
2026-08-30 01:50:00;741502,9;4,6301
2026-08-30 01:55:00;741503,29;4,79359
2026-08-30 02:00:00;741503,68;4,73631
2026-08-30 02:05:00;741504,11;5,10288
2026-08-30 02:10:00;741504,68;6,76227
2026-08-30 02:15:00;741505,16;4,75426
2026-08-30 02:20:00;741505,55;4,84009
2026-08-30 02:25:00;741505,94;4,63152
2026-08-30 02:30:00;741506,33;4,46853
2026-08-30 02:35:00;741506,7;4,51153
2026-08-30 02:40:00;741507,08;4,57956
2026-08-30 02:45:00;741507,46;4,71451
2026-08-30 02:50:00;741507,85;4,64105
2026-08-30 02:55:00;741508,23;4,54834
2026-08-30 03:00:00;741508,62;4,74135
2026-08-30 03:05:00;741509,01;4,62177
2026-08-30 03:10:00;741509,4;4,76926
2026-08-30 03:15:00;741509,78;4,51247
2026-08-30 03:20:00;741510,17;4,56747
2026-08-30 03:25:00;741510,54;4,51409
2026-08-30 03:30:00;741510,92;4,617
2026-08-30 03:35:00;741511,31;4,72023
2026-08-30 03:40:00;741511,75;5,4164
2026-08-30 03:45:00;741512,14;4,53328
2026-08-30 03:50:00;741512,52;4,62964
2026-08-30 03:55:00;741512,9;4,49338
2026-08-30 04:05:00;741513,67;4,53312
2026-08-30 04:10:00;741514,05;4,50453
2026-08-30 04:15:00;741514,43;4,61949
2026-08-30 04:20:00;741514,82;4,75174
2026-08-30 04:25:00;741515,21;4,71351
2026-08-30 04:30:00;741515,6;4,57412
2026-08-30 04:35:00;741515,98;4,60194
2026-08-30 04:40:00;741516,36;4,58223
2026-08-30 04:45:00;741516,73;4,54799
2026-08-30 04:50:00;741517,11;4,55965
2026-08-30 04:55:00;741517,49;4,4831
2026-08-30 05:00:00;741517,87;4,54514
2026-08-30 05:05:00;741518,25;4,69286
2026-08-30 05:10:00;741518,64;4,65851
2026-08-30 05:15:00;741519,03;4,72808
2026-08-30 05:20:00;741519,42;4,54837
2026-08-30 05:25:00;741519,81;4,5209
2026-08-30 05:30:00;741520,21;5,30682
2026-08-30 05:35:00;741520,62;4,4711
2026-08-30 05:40:00;741520,99;4,54497
2026-08-30 05:45:00;741521,36;4,49576
2026-08-30 05:50:00;741521,74;4,50843
2026-08-30 05:55:00;741522,17;5,3268
2026-08-30 06:05:00;741522,97;4,66797
2026-08-30 06:10:00;741523,35;4,61112
2026-08-30 06:15:00;741523,73;4,52565
2026-08-30 06:20:00;741524,11;4,61481
2026-08-30 06:25:00;741524,49;4,53261
2026-08-30 06:30:00;741524,88;4,64361
2026-08-30 06:35:00;741525,26;4,48823
2026-08-30 06:40:00;741525,64;4,56421
2026-08-30 06:45:00;741526,02;4,57351
2026-08-30 06:50:00;741526,41;4,57951
2026-08-30 06:55:00;741526,71;3,30845
2026-08-30 07:00:00;741526,99;3,31791
2026-08-30 07:05:00;741527,27;3,46597
2026-08-30 07:10:00;741527,55;3,32777
2026-08-30 07:15:00;741527,84;3,46956
2026-08-30 07:20:00;741528,12;3,46504
2026-08-30 07:25:00;741528,4;3,44927
2026-08-30 07:30:00;741528,68;3,22085
2026-08-30 07:35:00;741528,95;3,40074
2026-08-30 07:40:00;741529,23;3,37019
2026-08-30 07:45:00;741529,51;3,43409
2026-08-30 07:50:00;741529,78;3,24052
2026-08-30 07:55:00;741530,06;3,24593
2026-08-30 08:05:00;741530,67;4,13189
2026-08-30 08:10:00;741530,94;3,28004
2026-08-30 08:15:00;741531,21;3,18569
2026-08-30 08:20:00;741531,49;3,32763
2026-08-30 08:25:00;741531,77;3,38588
2026-08-30 08:30:00;741532,04;3,30978
2026-08-30 08:35:00;741532,31;3,20913
2026-08-30 08:40:00;741532,59;3,25817
2026-08-30 08:45:00;741532,86;3,16518
2026-08-30 08:50:00;741533,11;3,2394
2026-08-30 08:55:00;741533,37;3,04831
2026-08-30 09:00:00;741533,63;3,07599
2026-08-30 09:05:00;741533,89;3,04376
2026-08-30 09:10:00;741534,15;3,32402
2026-08-30 09:15:00;741534,42;3,2473
2026-08-30 09:20:00;741534,69;3,31472
2026-08-30 09:25:00;741534,96;3,16999
2026-08-30 09:30:00;741535,23;3,0895
2026-08-30 09:35:00;741535,48;3,0859
2026-08-30 09:40:00;741535,74;3,1317
2026-08-30 09:45:00;741536;3,11505
2026-08-30 09:50:00;741536,25;3,00441
2026-08-30 09:55:00;741536,51;3,06007
2026-08-30 10:05:00;741537,05;3,33856
2026-08-30 10:10:00;741537,32;3,31656
2026-08-30 10:15:00;741537,74;6,05702
2026-08-30 10:20:00;741538,21;5,02926
2026-08-30 10:25:00;741538,47;3,11343
2026-08-30 10:30:00;741538,73;3,13334
2026-08-30 10:35:00;741538,98;3,15612
2026-08-30 10:40:00;741539,23;2,99342
2026-08-30 10:45:00;741539,49;3,15871
2026-08-30 10:50:00;741539,75;3,02704
2026-08-30 10:55:00;741540,01;3,16119
2026-08-30 11:00:00;741540,26;3,00452
2026-08-30 11:05:00;741540,51;2,95707
2026-08-30 11:10:00;741540,76;3,00872
2026-08-30 11:15:00;741541,01;3,02807
2026-08-30 11:20:00;741541,26;3,08644
2026-08-30 11:25:00;741541,52;2,99261
2026-08-30 11:30:00;741541,78;3,03745
2026-08-30 11:35:00;741542,04;3,14014
2026-08-30 11:40:00;741542,29;3,0807
2026-08-30 11:45:00;741542,55;2,96115
2026-08-30 11:50:00;741542,8;3,04155
2026-08-30 11:55:00;741543,06;3,09835
2026-08-30 12:05:00;741543,56;3,02452
2026-08-30 12:10:00;741543,82;3,20012
2026-08-30 12:15:00;741544,08;3,05058
2026-08-30 12:20:00;741544,35;3,34694
2026-08-30 12:25:00;741544,62;3,15151
2026-08-30 12:35:00;741545,21;3,20934
2026-08-30 12:40:00;741545,47;3,16601
2026-08-30 12:45:00;741545,73;3,10928
2026-08-30 12:50:00;741546;3,16301
2026-08-30 12:55:00;741546,26;3,15077
2026-08-30 13:00:00;741546,53;3,2446
2026-08-30 13:05:00;741546,79;3,15883
2026-08-30 13:10:00;741547,06;3,25333
2026-08-30 13:15:00;741547,34;3,33592
2026-08-30 13:20:00;741547,61;3,19381
2026-08-30 13:25:00;741547,88;3,31048
2026-08-30 13:30:00;741548,15;3,19375
2026-08-30 13:35:00;741548,42;3,38021
2026-08-30 13:40:00;741548,74;3,92192
2026-08-30 13:45:00;741549,02;3,24437
2026-08-30 13:50:00;741549,28;3,08983
2026-08-30 13:55:00;741549,55;3,11338
2026-08-30 14:05:00;741550,09;3,21693
2026-08-30 14:10:00;741550,35;3,12149
2026-08-30 14:15:00;741550,62;3,26295
2026-08-30 14:20:00;741550,9;3,30545
2026-08-30 14:25:00;741551,18;3,34956
2026-08-30 14:30:00;741551,45;3,15897
2026-08-30 14:35:00;741551,71;3,08379
2026-08-30 14:40:00;741551,97;3,17581
2026-08-30 14:45:00;741552,23;3,38548
2026-08-30 14:50:00;741552,5;3,20762
2026-08-30 14:55:00;741552,76;3,11753
2026-08-30 15:00:00;741553,02;3,23774
2026-08-30 15:05:00;741553,28;3,12018
2026-08-30 15:10:00;741553,55;3,11257
2026-08-30 15:15:00;741553,81;3,08026
2026-08-30 15:20:00;741554,07;3,10953
2026-08-30 15:25:00;741554,33;3,0984
2026-08-30 15:30:00;741554,59;3,1352
2026-08-30 15:35:00;741554,85;3,15163
2026-08-30 15:40:00;741555,11;3,24637
2026-08-30 15:45:00;741555,38;3,19366
2026-08-30 15:50:00;741555,64;3,16445
2026-08-30 15:55:00;741555,92;3,32609
2026-08-30 16:00:00;741556,17;3,12411
2026-08-30 16:05:00;741556,44;3,12554
2026-08-30 16:10:00;741556,69;3,0376
2026-08-30 16:15:00;741556,94;3,09214
2026-08-30 16:20:00;741557,2;3,10778
2026-08-30 16:25:00;741557,47;3,13321
2026-08-30 16:30:00;741557,74;3,2581
2026-08-30 16:35:00;741558,01;3,31774
2026-08-30 16:40:00;741558,28;3,22354
2026-08-30 16:45:00;741558,55;3,07515
2026-08-30 16:50:00;741558,81;3,20139
2026-08-30 16:55:00;741559,07;3,13121
2026-08-30 17:00:00;741559,33;3,17779
2026-08-30 17:05:00;741559,58;3,10258
2026-08-30 17:10:00;741559,85;3,15628
2026-08-30 17:15:00;741560,11;3,19889
2026-08-30 17:20:00;741560,37;3,12332
2026-08-30 17:25:00;741560,64;3,12627
2026-08-30 17:30:00;741560,91;3,21058
2026-08-30 17:35:00;741561,17;3,22429
2026-08-30 17:40:00;741561,44;3,16967
2026-08-30 17:45:00;741561,71;3,21871
2026-08-30 17:50:00;741561,97;3,067
2026-08-30 17:55:00;741562,23;3,27625
2026-08-30 18:00:00;741562,49;3,05659
2026-08-30 18:05:00;741562,75;3,06148
2026-08-30 18:10:00;741563,01;3,13619
2026-08-30 18:15:00;741563,27;3,11093
2026-08-30 18:20:00;741563,54;3,11573
2026-08-30 18:25:00;741563,96;4,91342
2026-08-30 18:30:00;741564,31;3,33885
2026-08-30 18:35:00;741564,58;3,25265
2026-08-30 18:40:00;741564,85;3,23367
2026-08-30 18:45:00;741565,13;3,26423
2026-08-30 18:50:00;741565,4;3,35781
2026-08-30 18:55:00;741565,67;3,15079
2026-08-30 19:00:00;741565,94;3,14128
2026-08-30 19:05:00;741566,2;3,28438
2026-08-30 19:10:00;741566,48;3,2626
2026-08-30 19:15:00;741566,76;3,33126
2026-08-30 19:20:00;741567,03;3,257
2026-08-30 19:25:00;741567,31;3,39882
2026-08-30 19:30:00;741567,59;3,38941
2026-08-30 19:35:00;741567,86;3,22387
2026-08-30 19:40:00;741568,13;3,18873
2026-08-30 19:45:00;741568,41;3,26431
2026-08-30 19:50:00;741568,67;3,22282
2026-08-30 19:55:00;741568,94;3,12599
2026-08-30 20:00:00;741569,24;4,71616
2026-08-30 20:05:00;741569,63;4,70218
2026-08-30 20:10:00;741570,02;4,75523
2026-08-30 20:15:00;741570,41;4,60294
2026-08-30 20:20:00;741570,79;4,60803
2026-08-30 20:25:00;741571,18;4,60768
2026-08-30 20:30:00;741571,57;4,68849
2026-08-30 20:35:00;741571,95;4,59188
2026-08-30 20:40:00;741572,34;4,6288
2026-08-30 20:45:00;741572,73;4,8031
2026-08-30 20:50:00;741573,12;4,62086
2026-08-30 20:55:00;741573,52;4,7298
2026-08-30 21:00:00;741573,9;4,6759
2026-08-30 21:05:00;741574,29;4,65847
2026-08-30 21:10:00;741574,67;4,53864
2026-08-30 21:15:00;741575,06;4,62229
2026-08-30 21:20:00;741575,44;4,55948
2026-08-30 21:25:00;741575,82;4,57816
2026-08-30 21:30:00;741576,21;4,69296
2026-08-30 21:35:00;741576,59;4,57905
2026-08-30 21:40:00;741576,98;4,61209
2026-08-30 21:45:00;741577,37;4,67201
2026-08-30 21:50:00;741577,81;5,27196
2026-08-30 21:55:00;741578,2;4,65013
2026-08-30 22:00:00;741578,59;4,54166
2026-08-30 22:05:00;741578,97;4,63796
2026-08-30 22:10:00;741579,35;4,64371
2026-08-30 22:15:00;741579,73;4,58192
2026-08-30 22:20:00;741580,11;4,54939
2026-08-30 22:25:00;741580,49;4,61841
2026-08-30 22:30:00;741580,86;4,44936
2026-08-30 22:35:00;741581,24;4,60278
2026-08-30 22:40:00;741581,63;4,66334
2026-08-30 22:45:00;741582,02;4,6472
2026-08-30 22:50:00;741582,41;4,76733
2026-08-30 22:55:00;741582,8;4,64195
2026-08-30 23:00:00;741583,2;4,71325
2026-08-30 23:05:00;741583,58;4,63922
2026-08-30 23:10:00;741583,96;4,59672
2026-08-30 23:15:00;741584,39;4,46954
2026-08-30 23:20:00;741584,77;4,50143
2026-08-30 23:25:00;741585,14;4,47321
2026-08-30 23:30:00;741585,53;4,6576
2026-08-30 23:35:00;741585,91;4,69567
2026-08-30 23:40:00;741586,31;4,65109
2026-08-30 23:45:00;741586,7;4,7847
2026-08-30 23:50:00;741587,09;4,64949
2026-08-31 00:05:00;741588,24;4,49526
2026-08-31 00:10:00;741588,62;4,60375
2026-08-31 00:15:00;741589;4,61762
2026-08-31 00:20:00;741589,39;4,72187
2026-08-31 00:25:00;741589,77;4,63784
2026-08-31 00:30:00;741590,17;4,77822
2026-08-31 00:35:00;741590,56;4,68907
2026-08-31 00:40:00;741590,95;4,82366
2026-08-31 00:45:00;741591,35;4,68463
2026-08-31 00:50:00;741591,74;4,72353
2026-08-31 00:55:00;741592,13;4,61589
2026-08-31 01:00:00;741592,52;4,66708
2026-08-31 01:05:00;741592,91;4,71924
2026-08-31 01:10:00;741593,31;4,76579
2026-08-31 01:15:00;741593,7;4,82398
2026-08-31 01:20:00;741594,09;4,61664
2026-08-31 01:25:00;741594,48;4,66475
2026-08-31 01:35:00;741595,25;4,67738
2026-08-31 01:40:00;741595,64;4,61377
2026-08-31 01:45:00;741596,03;4,65233
2026-08-31 01:50:00;741596,42;4,65875
2026-08-31 02:00:00;741597,21;4,65795
2026-08-31 02:05:00;741597,6;4,66821
2026-08-31 02:10:00;741597,99;4,7233
2026-08-31 02:15:00;741598,38;4,63902
2026-08-31 02:20:00;741598,77;4,71625
2026-08-31 02:25:00;741599,15;4,64242
2026-08-31 02:35:00;741600,21;6,66469
2026-08-31 02:40:00;741600,61;4,68535
2026-08-31 02:50:00;741601,4;4,69527
2026-08-31 02:55:00;741601,8;4,90041
2026-08-31 03:00:00;741602,2;4,82532
2026-08-31 03:05:00;741602,6;4,76751
2026-08-31 03:10:00;741603;4,65702
2026-08-31 03:15:00;741603,39;4,79372
2026-08-31 03:20:00;741603,78;4,66591
2026-08-31 03:25:00;741604,17;4,57277
2026-08-31 03:30:00;741604,55;4,55893
2026-08-31 03:35:00;741604,93;4,52052
2026-08-31 03:40:00;741605,32;4,72143
2026-08-31 03:50:00;741606,11;4,81634
2026-08-31 03:55:00;741606,51;4,7477
2026-08-31 04:00:00;741606,91;4,82258
2026-08-31 04:05:00;741607,3;4,84539
2026-08-31 04:10:00;741607,69;4,65226
2026-08-31 04:15:00;741608,08;4,551
2026-08-31 04:20:00;741608,46;4,6001
2026-08-31 04:25:00;741608,84;4,62538
2026-08-31 04:30:00;741609,23;4,61121
2026-08-31 04:35:00;741609,62;4,73567
2026-08-31 04:40:00;741610,01;4,64578
2026-08-31 04:45:00;741610,41;4,82382
2026-08-31 04:50:00;741610,8;4,75392
2026-08-31 04:55:00;741611,19;4,69994
2026-08-31 05:00:00;741611,58;4,58991
2026-08-31 05:05:00;741611,96;4,59377
2026-08-31 05:10:00;741612,35;4,69965
2026-08-31 05:15:00;741612,74;4,57081
2026-08-31 05:20:00;741613,12;4,62358
2026-08-31 05:25:00;741613,52;4,69168
2026-08-31 05:30:00;741613,91;4,81776
2026-08-31 05:35:00;741614,3;4,64269
2026-08-31 05:40:00;741614,7;4,70035
2026-08-31 05:45:00;741615,08;4,64568
2026-08-31 05:50:00;741615,49;5,3571
2026-08-31 06:00:00;741616,36;4,92988
2026-08-31 06:05:00;741618,4;48,26975
2026-08-31 06:10:00;741622,25;54,97124
2026-08-31 06:15:00;741626,08;60,29554
2026-08-31 06:20:00;741629,65;47,41204
2026-08-31 06:25:00;741633,12;35,16841
2026-08-31 06:30:00;741635,61;26,0836
2026-08-31 06:35:00;741638,6;40,67242
2026-08-31 06:40:00;741641,35;32,52828
2026-08-31 06:45:00;741644,29;32,07354
2026-08-31 06:50:00;741647,61;33,63595
2026-08-31 06:55:00;741650,55;51,62943
2026-08-31 07:00:00;741653,52;32,76673
2026-08-31 07:05:00;741656,49;34,74785
2026-08-31 07:10:00;741659,17;25,8964
2026-08-31 07:15:00;741662,44;33,75799
2026-08-31 07:20:00;741665,21;17,51339
2026-08-31 07:25:00;741669,14;52,74012
2026-08-31 07:30:00;741673,08;31,00012
2026-08-31 07:35:00;741677,69;57,11654
2026-08-31 07:40:00;741683,04;55,94345
2026-08-31 07:45:00;741688,35;53,92332
2026-08-31 07:50:00;741692,91;62,6235
2026-08-31 08:00:00;741702,27;70,59628
2026-08-31 08:05:00;741707,11;71,28891
2026-08-31 08:10:00;741711,86;69,88412
2026-08-31 08:15:00;741716,74;71,58158
2026-08-31 08:20:00;741721,61;68,41523
2026-08-31 08:25:00;741725,98;70,74756
2026-08-31 08:30:00;741730,59;64,47325
2026-08-31 08:35:00;741734,99;50,78977
2026-08-31 08:40:00;741739,83;53,73446
2026-08-31 08:45:00;741744,39;50,65294
2026-08-31 08:50:00;741749,35;52,4045
2026-08-31 08:55:00;741754,56;51,28707
2026-08-31 09:00:00;741759,23;58,79079
2026-08-31 09:05:00;741764,17;68,11391
2026-08-31 09:10:00;741768,81;71,8092
2026-08-31 09:15:00;741773,61;53,3108
2026-08-31 09:20:00;741778,11;49,04627
2026-08-31 09:25:00;741783,01;52,30337
2026-08-31 09:30:00;741787,4;54,82637
2026-08-31 09:35:00;741792,1;50,36813
2026-08-31 09:40:00;741796,82;53,25155
2026-08-31 09:45:00;741801,56;54,39055
2026-08-31 09:50:00;741806,19;69,03283
2026-08-31 09:55:00;741810,92;54,26448
2026-08-31 10:00:00;741815,72;33,15882
2026-08-31 10:05:00;741820,64;60,40835
2026-08-31 10:10:00;741825,18;67,20071
2026-08-31 10:15:00;741829,98;58,08448
2026-08-31 10:20:00;741834,87;50,39264
2026-08-31 10:25:00;741839,87;69,40382
2026-08-31 10:30:00;741844,73;68,73453
2026-08-31 10:35:00;741849,6;46,19333
2026-08-31 10:40:00;741855,08;54,17796
2026-08-31 10:45:00;741860,3;62,30412
2026-08-31 10:50:00;741865,65;71,81997
2026-08-31 10:55:00;741870,86;60,32266
2026-08-31 11:00:00;741876,23;55,91162
2026-08-31 11:05:00;741881,43;66,96312
2026-08-31 11:10:00;741887,26;76,73906
2026-08-31 11:15:00;741892,93;59,61266
2026-08-31 11:20:00;741898,97;82,90934
2026-08-31 11:25:00;741905,41;79,96326
2026-08-31 11:30:00;741911,3;80,14581
2026-08-31 11:35:00;741917,05;58,51838
2026-08-31 11:40:00;741922,63;75,76114
2026-08-31 11:45:00;741927,76;77,31209
2026-08-31 11:50:00;741933,18;56,9872
2026-08-31 12:00:00;741944,06;76,86976
2026-08-31 12:05:00;741949,32;59,91221
2026-08-31 12:10:00;741954,77;43,92094
2026-08-31 12:15:00;741960,15;74,87545
2026-08-31 12:20:00;741965,84;58,43992
2026-08-31 12:25:00;741971,3;76,80274
2026-08-31 12:30:00;741977,07;59,73379
2026-08-31 12:35:00;741982,3;73,98523
2026-08-31 12:40:00;741987,9;57,5577
2026-08-31 12:45:00;741993,17;74,21638
2026-08-31 12:50:00;741998,57;54,51725
2026-08-31 12:55:00;742004,22;73,86864
2026-08-31 13:00:00;742010,38;91,23146
2026-08-31 13:05:00;742016,91;68,09092
2026-08-31 13:10:00;742022,37;69,92698
2026-08-31 13:15:00;742028,03;63,51886
2026-08-31 13:20:00;742033,98;75,44776
2026-08-31 13:25:00;742039,44;72,52306
2026-08-31 13:30:00;742045,44;62,11743
2026-08-31 13:35:00;742050,86;76,55883
2026-08-31 13:40:00;742056,11;69,88965
2026-08-31 13:45:00;742061,59;63,04426
2026-08-31 13:50:00;742067,09;42,60989
2026-08-31 14:00:00;742078,02;69,8475
2026-08-31 14:05:00;742083,36;76,12242
2026-08-31 14:10:00;742089,01;61,11544
2026-08-31 14:15:00;742094,7;75,01444
2026-08-31 14:20:00;742100,02;79,04652
2026-08-31 14:25:00;742105,32;76,30907
2026-08-31 14:30:00;742110,34;72,41202
2026-08-31 14:35:00;742115,28;49,60042
2026-08-31 14:40:00;742120,39;54,57229
2026-08-31 14:45:00;742125,26;55,20076
2026-08-31 14:50:00;742130,52;61,85794
2026-08-31 14:55:00;742136,15;74,06973
2026-08-31 15:00:00;742141,43;77,32095
2026-08-31 15:05:00;742146,74;74,14159
2026-08-31 15:10:00;742151,81;68,92021
2026-08-31 15:15:00;742157,07;61,0692
2026-08-31 15:20:00;742161,37;66,20101
2026-08-31 15:25:00;742166,26;67,59962
2026-08-31 15:30:00;742170,89;70,19855
2026-08-31 15:35:00;742175,47;54,90522
2026-08-31 15:40:00;742180,24;57,01459
2026-08-31 15:45:00;742184,96;69,25342
2026-08-31 15:50:00;742189,77;64,96586
2026-08-31 15:55:00;742194,68;68,74153
2026-08-31 16:00:00;742200,51;57,47913
2026-08-31 16:05:00;742205,35;52,90122
2026-08-31 16:10:00;742210,28;78,4098
2026-08-31 16:15:00;742216,13;78,97948
2026-08-31 16:20:00;742221,7;73,1803
2026-08-31 16:25:00;742227,34;70,18671
2026-08-31 16:30:00;742232,14;47,64121
2026-08-31 16:35:00;742236,8;65,78422
2026-08-31 16:40:00;742241,43;66,86196
2026-08-31 16:45:00;742246,1;68,03946
2026-08-31 16:50:00;742250,37;32,67548
2026-08-31 16:55:00;742255,11;59,65649
2026-08-31 17:00:00;742260,36;73,39514
2026-08-31 17:05:00;742265,7;72,17376
2026-08-31 17:10:00;742271,41;82,49779
2026-08-31 17:15:00;742277,53;81,28916
2026-08-31 17:20:00;742283,61;78,0043
2026-08-31 17:25:00;742289,65;52,06054
2026-08-31 17:30:00;742295,71;63,06579
2026-08-31 17:35:00;742301,39;68,20435
2026-08-31 17:40:00;742307,39;76,72805
2026-08-31 17:45:00;742313,25;79,90616
2026-08-31 17:50:00;742319,12;76,59703
2026-08-31 18:00:00;742330,74;49,64072
2026-08-31 18:05:00;742336,64;63,41899
2026-08-31 18:10:00;742342,27;74,64572
2026-08-31 18:15:00;742348,14;78,0836
2026-08-31 18:20:00;742353,89;77,89444
2026-08-31 18:25:00;742359,88;73,63472
2026-08-31 18:30:00;742365,54;59,79567
2026-08-31 18:35:00;742371,01;49,23725
2026-08-31 18:40:00;742376,55;67,31244
2026-08-31 18:45:00;742382,1;79,40617
2026-08-31 18:50:00;742387,75;73,98161
2026-08-31 18:55:00;742393,26;69,31287
2026-08-31 19:00:00;742398,95;58,64347
2026-08-31 19:05:00;742404,28;56,6708
2026-08-31 19:10:00;742409,61;52,46966
2026-08-31 19:15:00;742415,03;66,12027
2026-08-31 19:20:00;742420,35;75,24311
2026-08-31 19:25:00;742425,97;73,92785
2026-08-31 19:30:00;742431,29;71,25873
2026-08-31 19:35:00;742435,83;61,04178
2026-08-31 19:40:00;742439,49;46,42664
2026-08-31 19:45:00;742443,73;55,64586
2026-08-31 19:50:00;742447,71;42,67756
2026-08-31 20:00:00;742455,51;62,3971
2026-08-31 20:05:00;742459,18;26,98855
2026-08-31 20:10:00;742463,32;44,79117
2026-08-31 20:15:00;742467,19;56,94048
2026-08-31 20:20:00;742471,17;43,67695
2026-08-31 20:25:00;742475;47,85999
2026-08-31 20:30:00;742479,26;58,79396
2026-08-31 20:35:00;742482,63;41,6689
2026-08-31 20:40:00;742486,66;52,90956
2026-08-31 20:45:00;742490,37;41,56187
2026-08-31 20:50:00;742493,86;30,54888
2026-08-31 20:55:00;742497,99;61,55555
2026-08-31 21:00:00;742501,45;25,59615
2026-08-31 21:05:00;742505,62;46,58287
2026-08-31 21:10:00;742509,21;28,0931
2026-08-31 21:15:00;742513,11;41,5171
2026-08-31 21:20:00;742516,69;51,9494
2026-08-31 21:25:00;742520,5;44,17306
2026-08-31 21:30:00;742523,92;57,74091
2026-08-31 21:35:00;742527,57;39,30537
2026-08-31 21:40:00;742530,79;54,73754
2026-08-31 21:45:00;742533,9;34,57657
2026-08-31 21:50:00;742535,19;15,00357
2026-08-31 22:00:00;742536,61;6,56213
2026-08-31 22:05:00;742537,15;6,54514
2026-08-31 22:10:00;742537,72;6,81689
2026-08-31 22:15:00;742538,32;7,0674
2026-08-31 22:20:00;742538,88;6,70016
2026-08-31 22:25:00;742539,43;6,484
2026-08-31 22:30:00;742539,98;6,55219
2026-08-31 22:35:00;742540,52;6,58548
2026-08-31 22:40:00;742541,07;6,61103
2026-08-31 22:45:00;742541,64;6,93185
2026-08-31 22:50:00;742542,21;6,94941
2026-08-31 22:55:00;742542,77;6,57225
2026-08-31 23:00:00;742543,32;6,82204
2026-08-31 23:05:00;742543,88;6,62466
2026-08-31 23:10:00;742544,42;6,41674
2026-08-31 23:15:00;742544,99;6,77521
2026-08-31 23:20:00;742545,52;6,38656
2026-08-31 23:25:00;742546,08;6,76372
2026-08-31 23:30:00;742546,62;6,39238
2026-08-31 23:35:00;742547,17;6,78857
2026-08-31 23:40:00;742547,72;6,37555
2026-08-31 23:45:00;742548,26;6,82088
2026-08-31 23:50:00;742548,83;6,56597
2026-09-01 00:00:00;742549,94;6,89669
